team,media_home_goals,media_sofridos_home_goals,media_home_corners,media_sofridos_home_corners,media_home_shots-off-target,media_sofridos_home_shots-off-target,media_home_shots-total,media_sofridos_home_shots-total,media_home_attacks,media_sofridos_home_attacks,media_home_dangerous-attacks,media_sofridos_home_dangerous-attacks,media_home_ball-possession,media_sofridos_home_ball-possession,media_home_penalties,media_sofridos_home_penalties,media_home_shots-insidebox,media_sofridos_home_shots-insidebox,media_home_shots-outsidebox,media_sofridos_home_shots-outsidebox,media_home_offsides,media_sofridos_home_offsides,media_home_goals-kicks,media_sofridos_home_goals-kicks,media_home_goal-attempts,media_sofridos_home_goal-attempts,media_home_fouls,media_sofridos_home_fouls,media_home_saves,media_sofridos_home_saves,media_home_yellowcards,media_sofridos_home_yellowcards,media_prob_home_home_pinacle,media_prob_home_draw_pinacle,media_prob_home_away_pinacle,media_prob_home_btts_pinacle,media_prob_home_no_btts_pinacle,media_prob_home_over_pinnacle_2,media_prob_home_under_pinnacle_2,media_prob_home_over_pinnacle_2_25,media_prob_home_under_pinnacle_2_25,media_prob_home_over_pinnacle_2_5,media_prob_home_under_pinnacle_2_5,media_prob_home_bet365_home,media_prob_home_bet365_draw,media_prob_home_bet365_away,media_prob_home_btts_bet365_no,media_prob_home_btts_bet365_yes,media_prob_home_over_bet365_2_0,media_prob_home_under_bet365_2_0,"media_prob_home_over_bet365_2_0, 2_5","media_prob_home_under_bet365_2_0, 2_5",media_prob_home_over_bet365_2_5,media_prob_home_under_bet365_2_5,name_league,ano,media_sofridos_away_goals,media_away_goals,media_sofridos_away_corners,media_away_corners,media_sofridos_away_shots-off-target,media_away_shots-off-target,media_sofridos_away_shots-total,media_away_shots-total,media_sofridos_away_attacks,media_away_attacks,media_sofridos_away_dangerous-attacks,media_away_dangerous-attacks,media_sofridos_away_ball-possession,media_away_ball-possession,media_sofridos_away_penalties,media_away_penalties,media_sofridos_away_shots-insidebox,media_away_shots-insidebox,media_sofridos_away_shots-outsidebox,media_away_shots-outsidebox,media_sofridos_away_offsides,media_away_offsides,media_sofridos_away_goals-kicks,media_away_goals-kicks,media_sofridos_away_goal-attempts,media_away_goal-attempts,media_sofridos_away_fouls,media_away_fouls,media_sofridos_away_saves,media_away_saves,media_sofridos_away_yellowcards,media_away_yellowcards,media_prob_away_home_pinacle,media_prob_away_draw_pinacle,media_prob_away_away_pinacle,media_prob_away_btts_pinacle,media_prob_away_no_btts_pinacle,media_prob_away_over_pinnacle_2,media_prob_away_under_pinnacle_2,media_prob_away_over_pinnacle_2_25,media_prob_away_under_pinnacle_2_25,media_prob_away_over_pinnacle_2_5,media_prob_away_under_pinnacle_2_5,media_prob_away_bet365_home,media_prob_away_bet365_draw,media_prob_away_bet365_away,media_prob_away_btts_bet365_no,media_prob_away_btts_bet365_yes,media_prob_away_over_bet365_2_0,media_prob_away_under_bet365_2_0,"media_prob_away_over_bet365_2_0, 2_5","media_prob_away_under_bet365_2_0, 2_5",media_prob_away_over_bet365_2_5,media_prob_away_under_bet365_2_5
Atlético Mineiro,1.88,1.12,6.95,3.84,6.58,4.26,17.68,10.0,99.26,82.58,52.79,34.26,54.89,45.11,0.0,1.0,10.21,5.84,7.37,4.05,1.67,0.83,7.16,9.63,11.05,7.21,13.79,11.32,2.26,3.89,2.42,2.53,0.5,0.29,0.24,0.48,0.56,0.55,0.49,0.51,0.53,0.51,0.53,0.51,0.29,0.25,0.58,0.49,0.53,0.51,0.51,0.53,0.52,0.53,Brasileirao Betano Serie A,2025,1.53,0.76,5.74,4.79,5.63,4.79,14.79,12.42,89.21,95.26,37.37,39.26,46.63,53.37,0.5,0.5,8.11,6.32,6.74,6.11,1.44,2.0,6.79,7.26,9.67,8.22,14.68,12.53,2.95,3.58,2.63,2.47,0.44,0.31,0.29,0.47,0.57,0.53,0.5,0.5,0.54,0.48,0.55,0.44,0.31,0.3,0.59,0.48,0.53,0.51,0.5,0.54,0.52,0.52
Bahia,1.74,0.74,5.26,3.42,5.68,4.21,15.84,9.95,97.63,83.26,53.26,32.58,56.95,43.05,1.0,0.2,9.74,5.42,6.11,4.58,1.24,1.18,6.53,7.79,10.26,7.0,12.53,13.95,2.42,3.89,2.16,2.95,0.55,0.26,0.23,0.5,0.54,0.54,0.5,0.52,0.51,0.51,0.52,0.55,0.27,0.23,0.56,0.51,0.55,0.5,0.53,0.51,0.51,0.53,Brasileirao Betano Serie A,2025,1.78,0.94,6.05,4.21,5.84,5.63,15.21,11.95,90.68,83.16,48.79,40.05,46.53,53.47,0.8,0.2,9.89,7.0,5.32,4.84,2.16,1.21,7.26,7.79,9.72,8.5,13.47,11.79,2.89,3.47,2.89,2.56,0.45,0.3,0.29,0.51,0.53,0.54,0.5,0.51,0.52,0.51,0.53,0.45,0.3,0.3,0.55,0.52,0.54,0.51,0.51,0.54,0.5,0.54
Botafogo,2.17,1.33,5.58,3.79,6.37,4.79,16.42,11.16,94.05,85.21,44.11,32.42,52.79,47.21,0.5,0.5,10.37,5.58,5.32,5.16,1.83,1.56,6.47,8.53,11.94,7.5,14.0,10.16,2.16,4.32,2.37,3.11,0.56,0.27,0.21,0.48,0.56,0.53,0.5,0.51,0.52,0.52,0.52,0.57,0.27,0.21,0.58,0.49,0.53,0.51,0.51,0.53,0.51,0.53,Brasileirao Betano Serie A,2025,0.93,1.27,5.11,4.11,5.53,5.21,12.74,12.21,95.53,93.37,42.89,37.63,49.26,50.74,0.5,0.5,7.58,7.63,5.11,4.58,1.83,0.89,7.47,7.68,8.37,8.37,12.16,15.32,2.79,2.79,2.05,2.53,0.42,0.31,0.31,0.5,0.55,0.53,0.5,0.51,0.53,0.49,0.54,0.43,0.31,0.32,0.56,0.51,0.53,0.51,0.51,0.53,0.49,0.55
Bragantino,1.42,1.26,5.21,4.84,6.11,4.53,15.21,12.05,95.26,91.68,45.32,40.58,48.89,51.11,0.75,0.25,9.26,6.79,5.84,5.26,1.28,1.0,6.95,9.89,10.37,8.21,13.42,12.37,3.42,3.21,2.58,2.47,0.44,0.3,0.29,0.51,0.53,0.54,0.49,0.51,0.52,0.5,0.53,0.45,0.3,0.3,0.56,0.51,0.53,0.51,0.51,0.53,0.51,0.53,Brasileirao Betano Serie A,2025,1.74,0.95,6.37,4.11,7.16,3.74,17.26,9.53,104.26,87.74,47.21,35.0,53.37,46.63,0.4,0.6,10.68,5.79,6.58,3.68,1.79,1.68,6.26,8.95,11.78,6.67,13.95,15.0,2.47,3.63,2.47,3.26,0.53,0.28,0.23,0.51,0.53,0.55,0.49,0.51,0.52,0.52,0.52,0.54,0.29,0.23,0.56,0.51,0.55,0.49,0.51,0.52,0.51,0.53
Ceará,1.05,0.95,4.84,5.53,5.68,4.37,13.26,10.68,89.68,95.37,38.63,45.0,43.47,56.53,1.0,0.0,7.58,5.95,5.63,4.74,2.53,1.68,7.32,6.42,9.22,8.33,14.0,15.84,2.89,3.21,2.11,3.05,0.42,0.32,0.3,0.47,0.57,0.52,0.52,0.49,0.55,,,0.42,0.32,0.31,0.6,0.48,0.52,0.53,0.5,0.54,,,Brasileirao Betano Serie A,2025,1.29,0.82,5.79,3.89,5.58,4.74,13.32,10.42,102.94,77.61,46.72,26.06,59.63,40.37,1.0,0.0,7.42,6.05,5.05,4.16,2.76,2.29,6.53,9.47,10.05,8.16,12.47,13.11,3.05,3.11,2.0,2.61,0.55,0.28,0.2,0.46,0.58,0.54,0.5,0.5,0.53,0.53,0.53,0.56,0.29,0.21,0.6,0.47,0.52,0.53,0.5,0.54,0.5,0.54
Corinthians,1.59,1.06,5.32,4.37,5.84,4.42,13.58,10.37,101.78,81.28,46.39,31.44,57.74,42.26,0.56,0.44,9.11,5.84,4.58,4.53,2.31,1.69,6.84,8.47,9.06,7.39,13.95,16.05,2.11,2.74,2.42,3.42,0.46,0.31,0.26,0.47,0.57,0.52,0.52,0.51,0.53,0.5,0.53,0.47,0.31,0.27,0.6,0.48,0.51,0.53,0.5,0.54,0.5,0.54,Brasileirao Betano Serie A,2025,1.61,0.83,4.68,4.0,5.63,3.84,14.11,9.37,88.21,92.21,38.0,32.37,46.37,53.63,0.83,0.17,8.21,5.63,5.89,3.74,2.06,1.29,5.32,8.05,8.84,6.42,18.0,14.26,2.26,2.68,3.63,3.26,0.46,0.31,0.26,0.46,0.58,0.52,0.51,0.5,0.53,0.49,0.55,0.48,0.31,0.27,0.61,0.47,0.52,0.52,0.5,0.54,0.51,0.52
Cruzeiro,2.06,0.82,6.63,4.58,6.42,4.11,15.0,10.26,90.42,90.89,48.26,36.16,48.11,51.89,0.67,0.33,8.89,6.16,6.16,4.11,1.32,1.32,6.53,9.63,10.33,7.11,14.26,13.16,2.89,3.95,2.94,3.22,0.55,0.27,0.21,0.47,0.57,0.52,0.51,0.51,0.52,0.51,0.52,0.56,0.28,0.22,0.59,0.49,0.52,0.52,0.51,0.53,0.53,0.52,Brasileirao Betano Serie A,2025,1.13,1.33,5.47,5.0,6.68,4.79,15.11,12.05,100.21,87.53,51.37,36.68,52.68,47.32,,,9.21,6.53,5.79,5.42,1.37,1.68,6.84,9.21,10.26,8.11,15.21,13.68,3.16,3.42,2.53,2.84,0.43,0.3,0.3,0.48,0.56,0.53,0.5,0.51,0.52,0.5,0.54,0.44,0.31,0.31,0.58,0.49,0.53,0.51,0.51,0.53,0.51,0.53
Flamengo,2.71,0.47,6.53,3.84,5.84,3.47,17.05,8.32,111.56,62.39,56.06,27.72,62.05,37.95,0.86,0.14,10.74,4.68,6.21,3.68,1.24,1.41,4.53,7.89,11.11,5.94,13.89,12.58,2.26,3.89,2.0,2.47,0.71,0.21,0.12,0.43,0.61,0.53,0.5,0.51,0.53,0.52,0.52,0.71,0.22,0.13,0.63,0.44,0.53,0.51,0.51,0.54,0.51,0.53,Brasileirao Betano Serie A,2025,1.06,1.78,3.68,5.68,4.21,5.84,10.63,13.84,72.16,113.53,32.16,57.63,37.84,62.16,0.6,0.6,6.05,9.11,4.63,4.74,1.94,1.24,7.84,5.89,7.63,9.79,13.26,13.16,2.95,2.74,2.67,2.56,0.23,0.28,0.52,0.46,0.58,0.53,0.5,0.51,0.53,0.52,0.52,0.24,0.28,0.54,0.6,0.47,0.54,0.5,0.51,0.53,0.5,0.54
Fluminense,1.63,0.58,5.37,3.58,5.95,3.58,14.58,8.84,103.11,88.68,50.16,34.16,53.84,46.16,0.75,0.25,9.63,5.58,4.89,3.26,0.84,1.89,5.74,7.53,9.74,5.84,13.16,14.68,1.95,3.21,1.89,2.89,0.53,0.29,0.22,0.44,0.6,0.52,0.52,0.5,0.54,0.52,0.53,0.54,0.3,0.22,0.62,0.46,0.52,0.52,0.5,0.54,0.5,0.54,Brasileirao Betano Serie A,2025,1.75,1.19,6.16,3.47,4.68,4.0,12.42,9.95,98.79,86.68,39.37,33.05,47.89,52.11,0.33,0.67,6.84,5.37,5.53,4.63,2.44,1.06,6.42,7.63,8.61,6.44,15.16,12.16,2.16,3.0,2.79,2.16,0.42,0.31,0.3,0.47,0.57,0.52,0.51,0.49,0.54,0.48,0.55,0.44,0.32,0.3,0.59,0.48,0.52,0.52,0.49,0.55,0.55,0.5
Fortaleza,1.28,1.28,6.74,4.63,5.89,4.84,15.42,12.26,94.68,96.21,42.05,39.11,46.84,53.16,1.33,0.0,9.21,7.74,6.16,4.53,2.24,1.76,7.26,8.32,10.32,8.47,13.53,12.47,3.0,3.47,3.16,2.16,0.42,0.3,0.31,0.51,0.53,0.54,0.49,0.52,0.52,0.49,0.54,0.43,0.3,0.32,0.55,0.52,0.53,0.51,0.51,0.53,0.52,0.53,Brasileirao Betano Serie A,2025,2.06,1.18,5.58,4.47,5.58,3.74,15.58,10.53,102.58,82.74,45.74,31.74,58.32,41.68,0.86,0.29,10.47,6.0,5.16,4.42,2.0,1.89,5.84,8.37,10.89,7.28,13.16,14.21,2.63,4.32,1.58,2.68,0.54,0.28,0.22,0.51,0.53,0.52,0.51,0.51,0.52,0.53,0.51,0.55,0.28,0.23,0.57,0.51,0.53,0.5,0.51,0.53,0.52,0.52
Grêmio,1.33,0.94,4.26,4.74,5.47,5.47,14.26,12.26,91.11,95.47,39.0,43.47,45.42,54.58,1.14,0.14,8.11,7.53,6.21,4.74,1.17,1.39,6.74,7.95,9.68,8.79,12.53,15.37,2.84,4.0,2.68,3.0,0.41,0.31,0.32,0.5,0.54,0.53,0.51,0.51,0.52,0.51,0.53,0.41,0.31,0.33,0.56,0.51,0.53,0.51,0.5,0.54,0.5,0.54,Brasileirao Betano Serie A,2025,1.74,1.21,6.42,3.79,6.79,4.05,17.11,10.26,105.0,78.84,51.79,30.47,54.95,45.05,1.11,0.22,10.58,6.37,6.47,3.95,1.11,1.0,5.63,9.11,11.33,6.72,14.79,13.68,2.63,3.79,2.47,2.84,0.52,0.28,0.23,0.49,0.55,0.54,0.49,0.52,0.52,0.51,0.52,0.53,0.28,0.24,0.57,0.5,0.54,0.5,0.51,0.53,0.52,0.52
Internacional,1.5,1.11,5.84,3.58,5.74,3.26,16.74,9.32,110.11,80.84,45.84,30.89,53.37,46.63,1.6,0.0,10.42,6.16,6.37,3.21,2.11,2.56,4.84,7.63,11.22,5.72,16.0,12.37,1.74,4.26,2.21,2.21,0.52,0.28,0.23,0.49,0.55,0.54,0.51,0.52,0.52,0.51,0.52,0.53,0.29,0.24,0.58,0.49,0.53,0.51,0.52,0.52,0.51,0.53,Brasileirao Betano Serie A,2025,2.06,0.94,5.21,4.21,6.11,4.53,15.26,10.53,102.84,89.32,43.58,37.16,51.0,49.0,0.4,0.6,9.68,5.89,5.58,4.63,2.16,1.53,7.05,8.58,10.74,7.89,12.37,14.47,2.42,3.53,2.26,2.32,0.45,0.3,0.28,0.5,0.54,0.55,0.49,0.51,0.53,0.49,0.55,0.46,0.31,0.29,0.56,0.51,0.53,0.51,0.51,0.53,0.49,0.56
Juventude,1.11,1.37,4.37,4.37,4.63,4.95,12.68,14.42,83.47,100.32,36.53,37.53,42.84,57.16,0.4,0.6,7.74,8.58,5.05,5.79,1.94,1.12,6.95,7.84,8.42,8.68,15.84,14.42,3.26,3.16,2.42,2.32,0.28,0.3,0.45,0.5,0.54,0.52,0.51,0.5,0.53,0.52,0.52,0.29,0.3,0.46,0.57,0.51,0.53,0.51,0.5,0.54,0.53,0.51,Brasileirao Betano Serie A,2025,2.39,0.78,5.0,3.79,5.68,4.11,15.42,9.26,98.21,75.68,41.89,28.58,57.26,42.74,0.8,0.2,9.79,5.42,5.63,3.79,1.32,1.84,5.63,7.74,10.22,6.5,14.63,16.05,2.16,3.53,2.11,3.21,0.67,0.23,0.14,0.47,0.57,0.56,0.48,0.54,0.5,0.52,0.52,0.67,0.24,0.14,0.59,0.48,0.56,0.48,0.53,0.51,0.52,0.52
Mirassol,2.33,0.94,5.95,5.11,5.37,4.79,14.84,11.74,90.32,83.47,43.68,43.26,49.68,50.32,0.8,0.4,9.21,6.58,5.53,5.05,2.05,1.16,7.26,7.63,10.28,8.06,12.53,13.89,3.05,3.74,2.17,2.5,0.45,0.3,0.29,0.51,0.53,0.55,0.48,0.51,0.53,0.52,0.52,0.46,0.3,0.29,0.56,0.51,0.54,0.49,0.51,0.53,0.51,0.53,Brasileirao Betano Serie A,2025,1.16,1.11,6.42,4.68,5.58,4.58,15.63,13.05,96.95,89.26,49.53,39.84,47.63,52.37,0.43,0.57,9.68,8.16,6.0,4.84,0.95,1.63,6.79,7.95,10.11,7.74,15.16,11.95,2.95,3.74,2.47,2.47,0.52,0.28,0.23,0.5,0.54,0.55,0.49,0.52,0.52,0.5,0.53,0.54,0.29,0.24,0.57,0.5,0.55,0.49,0.51,0.53,0.51,0.53
Palmeiras,2.33,0.73,5.89,2.95,6.89,3.37,17.32,8.16,107.16,77.05,49.74,27.89,55.63,44.37,0.67,0.67,10.05,4.37,7.26,3.79,2.11,1.05,5.42,9.89,11.95,5.89,13.68,15.58,2.16,4.32,1.79,2.74,0.66,0.24,0.14,0.45,0.59,0.53,0.5,0.53,0.5,0.51,0.52,0.67,0.24,0.15,0.6,0.47,0.53,0.5,0.53,0.51,0.52,0.53,Brasileirao Betano Serie A,2025,1.16,1.63,5.32,6.0,5.16,4.79,14.37,13.58,94.63,90.63,43.53,39.21,51.0,49.0,0.71,0.57,7.95,7.47,6.42,6.0,1.11,1.47,6.89,7.79,9.44,8.72,13.47,14.26,3.21,3.74,2.58,2.16,0.31,0.31,0.41,0.48,0.56,0.52,0.51,0.51,0.53,0.49,0.55,0.32,0.32,0.42,0.58,0.49,0.52,0.52,0.51,0.54,0.54,0.5
Santos,1.41,1.12,6.05,4.37,6.84,4.26,16.16,11.0,99.68,85.42,44.79,34.16,51.37,48.63,0.33,0.67,10.21,6.53,5.84,4.53,1.95,1.79,5.68,8.84,10.89,7.67,13.74,15.74,2.95,3.58,2.53,2.84,0.5,0.28,0.25,0.49,0.55,0.54,0.49,0.51,0.53,0.51,0.53,0.51,0.29,0.26,0.57,0.5,0.54,0.49,0.51,0.54,0.53,0.52,Brasileirao Betano Serie A,2025,1.63,1.11,6.42,3.53,6.37,4.58,15.89,10.32,98.16,87.21,49.26,38.0,51.89,48.11,0.5,0.67,9.58,6.0,6.21,4.32,1.83,1.44,6.63,8.79,10.47,7.63,13.89,13.68,2.16,3.89,2.68,2.53,0.49,0.29,0.26,0.49,0.55,0.53,0.5,0.5,0.53,0.52,0.51,0.5,0.29,0.27,0.57,0.5,0.53,0.51,0.5,0.54,0.52,0.52
Sport Recife,1.0,2.29,5.53,4.84,4.63,5.63,12.0,14.74,89.05,98.53,41.74,40.47,45.21,54.79,0.33,1.33,6.95,9.26,5.05,5.42,1.89,1.72,7.21,6.58,7.17,10.0,13.16,11.84,3.53,2.95,2.63,1.79,0.35,0.3,0.38,0.51,0.53,0.54,0.49,0.5,0.53,0.52,0.52,0.36,0.31,0.39,0.55,0.52,0.54,0.5,0.5,0.54,0.51,0.53,Brasileirao Betano Serie A,2025,2.0,0.61,5.63,5.68,7.53,4.63,17.63,12.74,96.11,85.79,45.11,37.89,52.53,47.47,0.8,0.2,11.42,7.84,6.16,4.89,1.74,1.79,7.26,8.53,12.68,8.21,12.89,14.11,3.16,4.79,2.05,2.47,0.6,0.25,0.18,0.48,0.56,0.53,0.5,0.51,0.52,0.5,0.54,0.62,0.26,0.19,0.58,0.49,0.54,0.5,0.52,0.52,0.51,0.54
São Paulo,1.59,1.0,5.05,4.68,5.79,3.84,13.37,10.42,99.53,92.63,37.95,34.84,53.53,46.47,0.5,0.5,8.16,5.95,5.16,4.47,1.18,1.12,5.58,8.16,8.79,6.11,14.68,15.16,2.16,2.63,2.84,2.84,0.5,0.3,0.23,0.44,0.6,0.51,0.53,0.5,0.54,0.48,0.55,0.51,0.31,0.24,0.63,0.45,0.51,0.53,0.51,0.53,0.49,0.55,Brasileirao Betano Serie A,2025,1.67,0.83,5.95,4.37,5.32,4.0,16.21,10.16,98.72,87.89,47.89,39.06,49.58,50.42,1.0,0.29,9.21,5.95,6.89,4.21,0.6,1.87,5.58,7.95,10.06,6.39,13.32,14.0,2.37,4.26,2.16,2.21,0.45,0.32,0.27,0.45,0.59,0.51,0.52,0.48,0.56,,,0.46,0.32,0.28,0.62,0.45,0.52,0.53,0.5,0.54,0.49,0.54
Vasco da Gama,1.72,1.39,4.89,4.84,5.74,5.47,14.84,12.47,100.63,80.47,46.0,37.21,56.42,43.58,0.75,0.25,8.11,7.11,6.68,5.37,1.0,1.67,7.21,7.63,10.16,8.89,14.0,12.74,2.95,3.58,1.89,1.79,0.4,0.3,0.33,0.5,0.54,0.55,0.48,0.5,0.53,0.5,0.54,0.42,0.3,0.34,0.57,0.5,0.55,0.49,0.51,0.53,0.5,0.54,Brasileirao Betano Serie A,2025,1.79,1.26,5.21,3.53,5.68,3.95,15.11,10.32,92.79,84.05,45.53,34.11,47.26,52.74,0.75,0.5,9.05,5.89,6.05,4.42,1.83,0.61,5.68,7.74,9.17,7.28,12.11,12.47,2.63,3.16,2.22,2.22,0.54,0.27,0.23,0.51,0.53,0.53,0.5,0.52,0.51,0.53,0.51,0.54,0.28,0.24,0.55,0.52,0.53,0.51,0.52,0.52,0.52,0.52
Vitória,1.24,0.88,5.32,4.84,5.47,5.74,13.68,13.53,89.37,98.21,41.21,42.89,41.11,58.89,0.5,0.5,8.74,8.0,4.95,5.42,2.11,2.0,7.53,7.58,9.0,9.44,14.95,14.95,3.84,3.16,3.11,2.22,0.38,0.32,0.33,0.48,0.56,0.53,0.51,0.5,0.54,,,0.39,0.32,0.34,0.59,0.49,0.52,0.52,0.5,0.54,,,Brasileirao Betano Serie A,2025,2.31,0.88,5.37,3.42,6.21,3.84,16.16,9.47,109.26,82.63,55.37,32.58,58.53,41.47,0.75,0.25,11.0,5.21,5.16,4.32,1.56,1.5,6.0,9.37,10.95,7.0,13.47,14.74,2.84,4.0,2.06,3.17,0.59,0.27,0.18,0.46,0.58,0.54,0.51,0.51,0.53,0.51,0.52,0.6,0.27,0.19,0.6,0.47,0.53,0.51,0.51,0.53,0.52,0.53
Atlanta United,1.93,1.93,5.35,4.82,5.24,4.0,12.65,11.35,88.81,90.25,40.5,38.5,49.41,50.59,0.5,0.5,8.88,7.82,3.76,3.59,2.24,1.82,6.29,8.29,9.65,8.82,11.35,11.0,3.41,3.24,1.71,1.71,0.48,0.25,0.31,0.66,0.38,,,,,,,0.49,0.26,0.32,0.41,0.66,,,,,0.54,0.51,EUA MLS,2025,2.12,0.56,5.35,3.47,5.06,4.35,13.71,10.59,83.29,80.0,36.88,30.06,49.0,51.0,0.75,0.25,9.06,6.47,4.76,4.12,1.53,1.53,7.18,8.29,10.41,6.59,10.53,10.41,2.53,3.47,2.27,2.4,0.51,0.25,0.27,0.64,0.4,,,,,0.55,0.5,0.52,0.26,0.28,0.42,0.65,,,,,0.56,0.5
Austin,1.27,1.33,5.22,5.0,5.44,4.83,12.44,12.72,80.28,80.78,44.44,40.44,49.78,50.22,1.0,0.33,8.22,8.5,4.11,4.22,2.0,0.88,7.94,8.83,8.33,8.11,12.33,10.78,3.33,2.61,2.06,2.33,0.45,0.28,0.31,0.58,0.46,,,0.54,0.51,0.52,0.52,0.47,0.27,0.31,0.48,0.59,,,0.54,0.51,0.53,0.52,EUA MLS,2025,1.72,1.11,5.89,3.56,5.61,3.89,15.28,9.44,83.33,69.72,46.5,34.11,54.72,45.28,0.83,0.17,10.61,5.72,4.78,3.61,1.0,2.0,6.0,8.5,9.72,6.33,12.06,13.06,2.28,4.11,2.39,2.56,0.5,0.26,0.27,0.58,0.46,,,0.55,0.48,0.51,0.52,0.5,0.27,0.28,0.49,0.58,,,0.55,0.5,0.53,0.53
CF Montréal,0.88,2.06,4.76,3.59,5.41,4.94,12.47,13.24,75.18,78.06,31.53,25.71,48.12,51.88,1.0,0.0,7.71,8.53,4.71,4.71,1.73,1.0,6.94,7.06,8.71,9.47,13.0,12.35,3.47,3.41,2.41,2.06,0.36,0.27,0.39,0.62,0.42,,,0.55,0.49,0.52,0.51,0.37,0.28,0.4,0.44,0.63,,,0.55,0.5,0.54,0.52,EUA MLS,2025,1.69,1.25,4.71,5.35,4.88,4.06,13.24,10.29,78.53,78.12,34.29,32.29,50.82,49.18,0.0,1.0,9.18,6.94,3.76,3.12,0.94,1.88,6.82,6.76,9.12,7.29,14.71,12.35,2.82,3.24,2.53,2.24,0.64,0.23,0.18,0.59,0.45,,,0.55,0.48,0.53,0.51,0.64,0.23,0.18,0.48,0.6,,,0.56,0.5,0.54,0.51
Charlotte,1.79,1.05,3.68,5.05,4.21,5.42,11.32,14.79,85.53,92.79,37.53,42.89,45.95,54.05,0.6,0.6,7.68,8.74,3.16,5.32,1.67,1.78,8.47,7.21,8.53,9.47,10.26,12.37,4.11,2.79,1.79,2.74,0.47,0.26,0.3,0.63,0.41,,,,,0.53,0.51,0.49,0.26,0.31,0.44,0.63,,,0.54,0.5,0.53,0.52,EUA MLS,2025,1.76,1.29,5.5,4.28,4.61,4.44,14.56,9.78,89.0,85.22,41.22,38.11,49.94,50.06,1.5,0.5,9.11,6.67,5.5,3.11,1.71,1.12,5.89,7.06,9.72,6.61,12.22,11.83,2.17,3.83,2.56,2.06,0.49,0.27,0.28,0.61,0.43,,,0.54,0.5,0.53,0.51,0.5,0.27,0.29,0.45,0.62,,,0.54,0.5,0.54,0.52
Chicago Fire,1.65,1.71,5.21,4.11,5.32,4.68,14.95,11.79,85.44,86.67,43.94,40.39,51.37,48.63,0.44,0.56,9.74,7.68,5.21,4.26,1.47,1.63,7.21,8.11,9.79,8.0,11.84,12.11,2.79,3.74,1.95,2.42,0.48,0.26,0.3,0.66,0.38,,,,,0.53,0.5,0.48,0.26,0.31,0.41,0.67,,,,,0.52,0.52,EUA MLS,2025,2.06,2.5,5.56,4.0,6.28,3.83,15.0,12.67,102.06,75.0,43.5,38.33,52.33,47.67,0.83,0.5,9.67,7.39,5.17,5.22,2.44,1.72,6.17,9.06,10.11,8.5,10.33,12.0,3.39,3.0,2.12,2.44,0.49,0.25,0.29,0.65,0.39,,,0.56,0.49,0.54,0.49,0.51,0.26,0.29,0.42,0.65,,,0.56,0.49,0.55,0.5
Cincinnati,1.5,1.2,4.6,4.65,5.15,4.8,14.1,11.8,97.21,89.42,38.58,39.63,51.45,48.55,0.5,0.5,7.75,7.2,6.35,4.35,1.9,1.55,6.8,7.8,10.6,8.05,9.7,12.6,2.65,4.1,2.16,2.21,0.5,0.25,0.29,0.63,0.41,,,,,0.53,0.5,0.51,0.25,0.3,0.43,0.64,,,0.53,0.51,0.54,0.51,EUA MLS,2025,1.47,1.47,6.0,3.78,5.22,4.56,15.28,12.67,82.76,67.65,43.82,30.24,55.39,44.61,1.0,0.2,9.44,7.61,5.5,4.72,1.94,1.44,5.78,8.33,9.89,9.0,10.67,10.72,3.94,3.61,1.72,1.83,0.42,0.27,0.34,0.64,0.4,,,,,0.53,0.5,0.43,0.28,0.35,0.43,0.64,,,,,0.54,0.51
Colorado Rapids,1.47,1.24,5.82,3.76,5.82,4.76,14.29,11.29,89.59,71.59,46.59,36.65,49.06,50.94,1.2,0.0,9.18,7.24,5.06,4.0,1.75,1.25,7.88,8.88,8.47,7.12,9.47,11.29,2.65,3.29,1.88,1.69,0.45,0.26,0.32,0.64,0.4,,,,,0.53,0.51,0.46,0.27,0.33,0.42,0.65,,,0.56,0.49,0.54,0.51,EUA MLS,2025,2.19,1.19,7.24,4.29,6.41,3.35,18.94,9.65,93.82,76.65,53.47,31.06,58.12,41.88,0.43,0.71,12.71,6.12,5.94,3.35,1.88,1.69,4.94,8.94,12.29,5.47,12.29,10.59,2.12,5.06,1.88,2.06,0.55,0.24,0.24,0.64,0.4,,,,,0.54,0.5,0.56,0.25,0.24,0.43,0.64,,,,,0.54,0.5
Columbus Crew,2.06,1.25,5.89,2.67,5.39,3.17,15.33,7.94,92.89,54.89,52.39,22.67,61.28,38.72,1.0,0.25,10.94,5.56,4.56,2.39,2.56,2.44,5.22,7.56,10.22,5.61,10.22,12.56,1.67,3.89,1.06,2.35,0.57,0.24,0.22,0.62,0.42,,,,,0.55,0.5,0.58,0.25,0.23,0.44,0.64,,,0.54,0.5,0.55,0.5,EUA MLS,2025,1.89,1.5,4.37,4.05,4.05,3.37,12.11,10.74,74.79,100.89,32.58,40.05,43.26,56.74,0.5,0.5,8.89,6.95,3.21,3.63,2.74,2.42,6.05,6.32,9.32,6.84,10.84,9.95,2.79,3.47,1.74,1.63,0.4,0.26,0.37,0.66,0.38,,,,,0.54,0.49,0.4,0.27,0.39,0.41,0.66,,,,,0.54,0.51
DC United,0.93,2.21,4.24,4.82,4.24,4.0,10.88,12.0,77.71,94.59,33.0,38.12,45.18,54.82,0.67,0.33,7.29,6.88,3.53,5.0,1.38,2.5,6.82,6.18,6.47,8.65,13.59,11.47,3.29,2.47,2.76,2.29,0.4,0.27,0.36,0.61,0.43,,,0.55,0.48,0.52,0.52,0.41,0.28,0.37,0.46,0.62,,,0.55,0.51,0.53,0.53,EUA MLS,2025,2.19,1.06,5.65,4.24,4.24,4.06,14.0,10.94,89.24,71.18,43.47,32.47,54.94,45.06,0.75,0.25,9.0,6.76,4.94,4.06,2.6,1.33,6.18,7.35,9.76,7.35,10.29,14.65,2.94,3.53,1.82,2.53,0.58,0.24,0.22,0.61,0.43,,,,,0.54,0.5,0.6,0.24,0.22,0.47,0.61,,,,,0.53,0.52
Dallas,1.53,1.53,3.33,6.5,4.44,4.72,10.94,13.67,75.56,98.0,38.5,54.5,41.0,59.0,0.67,0.67,7.39,7.94,3.39,5.28,2.28,1.94,8.39,7.39,7.39,7.72,12.83,13.11,2.72,2.78,2.22,2.0,0.42,0.27,0.35,0.62,0.42,,,0.55,0.48,0.52,0.51,0.43,0.27,0.36,0.43,0.64,,,0.56,0.5,0.54,0.52,EUA MLS,2025,1.94,1.59,7.06,3.89,5.94,4.06,16.17,9.94,98.56,76.61,60.5,33.06,59.78,40.22,0.7,0.3,10.56,7.11,5.39,2.89,1.35,2.12,5.94,9.89,10.61,7.17,12.61,13.11,2.22,4.06,2.17,2.5,0.57,0.24,0.22,0.62,0.42,,,,,0.53,0.5,0.57,0.25,0.24,0.45,0.63,,,,,0.54,0.51
Houston Dynamo,1.18,1.76,5.88,4.35,5.71,4.41,14.18,10.47,87.41,82.47,47.71,40.0,53.24,46.76,0.25,0.75,9.35,6.94,4.53,3.18,1.27,1.6,5.94,8.0,9.29,7.47,14.94,13.47,1.82,3.18,2.59,3.18,0.48,0.27,0.28,0.6,0.44,,,0.53,0.5,0.53,0.5,0.5,0.27,0.29,0.48,0.6,,,0.52,0.52,0.54,0.52,EUA MLS,2025,1.86,1.64,6.65,4.18,5.53,4.53,13.65,10.35,95.59,69.06,49.0,36.82,52.35,47.65,0.25,0.75,8.41,6.82,5.18,3.47,1.31,1.69,5.71,7.41,9.18,6.76,12.94,14.41,2.0,3.47,2.35,2.65,0.52,0.26,0.26,0.6,0.44,,,0.55,0.48,0.53,0.51,0.53,0.27,0.26,0.47,0.61,,,0.55,0.5,0.53,0.52
Inter Miami,2.95,1.45,4.67,3.76,4.71,3.95,14.57,10.52,86.62,74.62,34.1,30.67,54.05,45.95,1.0,0.0,9.52,7.19,5.0,3.38,1.5,1.6,5.86,6.33,10.38,7.1,12.86,11.76,2.86,3.24,2.95,1.79,0.61,0.22,0.21,0.66,0.38,,,,,0.51,0.53,0.62,0.22,0.21,0.41,0.66,,,,,0.51,0.53,EUA MLS,2025,1.72,2.33,4.26,4.58,4.89,3.53,12.32,11.47,67.47,82.79,30.84,39.63,42.0,58.0,0.5,0.75,8.05,7.37,4.11,4.05,1.89,1.79,6.67,6.61,9.37,8.58,12.37,11.0,2.84,3.42,2.22,2.11,0.37,0.26,0.41,0.68,0.36,,,,,0.52,0.51,0.37,0.26,0.42,0.39,0.69,,,,,0.52,0.52
LA Galaxy,1.59,1.65,5.94,4.59,4.35,5.53,13.24,13.47,84.18,80.06,46.59,41.94,54.41,45.59,0.5,0.5,8.82,8.35,4.24,5.12,1.53,1.47,6.18,7.59,9.24,9.06,9.94,12.12,3.06,3.71,1.94,2.38,0.44,0.26,0.33,0.67,0.37,,,,,0.53,0.51,0.46,0.27,0.34,0.4,0.67,,,,,0.53,0.52,EUA MLS,2025,2.24,1.12,5.59,4.94,4.18,3.82,13.24,11.0,84.59,78.53,39.59,33.88,45.76,54.24,0.67,0.33,9.53,6.24,3.71,4.76,1.62,1.38,6.71,8.12,8.71,6.94,10.47,10.88,2.71,2.88,1.69,2.62,0.55,0.24,0.24,0.62,0.41,,,,,0.51,0.52,0.56,0.25,0.25,0.44,0.64,,,,,0.54,0.51
Los Angeles FC,1.83,0.78,5.44,3.5,5.72,3.72,15.33,9.11,107.61,90.83,57.5,39.94,54.94,45.06,0.83,0.17,9.39,4.39,5.5,4.56,1.65,0.82,5.22,9.0,10.94,5.5,11.89,11.72,1.89,3.94,1.12,2.0,0.64,0.23,0.17,0.57,0.47,,,0.55,0.48,0.53,0.5,0.61,0.26,0.2,0.5,0.57,,,0.55,0.49,0.53,0.51,EUA MLS,2025,1.58,2.11,5.47,4.37,4.05,4.74,11.47,13.47,101.0,91.26,48.53,38.11,50.79,49.21,0.71,0.57,7.53,8.47,3.84,5.05,1.17,1.61,7.42,6.74,7.16,9.79,12.42,12.63,3.42,2.58,3.0,2.42,0.35,0.27,0.41,0.62,0.42,,,0.52,0.51,0.53,0.51,0.37,0.28,0.41,0.45,0.62,,,0.54,0.51,0.54,0.51
Minnesota United,1.88,1.35,5.11,4.74,4.42,3.89,12.84,11.74,80.53,100.79,44.37,49.05,40.89,59.11,0.25,0.75,8.84,7.68,3.79,4.32,1.94,1.62,7.0,5.84,8.58,7.47,13.11,10.58,3.16,3.68,2.22,1.61,0.52,0.26,0.26,0.59,0.44,,,,,0.53,0.51,0.53,0.26,0.27,0.48,0.6,,,0.55,0.5,0.54,0.51,EUA MLS,2025,1.41,1.71,6.11,3.79,6.37,4.21,15.79,10.79,117.05,67.11,64.05,37.32,63.26,36.74,0.67,1.0,8.79,6.79,6.47,3.37,1.12,1.59,6.16,9.74,9.37,6.84,10.84,13.0,2.58,3.79,1.32,2.0,0.45,0.27,0.31,0.61,0.43,,,0.55,0.49,0.52,0.51,0.47,0.27,0.31,0.46,0.62,,,0.55,0.5,0.52,0.53
Nashville SC,2.38,1.12,5.72,2.94,4.67,4.61,14.89,10.94,84.44,87.5,47.22,41.67,50.11,49.89,1.14,0.29,10.83,6.39,4.11,4.56,2.0,1.39,6.56,6.94,10.17,7.0,13.0,10.17,2.56,4.67,1.78,2.28,0.53,0.26,0.25,0.6,0.44,,,,,0.54,0.5,0.55,0.26,0.25,0.47,0.6,,,,,0.55,0.5,EUA MLS,2025,1.84,1.21,3.53,4.95,4.11,4.26,11.11,11.84,82.63,76.0,32.53,31.11,49.42,50.58,0.75,0.5,7.26,8.11,3.95,3.58,1.67,2.28,6.79,7.0,7.58,8.37,10.47,14.26,3.32,2.79,2.37,2.0,0.44,0.27,0.33,0.62,0.42,,,0.55,0.48,0.52,0.51,0.45,0.27,0.33,0.45,0.62,,,0.55,0.5,0.53,0.52
New England,1.25,1.56,5.29,3.71,4.59,4.47,12.24,12.47,75.94,70.29,35.88,33.88,52.06,47.94,0.67,0.33,6.94,7.41,5.35,4.94,2.31,0.81,6.88,7.35,8.71,8.53,12.71,14.82,2.94,3.18,2.18,2.47,0.42,0.26,0.35,0.64,0.4,,,0.53,0.5,0.53,0.51,0.44,0.27,0.35,0.44,0.64,,,0.53,0.51,0.54,0.51,EUA MLS,2025,1.73,1.6,4.94,4.76,7.24,5.12,16.82,11.94,96.25,81.94,50.0,33.94,52.71,47.29,0.6,0.6,10.94,7.65,5.71,4.06,1.38,2.0,6.24,10.35,12.06,8.71,11.41,11.35,3.29,3.35,1.88,2.0,0.54,0.25,0.25,0.61,0.43,,,0.54,0.52,0.53,0.51,0.56,0.25,0.25,0.46,0.62,,,0.52,0.52,0.54,0.51
New York City,1.65,1.24,6.28,5.06,5.61,4.28,13.94,11.0,93.11,80.33,45.22,39.56,54.56,45.44,0.71,0.57,8.72,7.22,4.94,3.61,1.24,1.53,6.5,8.33,9.17,6.56,12.39,11.5,2.78,3.0,2.12,2.35,0.51,0.26,0.27,0.62,0.42,,,,,0.54,0.49,0.52,0.27,0.28,0.45,0.62,,,0.56,0.5,0.55,0.51,EUA MLS,2025,1.53,1.47,5.95,3.76,4.71,3.67,13.19,10.52,90.14,91.57,48.48,37.67,46.57,53.43,0.0,1.0,9.24,6.43,3.86,3.67,1.53,1.63,6.1,7.57,8.38,7.19,11.14,11.67,2.9,3.24,1.65,2.25,0.47,0.27,0.29,0.61,0.43,,,0.54,0.5,0.53,0.51,0.48,0.27,0.3,0.46,0.61,,,0.53,0.51,0.53,0.52
New York RB,2.25,1.44,4.24,3.76,4.82,3.88,12.88,10.53,78.41,61.94,24.24,20.76,51.65,48.35,1.14,0.14,8.47,7.12,4.47,3.24,1.94,1.69,5.41,7.41,8.76,6.47,12.47,10.88,3.0,2.88,2.44,2.44,0.47,0.28,0.29,0.6,0.44,,,0.54,0.49,0.52,0.51,0.51,0.28,0.26,0.5,0.57,,,0.54,0.5,0.52,0.53,EUA MLS,2025,1.6,0.8,4.53,4.24,4.82,4.47,12.24,10.29,70.59,80.18,34.35,37.18,48.41,51.59,1.0,0.0,9.59,6.12,2.71,4.24,1.88,2.29,7.82,6.82,8.82,7.12,11.24,12.12,2.41,3.35,1.59,2.47,0.47,0.27,0.29,0.59,0.45,,,0.53,0.5,0.52,0.51,0.47,0.27,0.31,0.48,0.59,,,0.54,0.51,0.53,0.52
Orlando City,2.25,1.62,4.71,4.0,6.0,4.47,16.18,11.47,80.0,78.71,34.65,31.71,47.41,52.59,0.67,0.67,10.53,6.29,5.47,5.06,1.94,1.71,6.56,7.56,11.35,7.59,10.0,12.59,2.41,3.53,2.25,1.69,0.57,0.24,0.22,0.63,0.41,,,,,0.54,0.5,0.57,0.25,0.24,0.44,0.64,,,,,0.54,0.5,EUA MLS,2025,1.87,1.87,5.5,4.33,6.22,6.44,15.22,15.67,87.06,73.24,45.24,36.88,52.11,47.89,0.67,0.33,9.11,10.22,6.17,5.33,1.82,1.24,7.44,8.94,10.61,10.0,13.22,10.5,4.0,4.17,2.67,2.17,0.4,0.27,0.37,0.63,0.41,,,0.55,0.49,0.51,0.52,0.41,0.28,0.38,0.43,0.64,,,0.55,0.5,0.52,0.53
Philadelphia Union,2.11,1.0,7.11,3.95,6.47,3.84,17.05,8.26,92.58,81.63,40.47,24.16,49.47,50.53,1.0,1.0,10.79,5.79,6.21,2.42,1.89,2.11,5.95,10.0,12.05,6.47,12.74,11.47,1.89,4.11,2.32,2.63,0.53,0.25,0.26,0.62,0.42,,,0.55,0.48,0.52,0.51,0.54,0.26,0.26,0.45,0.62,,,0.56,0.49,0.53,0.52,EUA MLS,2025,1.18,1.41,4.17,5.17,5.0,6.0,11.5,13.72,87.56,90.06,32.11,38.33,53.28,46.72,0.71,0.43,7.78,8.0,3.56,5.67,1.35,1.12,7.94,7.22,7.83,9.0,13.83,15.78,2.33,2.39,2.28,2.89,0.45,0.27,0.32,0.63,0.41,,,,,0.53,0.5,0.46,0.27,0.33,0.44,0.64,,,,,0.55,0.51
Portland Timbers,1.58,1.53,5.47,5.42,5.37,5.74,13.53,14.11,91.94,92.89,47.39,49.89,48.89,51.11,0.75,0.5,9.63,8.32,4.0,5.79,1.78,3.17,7.68,7.53,9.0,10.11,12.42,11.68,3.58,3.11,2.17,2.33,0.44,0.26,0.33,0.66,0.38,,,,,0.54,0.5,0.46,0.26,0.33,0.41,0.66,,,,,0.55,0.5,EUA MLS,2025,1.75,1.06,5.11,4.37,5.11,3.95,13.47,10.63,96.68,87.53,48.42,35.53,51.26,48.74,1.33,0.33,9.11,6.16,4.42,4.47,2.39,2.06,6.63,7.16,8.79,6.79,11.53,10.68,3.42,3.84,2.11,2.17,0.54,0.25,0.25,0.62,0.42,,,,,0.54,0.49,0.54,0.26,0.26,0.43,0.64,,,,,0.55,0.51
Real Salt Lake,1.44,1.31,5.59,4.53,5.76,4.71,15.12,11.59,92.06,83.35,47.82,39.82,52.94,47.06,0.33,0.67,8.29,7.18,6.88,4.29,2.12,1.82,8.06,8.35,9.06,7.24,13.76,11.53,2.53,3.53,2.65,2.12,0.52,0.25,0.26,0.61,0.43,,,0.52,0.51,0.53,0.5,0.53,0.26,0.27,0.45,0.62,,,0.52,0.52,0.54,0.51,EUA MLS,2025,1.72,0.89,5.61,3.83,6.06,5.5,14.94,14.0,85.89,95.11,47.78,47.39,48.61,51.39,1.2,0.4,10.33,7.39,4.39,6.39,1.53,1.88,7.89,7.67,9.39,8.61,12.78,12.72,3.61,3.28,2.33,2.83,0.5,0.26,0.27,0.62,0.42,,,,,0.54,0.5,0.51,0.26,0.28,0.45,0.63,,,,,0.55,0.5
SJ Earthquakes,2.18,1.88,7.06,4.53,6.41,4.12,17.06,12.0,98.88,80.47,52.59,38.12,54.41,45.59,1.0,0.0,11.76,8.35,5.35,3.47,2.18,3.53,5.24,9.82,11.18,8.0,12.06,13.18,3.53,4.06,2.53,1.76,0.46,0.26,0.31,0.67,0.37,,,0.55,0.48,0.52,0.52,0.46,0.28,0.32,0.42,0.65,,,0.55,0.5,0.53,0.52,EUA MLS,2025,1.94,1.44,5.41,4.71,4.76,5.41,12.94,13.76,88.24,86.47,51.53,45.24,53.12,46.88,0.67,0.33,8.53,8.41,4.53,5.24,2.5,1.56,8.94,7.35,9.29,9.24,12.82,12.24,3.59,3.12,1.76,2.53,0.55,0.24,0.25,0.66,0.38,,,,,0.54,0.51,0.56,0.24,0.26,0.4,0.67,,,,,0.53,0.51
San Diego,1.83,1.17,6.38,2.24,5.19,3.33,14.48,8.0,95.9,67.29,53.62,30.52,62.48,37.52,0.5,0.67,9.05,4.86,5.43,3.0,2.0,1.95,4.76,8.29,9.33,6.0,12.76,14.19,2.29,3.52,2.24,3.29,0.56,0.24,0.24,0.61,0.43,0.56,0.48,0.48,0.55,0.52,0.51,0.56,0.25,0.24,0.45,0.62,0.56,0.48,0.49,0.56,0.53,0.52,EUA MLS,2025,1.44,2.28,4.39,4.17,5.61,3.5,14.72,11.22,74.11,90.5,37.39,43.67,39.56,60.44,0.5,0.5,10.44,6.89,4.17,4.39,2.89,2.11,6.44,7.28,9.67,8.11,13.33,12.22,2.61,3.67,1.88,1.82,0.42,0.26,0.35,0.65,0.39,,,,,0.54,0.5,0.42,0.27,0.36,0.42,0.65,,,0.55,0.5,0.55,0.5
Seattle Sounders,2.47,1.29,4.89,3.83,5.11,3.94,14.33,11.28,93.56,77.94,46.0,36.11,53.78,46.22,0.67,0.67,9.61,6.61,4.72,4.72,2.0,1.35,6.33,8.22,9.61,7.78,11.0,12.94,3.56,3.56,1.67,2.33,0.59,0.24,0.2,0.58,0.46,,,0.54,0.5,0.52,0.52,0.6,0.25,0.21,0.49,0.58,,,0.55,0.5,0.52,0.53,EUA MLS,2025,1.72,1.28,4.53,5.63,4.79,5.37,12.05,14.0,83.05,98.47,42.74,51.68,45.37,54.63,1.5,0.5,6.58,8.68,4.89,4.95,1.22,2.28,7.79,7.42,7.68,8.95,13.47,10.89,3.21,2.53,2.41,1.82,0.38,0.29,0.37,0.58,0.45,0.56,0.48,0.52,0.51,0.5,0.53,0.39,0.29,0.37,0.48,0.59,0.56,0.48,0.54,0.51,0.51,0.54
Sporting KC,1.56,2.0,6.18,3.59,4.47,4.76,13.06,12.18,99.53,71.18,56.82,32.71,49.88,50.12,1.0,0.43,8.47,7.94,4.06,3.59,1.18,1.94,6.41,7.35,8.41,9.24,11.59,13.65,3.41,3.12,2.24,2.29,0.39,0.27,0.37,0.65,0.38,,,,,0.53,0.51,0.44,0.29,0.33,0.43,0.64,,,,,0.52,0.52,EUA MLS,2025,2.38,1.31,5.88,3.35,6.41,4.47,16.71,10.29,84.65,89.18,48.94,46.29,54.06,45.94,1.2,0.0,12.18,6.94,4.71,3.35,3.13,1.6,6.82,9.24,11.12,6.88,12.47,12.18,2.29,3.65,1.75,2.06,0.61,0.22,0.2,0.63,0.4,,,,,0.55,0.5,0.62,0.23,0.21,0.43,0.64,,,0.53,0.51,0.55,0.5
St. Louis City,1.53,1.87,6.18,4.35,6.24,4.53,16.35,12.71,84.88,91.24,56.18,46.76,48.76,51.24,1.0,1.0,11.71,7.24,4.24,5.0,1.69,1.38,8.12,8.94,9.82,7.59,11.18,11.35,2.53,3.88,1.94,2.18,0.41,0.26,0.36,0.65,0.39,,,0.55,0.48,0.52,0.52,0.42,0.27,0.37,0.41,0.66,,,0.56,0.49,0.54,0.51,EUA MLS,2025,1.88,1.31,6.65,3.41,6.71,5.29,18.35,12.12,106.06,78.62,53.81,33.69,54.29,45.71,1.2,0.2,11.65,7.76,6.71,4.53,0.87,1.93,7.24,9.47,11.29,8.0,11.59,11.47,2.76,4.59,1.82,2.12,0.55,0.24,0.25,0.64,0.4,,,0.55,0.49,0.54,0.5,0.56,0.25,0.25,0.43,0.64,,,0.55,0.5,0.56,0.5
Toronto,1.13,1.27,4.0,6.0,4.53,4.65,10.76,13.12,71.69,82.0,33.0,37.56,45.41,54.59,0.0,1.0,6.94,9.12,3.94,3.94,1.31,2.06,8.12,7.71,7.53,8.71,12.12,12.47,3.82,2.82,1.75,1.69,0.34,0.28,0.41,0.59,0.45,,,0.54,0.5,0.52,0.51,0.35,0.28,0.43,0.48,0.59,,,0.54,0.51,0.53,0.52,EUA MLS,2025,1.56,1.25,5.0,4.0,4.53,3.24,12.0,9.06,93.56,80.25,45.38,36.81,53.53,46.47,0.5,0.5,6.53,5.82,5.47,3.24,1.82,1.53,5.41,8.18,8.76,5.65,14.0,11.29,2.29,3.06,2.35,2.12,0.63,0.23,0.18,0.56,0.48,,,0.55,0.48,0.52,0.51,0.63,0.24,0.18,0.5,0.58,,,0.55,0.5,0.53,0.52
Vancouver Whitecaps,2.61,1.22,6.74,4.95,6.32,3.79,17.16,10.26,100.79,76.05,56.74,35.26,55.32,44.68,1.11,0.22,12.53,6.37,4.58,4.0,0.94,1.82,6.32,9.05,10.47,6.37,13.11,13.05,2.47,3.63,1.94,2.83,0.58,0.24,0.22,0.61,0.43,,,,,0.53,0.52,0.59,0.24,0.23,0.45,0.62,,,,,0.53,0.52,EUA MLS,2025,1.35,1.71,4.8,4.95,4.15,4.4,10.65,11.55,69.45,73.3,33.05,35.35,47.45,52.55,0.6,0.4,6.65,7.9,3.9,3.4,2.15,1.5,7.55,6.55,7.1,7.6,12.1,14.75,2.95,2.6,2.35,2.55,0.42,0.27,0.35,0.63,0.41,,,,,0.54,0.5,0.44,0.28,0.34,0.44,0.63,,,0.55,0.5,0.54,0.51
AFC Bournemouth,1.92,1.23,5.5,4.12,5.56,3.06,14.19,9.0,95.62,89.06,51.62,46.25,51.82,48.18,1.0,0.25,8.25,5.25,5.88,3.75,2.33,0.93,6.62,10.12,8.2,5.8,11.38,10.44,2.13,3.27,1.88,1.88,0.43,0.26,0.33,0.61,0.43,,,0.53,0.49,0.53,0.5,0.45,0.27,0.34,0.46,0.61,,,0.55,0.5,0.53,0.52,England Premier League,2025-2026,2.06,1.75,6.47,5.29,4.88,4.76,15.82,13.06,93.88,88.53,59.47,45.88,53.29,46.71,0.71,0.29,11.88,8.29,3.94,4.76,1.18,1.76,7.35,8.71,9.47,8.76,10.65,12.94,3.0,3.71,1.94,2.65,0.48,0.26,0.3,0.61,0.42,,,,,0.52,0.5,0.49,0.26,0.3,0.45,0.62,,,0.53,0.51,0.52,0.53
Arsenal,2.35,0.65,6.24,2.94,6.18,2.53,16.65,7.0,104.71,73.94,64.94,33.12,56.88,43.12,1.0,0.0,11.71,4.41,4.94,2.59,2.47,0.73,5.0,9.47,10.29,4.41,10.18,11.82,1.53,3.0,0.93,2.27,0.71,0.2,0.12,0.49,0.55,,,0.54,0.48,0.53,0.5,0.71,0.2,0.14,0.56,0.51,,,0.5,0.54,0.52,0.52,England Premier League,2025-2026,0.8,1.47,4.19,5.75,3.44,4.5,9.94,12.56,83.25,95.0,40.12,54.44,44.88,55.12,0.0,1.0,6.56,9.69,3.38,2.88,0.79,1.29,7.94,6.38,6.06,7.94,10.06,10.62,2.81,1.88,1.93,2.07,0.22,0.25,0.55,0.51,0.52,,,0.53,0.49,0.51,0.52,0.23,0.26,0.57,0.54,0.53,,,0.53,0.51,0.52,0.52
Aston Villa,1.82,1.24,5.44,5.11,4.56,3.72,13.61,11.17,84.39,84.44,52.22,44.61,52.33,47.67,0.0,1.0,8.89,7.56,4.72,3.61,1.11,3.11,6.89,7.28,8.39,7.33,9.94,13.11,3.0,3.22,1.39,2.5,0.46,0.27,0.29,0.58,0.46,,,0.55,0.48,0.52,0.51,0.47,0.28,0.31,0.48,0.59,,,0.55,0.5,0.52,0.52,England Premier League,2025-2026,1.6,1.47,4.94,5.0,5.24,4.41,14.71,11.53,90.88,82.71,48.82,45.06,46.0,54.0,,,9.53,7.0,5.18,4.47,2.94,1.06,7.65,9.47,8.82,7.82,13.06,9.76,2.94,3.24,2.18,1.76,0.41,0.27,0.36,0.58,0.45,,,0.53,0.49,0.52,0.51,0.42,0.27,0.36,0.48,0.59,,,0.54,0.5,0.52,0.52
Brentford,2.06,1.19,4.28,4.67,5.06,4.06,11.94,12.5,96.22,96.67,47.67,49.11,47.0,53.0,0.62,0.5,9.06,8.11,2.89,4.39,1.47,0.88,6.61,9.06,8.28,7.0,9.67,9.56,2.67,2.5,1.59,2.06,0.41,0.27,0.35,0.57,0.46,,,0.5,0.52,0.52,0.51,0.43,0.27,0.36,0.49,0.59,0.48,0.56,0.5,0.54,0.53,0.52,England Premier League,2025-2026,1.8,1.13,5.76,5.24,5.06,3.0,13.71,8.82,93.82,82.76,62.24,44.18,52.29,47.71,0.67,0.83,8.41,6.59,5.29,2.29,1.12,2.0,6.06,9.0,8.38,5.75,8.82,11.12,2.65,2.88,2.0,2.12,0.46,0.27,0.29,0.58,0.46,,,0.53,0.5,0.51,0.52,0.47,0.28,0.3,0.48,0.59,,,0.54,0.5,0.51,0.53
Brighton & Hove Albion,1.76,1.0,5.22,4.61,5.22,4.06,13.83,9.78,101.5,78.17,55.94,42.78,55.17,44.83,0.5,0.75,8.83,7.22,5.0,2.61,1.78,1.56,7.78,9.72,9.29,7.12,11.33,10.94,2.56,3.28,1.89,2.17,0.48,0.26,0.29,0.59,0.44,,,,,0.52,0.51,0.48,0.27,0.31,0.48,0.6,,,,,0.52,0.52,England Premier League,2025-2026,1.53,1.18,5.06,4.83,5.5,4.67,13.5,12.33,90.94,91.39,46.56,52.5,46.61,53.39,0.75,0.75,9.22,8.61,4.28,3.72,1.5,1.67,9.11,7.67,8.83,8.06,9.33,12.44,2.89,2.83,2.0,2.78,0.4,0.26,0.36,0.61,0.43,,,0.54,0.48,0.52,0.5,0.41,0.27,0.38,0.46,0.62,,,0.53,0.52,0.52,0.52
Burnley,1.0,1.64,3.62,5.38,3.75,5.62,10.56,15.62,91.81,95.75,43.88,55.06,43.12,56.88,0.0,1.0,6.69,10.31,3.88,5.31,1.19,1.38,10.25,6.19,6.19,10.19,10.06,8.19,3.94,2.19,1.47,1.13,0.21,0.25,0.57,0.52,0.51,0.55,0.48,0.51,0.52,0.52,0.51,0.22,0.25,0.58,0.53,0.54,0.56,0.49,0.52,0.52,0.52,0.52,England Premier League,2025-2026,2.59,1.12,6.0,3.47,7.18,2.18,17.71,7.76,106.24,81.18,58.47,34.47,58.35,41.65,1.0,0.33,11.82,4.41,5.88,3.35,1.53,1.65,4.88,11.29,11.35,5.0,9.71,10.47,2.06,3.69,1.31,2.19,0.66,0.22,0.15,0.51,0.53,0.53,0.5,0.51,0.52,0.52,0.51,0.67,0.23,0.15,0.54,0.53,,,0.52,0.52,0.52,0.52
Chelsea,1.44,1.44,6.94,3.82,5.41,3.29,15.71,10.06,108.82,79.65,64.65,38.82,59.41,40.59,1.0,0.4,9.76,6.65,5.94,3.41,1.85,1.38,5.88,9.65,9.76,6.76,10.71,12.18,2.59,3.0,2.12,2.35,0.54,0.24,0.24,0.59,0.44,,,0.54,0.49,0.52,0.51,0.55,0.25,0.25,0.47,0.61,,,0.56,0.49,0.53,0.51,England Premier League,2025-2026,1.47,1.82,4.61,5.22,4.17,4.11,11.22,11.83,88.56,94.89,47.56,46.33,43.5,56.5,0.0,1.5,8.22,8.72,2.94,3.11,1.71,1.76,6.61,6.89,7.72,7.94,11.83,11.22,2.89,2.89,1.94,2.72,0.34,0.26,0.42,0.6,0.44,,,,,0.53,0.5,0.35,0.27,0.44,0.47,0.61,,,,,0.53,0.52
Crystal Palace,1.42,1.75,4.29,4.47,5.35,4.18,13.65,10.24,92.59,100.29,48.18,44.94,47.71,52.29,0.5,0.5,9.94,7.06,3.71,3.18,2.0,1.53,7.35,9.0,9.06,7.35,10.0,10.0,2.59,3.06,1.59,2.29,0.4,0.28,0.34,0.57,0.47,,,0.54,0.49,0.51,0.51,0.41,0.29,0.35,0.49,0.58,,,0.52,0.52,0.53,0.52,England Premier League,2025-2026,1.56,1.22,6.11,4.0,4.79,3.58,12.74,9.89,102.79,78.84,54.0,38.26,56.16,43.84,0.38,0.62,9.05,7.21,3.68,2.68,1.56,2.0,7.11,8.0,7.95,6.68,9.26,10.53,2.16,2.79,1.56,2.75,0.48,0.26,0.28,0.54,0.49,,,0.51,0.52,0.52,0.52,0.49,0.27,0.3,0.51,0.56,,,0.51,0.54,0.52,0.52
Everton,1.53,1.53,4.67,4.83,4.39,3.78,12.22,11.33,94.33,93.56,51.89,44.61,46.11,53.89,0.5,0.5,8.5,7.61,3.72,3.67,1.53,1.4,5.89,6.61,7.78,7.17,10.39,11.5,2.39,2.89,2.06,2.06,0.4,0.28,0.35,0.54,0.49,0.56,0.47,0.52,0.5,0.52,0.51,0.41,0.29,0.36,0.51,0.56,0.5,0.55,0.53,0.52,0.52,0.52,England Premier League,2025-2026,1.25,1.12,5.53,3.82,6.59,3.53,16.41,10.06,110.59,86.59,58.12,43.24,59.12,40.88,1.0,0.0,11.0,7.06,5.29,3.0,1.25,1.5,5.94,10.41,10.0,6.06,10.47,11.0,2.12,3.0,1.12,2.0,0.48,0.27,0.27,0.52,0.52,0.54,0.49,0.51,0.52,0.52,0.51,0.49,0.28,0.28,0.53,0.55,0.55,0.5,0.51,0.53,0.53,0.52
Fulham,1.56,1.11,5.44,5.67,5.44,4.22,13.78,10.61,90.78,88.61,51.56,47.28,53.11,46.89,0.67,0.33,9.44,7.83,4.33,2.78,1.89,2.11,7.89,8.33,8.5,6.56,10.61,10.5,2.41,2.59,2.12,2.38,0.39,0.28,0.36,0.57,0.47,,,0.54,0.49,0.52,0.51,0.4,0.28,0.38,0.49,0.58,,,0.52,0.52,0.51,0.53,England Premier League,2025-2026,1.88,0.88,5.33,4.39,4.83,4.17,13.22,11.17,101.22,86.22,50.0,43.67,49.06,50.94,0.5,0.5,8.72,7.44,4.5,3.67,3.28,1.67,7.11,8.89,9.33,7.06,9.67,10.94,2.39,3.0,1.29,2.24,0.48,0.27,0.28,0.56,0.48,,,0.54,0.49,0.51,0.52,0.5,0.27,0.29,0.5,0.57,,,0.53,0.51,0.52,0.52
Leeds United,1.81,1.25,5.61,4.28,5.61,4.22,14.33,10.89,96.72,97.28,45.11,46.06,48.44,51.56,0.6,0.4,9.67,7.17,4.67,3.78,1.72,2.11,7.17,8.28,8.28,7.0,10.11,11.94,2.28,2.78,1.72,1.89,0.39,0.28,0.36,0.54,0.49,,,0.53,0.5,0.51,0.52,0.4,0.28,0.37,0.51,0.56,,,0.53,0.52,0.51,0.53,England Premier League,2025-2026,2.07,1.21,5.5,3.44,4.81,4.06,13.62,10.56,107.06,84.56,54.31,43.81,55.82,44.18,0.57,0.71,9.69,7.31,3.94,3.25,2.27,1.4,6.69,8.38,8.75,6.88,11.0,10.38,2.38,2.69,1.73,1.73,0.51,0.27,0.25,0.52,0.52,0.56,0.47,0.5,0.53,0.51,0.52,0.52,0.27,0.26,0.53,0.54,0.49,0.56,0.52,0.52,0.53,0.52
Liverpool,1.75,1.06,5.59,4.94,6.53,4.12,16.76,11.0,110.59,82.76,63.41,40.12,59.12,40.88,0.5,0.5,11.0,7.06,5.76,3.94,2.29,1.47,6.71,10.53,9.88,6.94,9.82,10.65,2.71,3.12,1.2,2.27,0.64,0.21,0.18,0.59,0.45,,,,,0.53,0.49,0.65,0.22,0.19,0.47,0.6,,,,,0.55,0.5,England Premier League,2025-2026,1.94,1.65,3.88,6.53,4.18,5.47,11.71,14.35,82.0,109.24,41.88,58.29,39.41,60.59,0.75,0.25,8.0,9.24,3.71,5.12,2.07,2.2,8.35,6.76,7.88,8.47,10.59,10.41,2.75,2.75,2.24,1.94,0.29,0.25,0.48,0.6,0.44,,,,,0.53,0.5,0.3,0.26,0.5,0.45,0.62,,,,,0.53,0.51
Manchester City,2.47,0.65,7.12,3.18,5.88,3.53,16.53,8.47,113.71,72.65,66.76,32.24,60.71,39.29,0.67,0.33,12.12,6.24,4.35,2.29,0.88,2.94,5.29,8.94,10.94,5.76,9.82,11.24,2.0,3.47,1.62,2.5,0.71,0.19,0.13,0.56,0.47,,,,,0.5,0.52,0.71,0.19,0.15,0.48,0.59,,,,,0.51,0.53,England Premier League,2025-2026,1.33,1.93,4.19,5.56,3.25,5.38,10.44,14.19,80.0,111.5,40.25,60.31,39.76,60.24,0.33,0.67,7.69,10.19,2.75,4.0,3.0,1.25,7.81,5.88,6.81,9.06,11.38,9.56,2.56,2.75,1.81,2.0,0.23,0.24,0.56,0.61,0.43,,,,,0.54,0.49,0.25,0.24,0.57,0.47,0.61,,,,,0.53,0.52
Manchester United,2.05,1.26,5.26,4.47,6.16,3.68,17.84,10.32,97.95,98.58,53.84,51.21,51.32,48.68,0.67,0.33,12.37,7.26,5.47,3.11,1.68,1.53,6.32,9.26,12.16,6.37,10.47,10.47,2.26,4.68,1.79,2.47,0.54,0.24,0.25,0.61,0.43,,,,,0.54,0.5,0.54,0.24,0.27,0.45,0.63,,,,,0.53,0.51,England Premier League,2025-2026,1.62,1.62,5.29,4.53,4.88,5.29,12.94,13.76,96.0,100.35,46.65,43.65,47.41,52.59,0.5,0.67,8.53,8.53,4.35,5.29,2.0,1.25,8.0,7.94,8.0,8.71,11.29,10.41,2.82,2.53,1.75,1.62,0.38,0.26,0.39,0.62,0.42,,,0.55,0.48,0.52,0.5,0.39,0.26,0.41,0.44,0.63,,,,,0.52,0.52
Newcastle United,1.89,1.5,6.72,5.11,5.0,3.94,14.17,12.11,96.11,91.17,53.06,47.83,51.06,48.94,1.0,0.5,9.72,8.67,4.44,3.44,1.69,1.0,8.22,8.89,9.56,8.0,10.56,13.39,3.11,3.5,1.61,3.06,0.5,0.25,0.28,0.58,0.45,,,0.5,0.53,0.52,0.5,0.51,0.26,0.29,0.47,0.6,,,0.54,0.5,0.53,0.52,England Premier League,2025-2026,1.62,1.23,4.82,5.35,4.47,4.12,12.12,11.76,93.53,104.94,49.76,57.94,46.41,53.59,1.0,0.0,7.59,7.24,4.47,4.59,1.57,1.14,7.76,7.29,7.82,7.06,10.65,9.41,2.53,2.71,1.75,1.81,0.36,0.27,0.4,0.61,0.43,,,0.54,0.48,0.53,0.5,0.37,0.27,0.41,0.47,0.6,,,0.52,0.52,0.53,0.52
Nottingham Forest,1.36,1.5,5.94,4.06,5.94,4.47,14.82,11.88,98.29,88.0,59.65,42.24,49.29,50.71,0.25,0.75,9.06,7.71,5.71,4.18,1.67,0.67,6.82,9.88,9.59,7.41,10.12,11.06,2.71,3.06,1.31,1.81,0.42,0.28,0.34,0.55,0.49,0.56,0.47,0.52,0.51,0.5,0.53,0.43,0.28,0.35,0.51,0.57,0.49,0.56,0.53,0.51,0.52,0.53,England Premier League,2025-2026,1.47,1.47,5.74,4.42,4.95,2.84,14.58,10.05,104.11,83.74,60.84,40.47,55.37,44.63,0.75,0.5,9.95,6.53,4.63,3.63,1.26,1.68,5.37,9.32,8.53,6.58,12.21,11.11,2.74,3.0,2.0,1.89,0.5,0.27,0.26,0.55,0.48,,,0.53,0.5,0.51,0.52,0.51,0.27,0.27,0.5,0.57,,,0.53,0.51,0.53,0.52
Sunderland,1.47,1.07,3.65,4.88,4.71,4.06,11.53,12.06,92.65,94.53,48.0,51.35,45.76,54.24,1.0,0.5,8.18,7.88,3.35,4.24,1.29,1.5,7.47,8.24,7.35,7.29,10.29,11.41,2.76,2.41,2.06,2.31,0.3,0.29,0.44,0.52,0.52,0.55,0.48,0.51,0.52,0.51,0.53,0.31,0.29,0.45,0.53,0.54,0.53,0.51,0.53,0.52,0.52,0.53,England Premier League,2025-2026,1.69,1.0,5.5,3.39,6.61,3.17,16.33,8.83,96.61,83.83,61.67,42.33,56.0,44.0,0.33,0.67,10.5,6.22,5.83,2.61,1.11,1.78,5.89,8.72,10.33,5.17,10.61,11.06,2.11,3.61,1.5,2.28,0.56,0.26,0.21,0.51,0.52,0.56,0.47,0.52,0.51,0.5,0.53,0.58,0.26,0.22,0.54,0.53,0.52,0.52,0.52,0.52,0.51,0.53
Tottenham Hotspur,1.18,1.59,6.41,5.24,4.94,4.29,12.65,11.24,94.47,87.53,53.88,43.71,52.24,47.76,0.0,1.0,8.71,8.47,3.94,2.71,1.82,2.0,6.71,8.41,7.76,7.47,12.18,10.35,2.35,2.59,3.12,2.19,0.42,0.27,0.33,0.58,0.45,,,0.54,0.5,0.52,0.51,0.44,0.28,0.35,0.48,0.59,,,0.55,0.5,0.54,0.51,England Premier League,2025-2026,1.41,1.47,4.39,4.83,5.61,3.61,13.17,10.33,96.11,86.78,48.5,40.33,51.11,48.89,1.0,0.0,8.11,7.11,5.06,3.28,1.88,1.53,7.44,9.5,8.83,6.83,9.78,11.39,2.5,2.67,1.65,2.53,0.45,0.26,0.31,0.58,0.45,,,0.53,0.5,0.52,0.51,0.46,0.27,0.32,0.48,0.6,,,0.54,0.5,0.52,0.53
West Ham United,1.41,1.76,5.06,5.59,3.35,5.47,10.24,13.76,84.24,103.47,40.59,57.24,41.71,58.29,0.67,1.0,7.18,9.47,3.06,4.35,1.94,1.56,8.35,5.88,6.47,9.47,11.24,10.12,2.76,2.29,1.82,2.18,0.31,0.27,0.45,0.59,0.44,,,0.54,0.49,0.52,0.5,0.32,0.27,0.47,0.47,0.6,,,0.52,0.52,0.53,0.52,England Premier League,2025-2026,1.76,1.0,6.5,4.5,5.72,3.89,16.06,10.17,102.56,85.78,62.67,41.39,57.06,42.94,0.8,0.2,11.28,7.61,4.78,2.56,0.81,1.94,6.83,9.72,10.0,7.29,10.89,11.0,2.67,4.11,1.88,2.06,0.55,0.24,0.24,0.57,0.46,,,0.54,0.49,0.52,0.51,0.55,0.25,0.25,0.48,0.59,,,0.54,0.5,0.52,0.52
Wolverhampton Wanderers,0.94,2.0,3.41,5.47,4.12,4.24,10.53,12.29,85.53,102.71,40.18,52.76,44.12,55.88,0.5,0.67,6.76,8.24,3.65,4.06,1.59,1.76,6.94,6.76,7.35,7.29,12.88,10.47,2.41,2.94,1.53,2.0,0.26,0.27,0.5,0.55,0.48,0.53,0.5,0.51,0.51,0.52,0.51,0.27,0.27,0.51,0.51,0.56,0.54,0.5,0.51,0.54,0.51,0.53,England Premier League,2025-2026,2.0,0.44,6.47,3.53,6.88,4.06,15.65,8.71,107.88,84.65,62.65,38.18,57.29,42.71,1.0,0.0,10.29,5.59,5.35,3.12,1.2,1.4,6.29,10.0,10.47,5.71,10.47,13.71,2.18,3.24,1.19,2.69,0.66,0.22,0.16,0.51,0.52,0.55,0.47,0.53,0.5,0.53,0.5,0.67,0.22,0.17,0.53,0.53,0.56,0.48,0.52,0.53,0.52,0.52
Angers SCO,1.2,1.27,4.31,4.56,3.94,5.0,10.56,13.75,69.06,107.25,34.62,49.06,43.06,56.94,0.25,0.75,6.31,7.88,4.25,5.81,1.93,1.2,8.06,6.5,7.19,9.75,12.69,11.81,4.44,2.88,1.62,1.62,0.28,0.29,0.46,0.52,0.52,0.54,0.48,0.5,0.53,0.52,0.51,0.29,0.29,0.48,0.53,0.54,0.54,0.51,0.52,0.52,0.51,0.53,France Ligue 1,2025-2026,1.73,0.73,5.75,3.06,7.25,3.31,15.44,8.5,120.69,73.06,54.25,29.5,58.75,41.25,0.5,1.0,10.31,5.62,5.12,2.94,1.25,1.75,5.12,9.19,11.69,5.25,10.94,9.38,2.19,3.75,1.15,1.54,0.61,0.24,0.18,0.48,0.55,0.52,0.51,0.52,0.51,0.5,0.53,0.63,0.24,0.19,0.56,0.51,0.5,0.54,0.52,0.52,0.52,0.53
Auxerre,1.5,1.17,5.56,4.38,4.06,3.94,11.5,10.5,90.06,96.31,42.56,38.38,43.88,56.12,0.67,0.5,7.75,7.38,3.75,3.19,1.21,1.86,6.12,7.5,7.38,6.75,13.19,12.94,3.06,2.88,1.75,3.25,0.34,0.28,0.41,0.54,0.49,,,0.52,0.5,0.5,0.53,0.35,0.28,0.42,0.52,0.55,,,0.51,0.53,0.51,0.53,France Ligue 1,2025-2026,1.69,1.0,5.0,4.06,5.12,3.59,13.35,9.94,97.0,86.65,48.0,34.65,56.0,44.0,0.67,0.33,8.29,6.29,5.06,3.65,1.53,1.65,5.88,8.18,8.65,5.82,13.41,14.06,2.35,3.53,1.82,2.35,0.54,0.26,0.22,0.52,0.51,0.55,0.48,0.51,0.52,0.5,0.53,0.56,0.27,0.23,0.53,0.54,0.54,0.51,0.53,0.51,0.52,0.52
Brest,1.86,1.64,4.75,4.06,5.75,5.19,14.0,11.62,100.25,98.31,37.38,42.19,45.06,54.94,1.0,0.5,8.81,7.44,5.19,4.12,1.27,1.93,8.56,9.38,8.94,8.06,12.75,11.12,2.19,2.81,1.75,1.88,0.36,0.28,0.39,0.56,0.47,0.53,0.49,0.51,0.51,0.51,0.52,0.38,0.28,0.39,0.49,0.58,,,0.52,0.52,0.52,0.52,France Ligue 1,2025-2026,1.88,0.88,7.71,3.06,4.88,3.71,15.88,8.59,100.35,83.88,49.65,36.94,57.53,42.47,0.33,0.67,10.65,5.41,5.24,3.18,2.12,1.41,6.53,6.82,9.35,5.71,11.53,12.88,1.76,3.76,1.44,1.88,0.49,0.27,0.27,0.55,0.48,,,0.5,0.53,0.52,0.51,0.5,0.27,0.27,0.51,0.57,0.56,0.48,0.5,0.55,0.51,0.53
LOSC Lille,1.5,1.06,6.35,3.59,5.59,3.29,14.76,8.24,114.94,76.82,63.53,33.12,56.82,43.18,1.25,0.0,10.88,5.29,3.88,3.0,1.29,1.41,5.59,8.24,9.53,5.76,10.47,13.24,1.94,3.35,2.0,1.76,0.55,0.25,0.23,0.56,0.48,,,0.54,0.49,0.53,0.5,0.56,0.25,0.25,0.51,0.57,,,0.53,0.51,0.53,0.52,France Ligue 1,2025-2026,1.33,1.8,4.19,4.94,3.94,3.94,10.19,12.38,84.88,97.75,39.62,51.44,45.12,54.88,0.8,0.4,6.25,8.06,3.94,4.31,1.79,1.71,6.62,7.31,6.94,7.62,13.19,10.94,2.94,2.56,2.12,2.62,0.35,0.26,0.42,0.57,0.47,,,0.52,0.51,0.52,0.51,0.35,0.27,0.42,0.49,0.58,,,0.53,0.51,0.52,0.52
Le Havre,1.54,1.31,4.94,3.44,4.88,4.12,12.12,10.19,87.31,92.62,44.94,43.5,47.81,52.19,0.8,0.6,7.69,6.81,4.44,3.38,2.46,2.31,6.62,8.62,7.75,7.06,13.5,14.56,2.19,2.62,1.75,2.56,0.34,0.29,0.4,0.55,0.49,0.56,0.48,0.51,0.52,0.51,0.52,0.35,0.29,0.41,0.51,0.56,0.52,0.52,0.51,0.53,0.52,0.52,France Ligue 1,2025-2026,1.71,0.86,6.31,3.56,6.31,4.94,15.56,10.12,102.38,82.06,58.38,38.88,54.75,45.25,0.75,0.25,10.62,6.06,4.94,4.06,2.27,2.0,7.75,8.81,9.4,6.67,13.75,14.0,2.75,3.62,1.5,1.94,0.58,0.25,0.2,0.52,0.52,0.52,0.51,0.52,0.5,0.51,0.52,0.58,0.25,0.22,0.54,0.54,0.52,0.52,0.53,0.51,0.53,0.52
Lens,2.06,0.62,6.75,4.25,7.44,4.19,18.25,10.5,96.0,88.44,53.44,37.56,52.25,47.75,0.67,0.33,12.88,7.25,5.38,3.25,2.47,1.0,5.88,10.19,12.33,5.4,12.56,12.25,1.87,4.47,1.53,2.4,0.58,0.23,0.22,0.58,0.45,,,,,0.54,0.48,0.59,0.24,0.23,0.48,0.59,,,,,0.55,0.5,France Ligue 1,2025-2026,1.4,2.0,4.31,5.5,4.06,6.25,12.0,14.0,94.69,93.12,43.38,45.38,49.69,50.31,0.83,0.33,7.56,9.88,4.44,4.12,1.23,2.08,8.31,6.31,7.06,9.56,11.75,13.06,2.81,3.0,2.06,2.5,0.33,0.25,0.45,0.59,0.44,,,0.53,0.5,0.54,0.49,0.34,0.26,0.46,0.47,0.61,,,0.53,0.51,0.52,0.52
Lorient,1.82,1.47,3.24,5.29,5.06,4.06,11.94,10.18,82.0,108.65,41.0,50.76,45.76,54.24,0.67,0.5,7.71,6.82,4.24,3.35,1.94,1.0,7.0,6.29,8.06,6.94,9.47,12.47,2.71,2.65,1.81,2.56,0.36,0.28,0.4,0.55,0.49,,,0.51,0.51,0.51,0.52,0.36,0.28,0.41,0.5,0.57,,,0.53,0.52,0.52,0.52,France Ligue 1,2025-2026,1.53,0.93,5.62,3.56,5.25,4.5,12.31,10.31,113.19,80.5,59.25,35.62,56.06,43.94,0.5,0.5,8.12,6.19,4.19,4.12,1.0,1.33,6.44,9.06,7.62,7.31,13.88,9.81,2.5,2.31,1.94,1.5,0.53,0.26,0.24,0.54,0.5,0.55,0.48,0.52,0.51,0.52,0.51,0.54,0.27,0.25,0.51,0.56,0.55,0.5,0.53,0.51,0.52,0.53
Metz,1.07,2.29,4.94,4.29,4.71,4.82,11.76,12.47,92.65,94.29,44.35,39.24,50.0,50.0,0.75,0.5,7.18,7.24,4.59,5.24,1.79,1.64,7.24,6.18,8.06,9.0,11.53,10.94,2.76,2.82,1.53,1.8,0.26,0.26,0.52,0.56,0.48,,,0.54,0.49,0.51,0.52,0.27,0.26,0.53,0.48,0.59,,,0.53,0.51,0.53,0.51,France Ligue 1,2025-2026,2.93,1.21,6.38,3.69,7.38,3.62,18.25,8.69,99.38,73.5,50.88,29.88,51.19,48.81,0.86,0.43,12.5,5.69,5.75,3.0,1.87,1.2,5.62,9.81,12.94,5.56,11.56,11.0,1.75,4.5,1.5,1.81,0.65,0.22,0.17,0.54,0.49,,,0.54,0.5,0.52,0.5,0.66,0.22,0.17,0.52,0.55,,,0.53,0.52,0.52,0.52
Monaco,1.94,1.44,4.94,4.19,4.38,4.44,12.25,12.06,105.94,90.75,49.19,39.62,53.5,46.5,1.0,0.6,9.0,8.38,3.25,3.69,3.0,1.71,7.44,8.06,8.62,7.31,13.0,11.0,2.88,2.88,1.88,1.88,0.55,0.23,0.24,0.62,0.42,,,,,,,0.57,0.24,0.25,0.44,0.63,,,,,,,France Ligue 1,2025-2026,2.07,1.71,4.44,5.38,6.19,5.0,15.0,13.12,94.06,103.56,44.75,51.62,46.75,53.25,0.5,0.5,8.94,9.62,6.06,3.5,1.0,2.14,7.75,8.38,10.19,8.44,10.56,13.25,2.94,2.56,1.44,2.69,0.3,0.24,0.48,0.63,0.4,,,,,0.54,0.49,0.31,0.25,0.5,0.42,0.65,,,,,0.54,0.51
Nantes,1.07,1.8,3.81,4.88,5.12,4.62,11.62,12.25,84.12,94.19,37.81,42.56,45.56,54.44,1.0,0.5,7.19,8.94,4.44,3.31,1.0,2.36,7.56,7.38,7.73,9.33,11.62,13.0,3.0,2.44,1.87,2.4,0.29,0.27,0.46,0.55,0.49,0.49,0.54,0.52,0.5,0.52,0.52,0.3,0.28,0.47,0.51,0.57,0.53,0.51,0.54,0.5,0.52,0.53,France Ligue 1,2025-2026,1.79,0.79,6.24,3.41,5.41,3.88,14.41,10.59,106.71,72.71,54.41,31.47,59.65,40.35,0.8,0.2,9.53,7.06,4.88,3.53,3.47,1.65,5.35,8.35,9.59,5.71,14.24,12.88,2.41,3.53,2.29,2.06,0.61,0.24,0.18,0.52,0.52,,,0.52,0.5,0.51,0.52,0.62,0.25,0.19,0.53,0.54,0.56,0.49,0.53,0.51,0.52,0.52
Nice,1.14,1.71,5.69,5.69,5.44,4.56,13.31,13.88,79.5,89.25,35.38,43.0,46.06,53.94,0.14,0.86,8.38,8.62,4.94,5.25,2.47,1.07,6.19,8.0,9.06,8.62,12.06,12.0,3.44,3.44,1.88,1.75,0.42,0.26,0.35,0.6,0.44,,,0.55,0.48,0.52,0.51,0.43,0.26,0.36,0.46,0.61,,,0.52,0.52,0.51,0.53,France Ligue 1,2025-2026,2.06,1.12,5.65,4.65,6.53,3.12,15.88,9.47,106.59,90.41,55.29,37.47,53.06,46.94,1.0,0.67,10.29,6.24,5.59,3.18,0.93,1.71,6.76,8.0,10.59,6.59,11.88,12.47,2.35,3.41,2.12,2.12,0.48,0.26,0.29,0.59,0.44,,,0.52,0.51,0.52,0.51,0.48,0.27,0.3,0.48,0.6,,,0.49,0.56,0.51,0.54
Olympique Lyonnais,1.76,1.06,6.53,4.06,5.24,4.35,13.53,10.35,95.53,75.82,49.76,37.59,56.12,43.88,0.6,0.4,9.18,6.94,4.29,3.41,1.27,1.53,6.59,8.12,8.53,6.94,13.29,13.0,2.53,2.88,1.65,2.29,0.53,0.25,0.25,0.56,0.48,,,0.51,0.51,0.51,0.52,0.54,0.25,0.26,0.49,0.58,,,,,0.52,0.52,France Ligue 1,2025-2026,1.58,1.83,6.0,5.44,5.06,3.62,13.62,11.44,90.75,88.38,51.19,42.94,46.69,53.31,0.5,0.5,8.81,7.69,4.81,3.75,2.21,1.5,5.75,7.62,8.31,8.0,14.0,12.75,3.38,2.94,2.75,2.06,0.35,0.27,0.4,0.58,0.46,,,0.54,0.49,0.51,0.52,0.36,0.28,0.42,0.49,0.59,,,0.52,0.53,0.53,0.52
Olympique Marseille,2.41,1.18,5.59,3.18,5.82,3.76,15.82,10.29,107.53,79.0,53.76,31.06,57.82,42.18,0.71,0.43,10.06,7.12,5.76,3.18,1.19,2.12,5.71,8.76,11.06,7.65,12.94,10.35,2.76,3.82,2.24,1.59,0.61,0.22,0.2,0.56,0.48,,,,,0.54,0.49,0.62,0.23,0.22,0.49,0.58,,,,,0.52,0.52,France Ligue 1,2025-2026,1.44,1.38,4.12,4.94,4.31,5.75,10.94,14.19,76.31,97.69,31.94,44.0,44.69,55.31,1.0,0.67,8.0,9.06,2.81,5.12,2.62,1.31,7.38,7.31,7.44,10.31,11.62,12.19,3.75,2.5,1.87,2.6,0.3,0.26,0.47,0.6,0.44,,,,,0.53,0.5,0.31,0.26,0.49,0.46,0.62,,,,,0.52,0.53
Paris,1.75,1.69,5.53,4.35,5.88,5.0,13.47,11.59,96.59,86.18,44.18,40.88,52.12,47.88,0.67,0.67,9.29,8.47,4.18,3.12,2.94,1.94,7.18,7.53,8.76,7.59,10.82,10.94,1.76,2.94,2.41,1.76,0.4,0.27,0.36,0.57,0.46,,,0.53,0.5,0.52,0.51,0.41,0.28,0.37,0.48,0.59,,,0.54,0.51,0.52,0.52,France Ligue 1,2025-2026,1.69,1.38,6.44,3.25,5.0,4.0,12.69,10.19,101.56,82.94,49.5,33.5,51.12,48.88,1.0,0.29,8.25,6.56,4.44,3.62,1.47,1.33,6.25,9.88,8.31,6.25,10.44,10.56,2.38,3.0,1.19,1.62,0.5,0.26,0.27,0.57,0.47,,,0.53,0.5,0.51,0.52,0.51,0.27,0.28,0.48,0.59,,,0.53,0.51,0.53,0.51
Paris Saint Germain,2.38,0.75,7.69,2.81,8.0,2.88,20.38,7.75,139.94,63.31,76.62,25.5,69.5,30.5,0.8,0.2,12.5,4.62,7.88,3.12,1.54,2.31,3.81,10.62,13.6,5.47,9.56,8.62,2.38,4.56,1.5,1.43,0.79,0.15,0.09,0.54,0.5,,,,,,,0.8,0.15,0.1,0.51,0.56,,,,,,,France Ligue 1,2025-2026,1.06,2.0,3.62,5.38,3.94,5.06,10.12,14.81,74.62,122.56,35.0,56.5,31.75,68.25,1.0,0.75,6.81,9.75,3.31,5.12,3.07,1.07,8.0,6.12,6.88,10.88,9.44,8.56,4.06,2.31,1.47,1.0,0.16,0.2,0.68,0.58,0.46,,,,,,,0.17,0.2,0.69,0.47,0.6,,,,,,
Rennes,2.07,1.21,6.5,4.81,5.56,4.38,16.19,12.38,103.31,84.19,62.19,44.5,53.94,46.06,0.5,0.5,9.75,8.5,6.44,3.88,2.81,1.56,6.69,9.31,11.31,8.06,13.12,12.81,2.69,3.88,1.67,2.4,0.49,0.25,0.29,0.6,0.44,,,0.51,0.52,0.53,0.5,0.5,0.25,0.3,0.47,0.6,,,,,0.52,0.52,France Ligue 1,2025-2026,2.06,1.62,4.62,5.56,5.88,5.25,15.06,12.5,92.06,89.5,44.75,40.19,47.81,52.19,0.67,0.67,10.0,8.19,5.06,4.25,2.5,2.12,6.38,8.94,10.94,9.19,10.88,11.12,2.8,3.2,2.13,1.8,0.42,0.26,0.35,0.6,0.43,,,0.54,0.49,0.51,0.53,0.43,0.26,0.36,0.45,0.62,,,0.55,0.49,0.51,0.53
Strasbourg,2.0,1.31,5.2,4.47,4.27,4.53,12.27,11.47,97.13,87.73,45.53,41.73,51.87,48.13,0.5,0.5,8.53,6.67,3.67,4.8,2.2,1.2,6.93,7.6,7.8,7.0,9.6,12.8,2.8,3.07,1.33,1.87,0.46,0.26,0.32,0.56,0.47,,,0.55,0.48,0.53,0.5,0.47,0.26,0.33,0.47,0.6,,,0.56,0.49,0.52,0.53,France Ligue 1,2025-2026,1.75,1.75,4.71,3.53,5.18,3.76,13.29,10.88,80.88,97.06,40.82,40.76,44.47,55.53,0.43,0.57,9.71,7.47,3.59,3.41,1.67,1.73,7.29,7.65,9.19,7.44,13.06,12.65,2.35,3.71,1.76,2.18,0.4,0.27,0.35,0.59,0.44,,,0.54,0.49,0.52,0.51,0.42,0.28,0.36,0.47,0.6,,,0.52,0.52,0.52,0.53
Toulouse,1.71,1.64,4.62,4.44,6.12,3.94,14.31,10.56,84.62,86.88,40.75,37.94,42.44,57.56,1.0,0.6,10.0,6.75,4.31,3.81,1.07,1.5,6.19,7.12,9.38,6.5,14.0,12.44,2.38,2.94,1.94,2.06,0.43,0.27,0.33,0.53,0.5,,,0.53,0.5,0.5,0.53,0.44,0.28,0.34,0.52,0.56,0.5,0.55,0.54,0.51,0.52,0.52,France Ligue 1,2025-2026,1.4,1.47,5.69,3.88,5.62,3.94,13.81,10.44,90.44,84.81,46.12,38.06,58.25,41.75,0.5,0.75,8.25,6.44,5.56,4.0,1.45,1.82,6.19,7.56,9.6,7.33,9.75,14.31,2.38,2.88,1.53,2.87,0.42,0.28,0.33,0.53,0.5,0.54,0.48,0.5,0.52,0.5,0.52,0.43,0.28,0.34,0.51,0.56,0.49,0.56,0.51,0.53,0.51,0.53
DSC Arminia Bielefeld,2.27,1.33,6.44,3.31,6.0,4.38,16.12,10.5,100.94,83.44,53.44,37.06,54.38,45.62,1.0,0.0,11.12,6.38,5.0,4.12,2.75,1.56,7.0,9.56,10.81,7.12,12.56,13.5,2.19,2.94,2.0,2.44,0.47,0.27,0.3,0.64,0.4,,,0.55,0.48,0.52,0.51,0.48,0.28,0.31,0.44,0.64,,,0.5,0.56,0.53,0.53,Germany Bundesliga 2,2025-2026,1.75,1.12,5.5,5.38,6.12,5.0,15.31,13.25,93.62,101.25,43.44,49.0,50.38,49.62,1.0,0.6,10.75,8.0,4.44,5.31,1.62,1.44,8.44,7.25,11.31,8.19,13.56,12.5,2.62,3.88,2.86,2.07,0.42,0.27,0.34,0.62,0.42,,,0.55,0.48,0.52,0.51,0.44,0.28,0.36,0.44,0.63,,,0.5,0.56,0.54,0.52
Darmstadt 98,2.14,1.14,5.19,5.31,6.19,5.81,15.31,12.75,88.12,79.88,45.69,44.5,50.94,49.06,0.33,0.67,10.62,7.38,4.62,5.44,1.53,1.2,8.0,9.0,9.38,7.56,11.44,12.56,2.56,3.81,1.88,1.69,0.49,0.26,0.29,0.63,0.41,,,,,0.54,0.5,0.5,0.27,0.3,0.43,0.64,,,,,0.53,0.53,Germany Bundesliga 2,2025-2026,1.67,1.6,5.69,4.38,6.75,5.62,16.62,12.75,97.56,90.0,53.31,39.06,48.25,51.75,0.6,0.4,10.19,8.25,6.38,4.31,1.6,1.53,7.38,9.25,11.06,8.88,10.19,11.5,2.69,4.06,1.73,1.8,0.41,0.27,0.35,0.63,0.41,,,,,0.52,0.51,0.43,0.27,0.36,0.42,0.65,,,,,0.53,0.52
Dynamo Dresden,1.56,1.25,5.06,5.12,5.06,4.75,12.19,12.62,84.12,101.75,40.44,42.75,49.31,50.69,0.33,0.83,7.81,8.62,3.88,4.0,2.21,1.29,7.0,7.38,8.53,7.87,10.06,12.75,2.38,2.38,1.94,2.56,0.42,0.27,0.34,0.62,0.42,,,0.55,0.48,0.51,0.53,0.44,0.28,0.35,0.44,0.63,,,0.5,0.56,0.53,0.52,Germany Bundesliga 2,2025-2026,1.94,1.5,6.0,5.44,7.38,5.25,15.12,13.94,98.19,97.56,49.19,45.94,48.5,51.5,1.0,0.25,10.19,8.81,4.81,5.12,0.79,1.86,7.38,8.88,10.06,8.31,10.88,10.12,3.12,2.31,1.57,1.79,0.48,0.27,0.28,0.62,0.42,,,,,0.53,0.5,0.5,0.28,0.3,0.45,0.63,,,,,0.54,0.52
Eintracht Braunschweig,1.18,1.53,4.82,5.71,5.29,5.0,12.94,13.76,96.82,96.82,38.59,45.94,41.94,58.06,0.67,0.33,7.71,9.76,5.06,3.94,1.94,1.44,8.24,7.65,8.47,8.29,11.88,13.35,2.76,2.71,2.29,3.24,0.34,0.28,0.41,0.61,0.43,,,0.53,0.51,0.52,0.51,0.35,0.29,0.43,0.46,0.62,,,0.52,0.53,0.53,0.52,Germany Bundesliga 2,2025-2026,1.67,1.0,6.0,4.94,4.81,5.38,12.38,11.88,90.38,98.19,45.56,45.0,54.12,45.88,1.0,0.0,8.44,6.44,3.69,5.44,1.13,1.67,7.44,7.69,8.44,6.94,12.62,12.38,2.62,2.69,2.44,2.31,0.53,0.26,0.24,0.59,0.45,,,0.55,0.48,0.52,0.52,0.54,0.27,0.26,0.47,0.61,,,0.51,0.55,0.54,0.52
Elversberg,2.13,0.87,6.31,3.88,5.81,4.25,15.94,9.94,102.19,81.81,56.25,37.25,53.75,46.25,0.67,0.33,10.62,6.62,5.38,3.25,1.87,1.0,7.12,9.31,10.5,6.25,10.25,12.5,2.44,3.31,1.43,2.43,0.54,0.25,0.25,0.63,0.41,,,,,0.54,0.5,0.55,0.25,0.27,0.44,0.63,,,,,0.55,0.51,Germany Bundesliga 2,2025-2026,1.5,1.75,4.62,5.94,5.0,5.25,12.12,14.69,86.0,94.25,41.62,47.75,46.69,53.31,0.2,1.0,8.62,9.56,3.44,5.06,1.12,1.88,8.25,7.19,8.06,10.12,13.31,10.75,3.12,2.75,3.31,2.38,0.35,0.28,0.41,0.62,0.42,,,,,0.52,0.51,0.36,0.28,0.42,0.43,0.64,,,,,0.53,0.53
Fortuna Düsseldorf,1.43,1.79,4.12,3.56,5.12,4.25,12.06,13.19,93.62,87.44,49.19,39.19,50.62,49.38,0.0,1.0,7.5,8.38,4.56,4.75,1.75,1.75,6.0,8.56,7.75,7.94,11.88,10.38,3.62,2.56,3.31,2.31,0.42,0.27,0.34,0.63,0.41,,,,,0.53,0.51,0.43,0.28,0.35,0.43,0.64,,,,,0.54,0.52,Germany Bundesliga 2,2025-2026,1.56,0.62,5.44,4.0,5.38,4.94,14.75,12.25,101.69,93.94,47.56,41.88,52.12,47.88,0.67,0.33,9.56,8.38,5.12,3.88,2.25,1.81,8.0,7.88,9.25,7.81,10.94,12.69,2.75,3.25,2.13,2.93,0.48,0.26,0.3,0.62,0.42,,,,,0.52,0.51,0.49,0.27,0.31,0.44,0.63,,,0.54,0.51,0.52,0.52
Hannover 96,1.8,1.53,8.0,3.69,5.88,4.94,16.56,12.44,104.06,81.06,57.88,36.25,57.81,42.19,0.83,0.33,11.69,7.62,4.81,4.88,2.14,0.5,5.88,8.62,10.75,7.44,12.06,13.75,2.88,4.19,1.81,2.94,0.56,0.25,0.23,0.61,0.43,,,,,0.54,0.5,0.58,0.26,0.24,0.46,0.62,,,,,0.53,0.53,Germany Bundesliga 2,2025-2026,1.31,2.0,4.31,4.44,4.88,4.25,12.0,12.0,85.19,99.62,38.19,45.06,45.56,54.44,0.43,0.57,7.12,8.56,4.88,3.44,0.73,2.2,7.38,6.81,7.56,8.5,13.56,12.0,3.06,2.75,2.12,2.19,0.33,0.27,0.43,0.64,0.4,,,,,0.53,0.51,0.35,0.28,0.45,0.43,0.64,,,,,0.55,0.51
Hertha BSC,1.07,1.2,4.76,5.94,6.0,5.94,13.35,13.82,95.24,93.76,43.18,42.59,49.94,50.06,0.6,0.4,9.0,9.12,4.35,4.71,1.76,1.06,8.12,8.88,9.71,9.0,11.35,10.29,2.53,3.41,2.25,2.06,0.5,0.26,0.27,0.62,0.42,,,0.55,0.48,0.51,0.52,0.51,0.27,0.29,0.44,0.64,,,0.5,0.56,0.55,0.51,Germany Bundesliga 2,2025-2026,1.4,1.93,5.94,3.94,5.88,5.06,14.69,11.94,98.0,90.75,47.62,44.62,52.38,47.62,0.25,0.75,9.56,8.19,5.06,3.75,0.88,2.12,8.0,9.38,10.12,8.94,12.12,12.81,2.25,3.25,2.62,2.62,0.42,0.27,0.35,0.64,0.4,,,,,0.54,0.5,0.42,0.28,0.37,0.41,0.66,,,,,0.51,0.55
Holstein Kiel,1.4,1.2,6.19,4.69,6.12,4.56,13.5,11.88,91.0,97.38,48.44,45.0,54.62,45.38,0.5,0.5,8.5,7.75,4.88,4.12,2.0,2.25,7.38,8.38,9.56,7.75,12.75,13.5,2.75,2.69,2.19,2.94,0.44,0.28,0.32,0.61,0.43,,,0.52,0.51,0.52,0.51,0.45,0.28,0.34,0.46,0.62,,,0.54,0.51,0.54,0.52,Germany Bundesliga 2,2025-2026,1.62,1.31,5.25,4.25,6.81,4.44,16.44,10.44,101.25,75.06,55.06,33.0,52.44,47.56,0.71,0.57,10.19,6.5,6.38,3.94,2.47,1.27,7.19,10.38,11.38,7.12,12.31,15.81,1.75,3.19,2.44,3.62,0.46,0.27,0.3,0.61,0.43,,,0.55,0.49,0.53,0.5,0.47,0.28,0.32,0.45,0.63,,,0.5,0.56,0.53,0.53
Kaiserslautern,2.12,1.06,5.81,3.81,5.69,5.69,15.69,12.44,98.62,94.19,48.31,39.44,49.88,50.12,0.5,0.67,11.31,7.56,4.44,4.88,1.6,1.67,8.69,7.88,9.94,8.62,11.75,13.12,2.75,3.88,2.87,3.13,0.41,0.27,0.36,0.64,0.4,,,,,0.54,0.49,0.42,0.28,0.37,0.42,0.65,,,,,0.54,0.52,Germany Bundesliga 2,2025-2026,1.73,0.93,6.06,3.69,6.38,4.25,15.69,9.69,99.38,84.75,46.56,33.81,54.56,45.44,0.6,0.4,10.19,6.31,5.5,3.31,1.47,1.07,6.56,10.62,11.56,6.88,12.06,11.88,2.19,4.06,2.25,2.5,0.47,0.26,0.3,0.64,0.4,,,,,0.52,0.51,0.5,0.27,0.3,0.43,0.65,,,,,0.54,0.52
Karlsruher SC,1.94,1.75,4.88,5.12,4.75,6.31,12.69,16.0,83.69,91.06,40.62,39.94,47.88,52.12,0.67,0.67,8.31,10.56,4.31,5.44,1.56,1.69,8.19,6.69,8.69,10.56,12.69,11.12,3.5,2.81,2.75,2.44,0.36,0.26,0.4,0.64,0.4,,,,,,,0.38,0.28,0.42,0.41,0.66,,,,,0.55,0.51,Germany Bundesliga 2,2025-2026,2.2,1.2,4.65,4.41,6.18,5.0,16.59,11.35,101.12,92.53,41.59,42.53,50.06,49.94,0.5,0.5,10.82,7.59,5.82,3.71,1.24,1.65,6.71,9.29,12.31,7.0,9.24,11.29,2.12,4.12,1.35,2.41,0.55,0.24,0.25,0.64,0.4,,,,,0.54,0.49,0.56,0.25,0.26,0.43,0.64,,,,,0.54,0.51
Magdeburg,1.35,1.65,5.29,4.12,6.47,3.88,15.47,12.06,103.65,85.06,50.12,39.12,55.76,44.24,0.5,1.0,9.41,8.06,6.0,4.12,2.06,0.82,6.41,10.94,11.0,7.59,10.71,12.06,2.82,3.53,2.29,2.65,0.48,0.26,0.3,0.66,0.38,,,,,,,0.49,0.26,0.31,0.4,0.67,,,,,,,Germany Bundesliga 2,2025-2026,1.67,1.73,5.69,5.31,5.5,6.0,15.19,15.25,89.12,83.81,47.31,42.75,47.25,52.75,0.25,0.75,10.0,10.0,4.62,5.5,0.88,1.75,8.94,8.44,8.56,9.75,12.5,12.0,4.31,3.25,2.0,2.75,0.42,0.26,0.35,0.66,0.38,,,,,,,0.44,0.27,0.36,0.4,0.67,,,,,,
Nürnberg,1.69,1.06,5.18,5.0,5.65,5.29,14.35,12.24,94.18,94.53,44.82,42.06,50.24,49.76,0.4,0.6,9.82,8.41,4.59,3.76,1.38,2.06,8.06,8.18,9.71,8.41,10.47,13.24,2.65,3.29,2.12,2.65,0.44,0.27,0.33,0.63,0.41,,,,,0.53,0.5,0.45,0.28,0.34,0.44,0.64,,,,,0.53,0.53,Germany Bundesliga 2,2025-2026,1.69,1.19,4.19,5.25,4.56,4.44,13.56,11.88,96.69,89.81,53.19,46.56,51.5,48.5,0.33,1.0,9.5,8.0,4.06,3.75,2.67,1.0,6.0,8.62,8.94,7.44,12.44,13.0,2.94,3.5,2.31,2.75,0.46,0.27,0.3,0.62,0.42,,,,,0.52,0.51,0.47,0.28,0.32,0.44,0.63,,,,,0.52,0.54
Paderborn,1.88,1.56,6.12,4.62,6.19,3.94,17.12,12.06,101.5,83.75,56.44,39.06,54.56,45.44,1.0,0.5,11.62,7.81,5.44,4.19,1.8,1.2,6.56,9.19,11.12,7.94,11.69,10.31,3.19,3.62,1.5,2.12,0.54,0.25,0.24,0.62,0.42,,,,,0.55,0.5,0.55,0.26,0.26,0.44,0.63,,,,,,,Germany Bundesliga 2,2025-2026,1.21,1.57,4.44,4.31,4.69,4.38,12.31,13.12,87.25,94.44,45.88,40.5,48.25,51.75,0.5,0.75,8.38,9.12,3.94,4.12,1.93,2.4,6.88,7.81,8.31,8.12,11.62,12.81,3.38,3.12,2.8,2.73,0.32,0.28,0.43,0.62,0.42,,,0.54,0.49,0.53,0.5,0.34,0.28,0.45,0.44,0.64,,,0.56,0.5,0.55,0.51
Preußen Münster,1.43,1.64,4.81,5.31,5.69,4.12,13.06,12.38,86.69,110.19,37.12,49.06,51.12,48.88,0.38,0.75,8.44,8.31,4.31,4.06,1.19,1.81,7.12,7.44,8.38,7.0,13.94,13.75,3.5,2.94,2.5,2.86,0.37,0.28,0.38,0.6,0.44,,,0.54,0.49,0.52,0.52,0.38,0.29,0.4,0.47,0.61,,,0.56,0.5,0.53,0.53,Germany Bundesliga 2,2025-2026,2.33,1.07,6.41,3.41,6.41,4.0,15.71,10.12,106.0,81.88,55.82,31.18,48.29,51.71,1.0,0.0,11.12,6.0,4.41,4.06,2.6,1.2,6.12,9.47,8.88,5.88,11.59,12.82,2.24,2.53,2.06,3.35,0.53,0.26,0.25,0.6,0.44,,,,,0.53,0.51,0.54,0.27,0.26,0.49,0.59,,,,,0.53,0.52
Schalke 04,1.5,0.69,5.44,4.0,6.38,2.94,15.38,7.81,113.81,91.44,52.31,41.69,46.56,53.44,0.0,1.0,10.94,5.06,4.31,2.81,1.93,3.53,5.06,9.5,10.88,5.0,12.12,11.94,1.75,3.56,2.12,2.12,0.51,0.27,0.26,0.6,0.44,,,0.54,0.49,0.52,0.51,0.51,0.28,0.28,0.48,0.6,,,0.56,0.5,0.54,0.52,Germany Bundesliga 2,2025-2026,1.14,1.43,5.12,4.25,4.31,5.25,10.44,12.5,88.88,104.56,45.19,43.38,56.0,44.0,0.33,0.67,7.94,8.88,2.56,3.56,4.75,1.44,8.38,6.69,7.88,8.25,12.44,12.94,2.75,2.5,2.31,2.25,0.38,0.29,0.36,0.59,0.45,,,0.54,0.5,0.52,0.52,0.4,0.3,0.37,0.48,0.6,,,0.53,0.52,0.54,0.51
SpVgg Greuther Fürth,1.64,2.07,4.4,5.4,4.13,6.53,11.8,15.13,83.67,96.0,38.6,48.27,44.8,55.2,0.5,0.5,7.27,9.73,4.67,5.4,2.0,2.29,8.87,7.07,7.6,10.73,10.4,14.0,2.8,2.6,1.8,2.87,0.32,0.26,0.45,0.64,0.4,,,,,0.54,0.51,0.33,0.27,0.46,0.43,0.64,,,,,0.55,0.52,Germany Bundesliga 2,2025-2026,2.31,1.44,5.59,5.0,5.94,3.88,15.24,12.65,92.0,83.12,44.65,38.18,49.41,50.59,0.4,0.6,10.35,7.06,4.76,5.65,2.88,1.35,5.18,8.76,9.82,7.35,12.18,12.35,3.06,3.06,2.5,2.12,0.57,0.24,0.22,0.62,0.42,,,,,0.51,0.52,0.58,0.25,0.24,0.44,0.63,,,,,0.54,0.52
VfL Bochum 1848,1.93,1.33,5.06,4.69,6.62,4.88,16.75,10.31,99.25,92.31,49.69,39.25,45.88,54.12,0.5,0.5,12.75,6.81,3.88,3.5,1.62,2.12,8.12,8.75,11.12,8.31,14.06,10.06,2.38,4.0,3.31,2.5,0.46,0.27,0.31,0.63,0.41,,,0.54,0.49,0.52,0.5,0.47,0.28,0.32,0.44,0.63,,,0.56,0.5,0.55,0.5,Germany Bundesliga 2,2025-2026,1.6,1.2,6.94,5.12,6.12,5.12,15.94,11.81,109.31,87.38,49.12,38.81,54.56,45.44,0.57,0.43,11.31,8.62,4.62,3.31,1.87,1.6,7.88,8.62,10.62,8.0,8.56,12.44,2.5,4.0,1.4,3.2,0.45,0.27,0.32,0.63,0.41,,,,,0.5,0.53,0.46,0.28,0.33,0.42,0.65,,,,,0.51,0.55
Bayer 04 Leverkusen,2.31,1.12,6.75,3.38,8.06,4.06,19.06,10.81,119.12,83.06,57.69,39.44,61.06,38.94,1.0,0.6,12.62,6.88,6.5,3.94,1.67,0.93,6.56,9.88,13.5,7.94,8.56,10.62,2.94,4.19,1.94,2.62,0.56,0.23,0.24,0.62,0.42,,,,,0.54,0.49,0.57,0.23,0.25,0.44,0.63,,,,,0.53,0.52,Germany Bundesliga,2025-2026,1.69,1.88,5.0,4.44,5.88,4.25,15.38,11.44,95.06,100.25,49.88,45.56,43.5,56.5,0.8,0.6,9.94,7.25,5.44,4.19,1.31,0.94,7.56,8.25,10.25,7.56,11.38,8.62,2.12,4.19,2.44,2.25,0.36,0.26,0.41,0.64,0.39,,,,,0.54,0.49,0.38,0.26,0.42,0.42,0.66,,,,,0.53,0.51
Borussia Dortmund,2.38,0.81,7.38,3.5,5.69,4.0,15.06,9.19,112.5,71.94,57.81,30.62,57.19,42.81,1.75,0.0,10.81,5.94,4.25,3.25,0.94,2.19,6.56,8.88,10.56,5.69,11.31,9.0,2.44,3.06,1.86,1.21,0.65,0.21,0.17,0.59,0.44,,,,,0.53,0.49,0.66,0.22,0.18,0.46,0.61,,,,,0.54,0.5,Germany Bundesliga,2025-2026,1.0,1.75,4.94,3.5,4.75,4.0,11.75,11.38,90.44,102.38,50.06,56.94,48.94,51.06,1.0,0.5,8.25,8.62,3.5,2.75,2.81,1.12,6.56,7.12,7.94,7.56,11.25,11.56,2.38,2.88,2.0,2.13,0.31,0.25,0.47,0.63,0.41,,,0.54,0.48,0.52,0.51,0.32,0.25,0.48,0.43,0.64,,,0.56,0.5,0.53,0.52
Borussia Mönchengladbach,1.77,1.85,3.12,4.31,3.94,6.0,10.94,14.38,85.06,119.31,37.5,53.94,45.06,54.94,0.83,0.5,6.88,8.31,4.06,6.12,1.62,1.81,8.12,5.44,7.19,10.19,10.94,9.88,3.06,2.81,1.81,1.88,0.39,0.26,0.38,0.64,0.4,,,0.51,0.52,0.52,0.51,0.4,0.26,0.4,0.43,0.64,,,0.51,0.53,0.53,0.52,Germany Bundesliga,2025-2026,1.93,1.21,5.75,4.31,5.0,4.56,14.81,11.69,112.12,82.88,51.38,34.19,53.5,46.5,0.67,0.33,10.12,8.19,4.62,3.56,1.81,2.12,6.94,7.31,10.56,7.56,11.75,11.19,2.88,5.06,2.69,1.56,0.51,0.25,0.27,0.61,0.42,,,,,0.52,0.5,0.52,0.25,0.28,0.44,0.63,,,,,0.52,0.52
Eintracht Frankfurt,1.71,1.59,5.41,3.88,4.12,4.24,13.18,10.94,97.41,96.59,48.29,40.18,54.35,45.65,1.25,0.0,8.94,7.82,4.24,3.12,1.35,2.65,6.94,7.47,9.29,8.35,10.12,9.65,2.29,3.53,1.76,2.41,0.45,0.25,0.34,0.63,0.4,,,,,0.52,0.5,0.46,0.25,0.36,0.42,0.65,,,,,0.54,0.51,Germany Bundesliga,2025-2026,2.33,2.0,5.06,4.06,5.38,3.75,13.56,11.0,89.56,103.31,42.25,42.56,44.0,56.0,1.0,0.0,9.62,7.31,3.94,3.69,2.44,1.38,6.5,8.19,10.5,7.38,9.94,10.62,2.06,3.19,2.0,2.07,0.42,0.27,0.34,0.64,0.4,,,0.55,0.48,0.5,0.53,0.43,0.27,0.36,0.42,0.66,,,0.52,0.52,0.53,0.52
FC Augsburg,1.53,1.87,5.19,5.0,4.88,5.44,13.06,14.56,94.12,95.44,41.5,44.88,44.81,55.19,0.67,0.33,8.62,9.75,4.44,4.81,2.0,1.67,8.62,6.94,7.56,8.81,11.06,12.38,2.56,3.56,2.44,2.12,0.35,0.27,0.41,0.6,0.43,0.54,0.49,0.51,0.52,0.52,0.51,0.36,0.27,0.42,0.45,0.62,0.48,0.56,0.51,0.54,0.52,0.52,Germany Bundesliga,2025-2026,1.94,1.06,6.0,3.62,5.62,6.0,15.62,13.06,114.62,88.06,54.56,35.81,57.38,42.62,0.75,0.38,11.12,8.06,4.5,4.88,2.0,2.38,7.31,9.44,11.5,9.0,11.25,10.44,3.0,3.69,1.6,2.33,0.55,0.24,0.24,0.59,0.44,,,0.54,0.49,0.53,0.49,0.56,0.24,0.25,0.46,0.61,,,0.54,0.5,0.52,0.52
FC Bayern München,4.06,1.06,7.62,3.19,7.19,3.19,21.38,9.25,134.69,60.44,69.69,29.25,68.56,31.44,1.2,0.0,14.25,5.69,7.12,3.5,2.44,1.62,5.38,9.75,14.56,5.69,8.44,8.0,1.81,4.56,1.53,1.27,0.84,0.12,0.08,0.55,0.49,,,,,,,0.85,0.12,0.09,0.48,0.59,,,,,,,Germany Bundesliga,2025-2026,0.94,3.19,3.88,5.25,5.62,4.38,12.06,17.0,72.81,140.06,37.75,73.25,32.62,67.38,0.33,0.83,8.5,11.94,3.5,5.06,2.12,2.62,7.06,6.62,7.81,11.75,9.62,9.06,4.81,2.44,2.0,2.5,0.14,0.17,0.72,0.63,0.4,,,,,,,0.15,0.18,0.72,0.42,0.65,,,,,,
FC Köln,1.75,1.75,4.94,4.38,5.31,4.25,15.44,11.5,98.56,100.19,49.88,40.75,49.31,50.69,0.25,1.0,10.44,8.06,4.94,3.44,2.38,2.75,7.12,8.81,10.44,8.44,8.69,10.94,2.38,3.62,2.14,2.71,0.37,0.26,0.39,0.63,0.4,,,0.53,0.49,0.52,0.51,0.39,0.27,0.4,0.43,0.65,,,0.55,0.5,0.53,0.51,Germany Bundesliga,2025-2026,1.94,1.19,6.38,4.12,5.62,4.69,15.44,11.81,104.06,85.19,54.81,38.88,54.94,45.06,1.0,0.67,10.56,8.19,4.88,3.56,1.79,1.36,7.44,9.62,9.38,7.31,9.44,8.31,2.5,3.19,1.94,2.0,0.51,0.25,0.27,0.63,0.4,,,0.54,0.49,0.53,0.5,0.53,0.25,0.28,0.44,0.64,,,0.5,0.54,0.54,0.51
FC Union Berlin,1.79,1.86,5.25,4.44,6.19,4.25,13.56,10.81,95.88,104.31,47.62,40.5,41.5,58.5,0.6,0.6,9.5,7.12,4.0,3.75,1.5,1.38,6.5,8.31,9.81,8.25,11.88,11.5,2.31,2.88,2.31,2.06,0.39,0.28,0.37,0.55,0.49,0.55,0.47,0.52,0.51,0.5,0.53,0.4,0.28,0.38,0.5,0.58,0.5,0.54,0.52,0.52,0.52,0.53,Germany Bundesliga,2025-2026,1.94,1.12,5.12,5.0,5.56,5.38,14.38,12.12,110.19,86.56,45.25,42.12,60.69,39.31,0.5,0.5,9.44,9.25,4.94,2.88,1.4,1.87,8.0,9.0,10.31,7.75,9.12,12.12,2.31,2.94,1.73,1.53,0.53,0.26,0.24,0.55,0.48,0.54,0.49,0.51,0.51,0.52,0.5,0.54,0.26,0.25,0.51,0.57,0.53,0.51,0.53,0.51,0.53,0.52
FSV Mainz 05,1.33,1.6,6.12,3.88,5.25,4.69,13.44,12.38,105.81,95.94,54.75,38.56,46.25,53.75,1.67,0.33,10.25,8.81,3.19,3.56,2.5,1.0,7.12,8.75,8.56,8.12,11.5,10.19,2.75,2.69,1.69,1.81,0.43,0.27,0.33,0.61,0.42,,,0.51,0.52,0.52,0.51,0.44,0.28,0.34,0.44,0.63,,,0.51,0.53,0.53,0.52,Germany Bundesliga,2025-2026,1.69,1.38,5.38,4.06,5.88,3.69,16.0,10.69,115.5,95.81,52.5,44.56,57.75,42.25,0.2,0.8,11.62,8.06,4.44,2.62,1.93,2.47,5.44,8.44,10.31,7.19,9.62,9.94,2.56,4.0,2.25,2.38,0.5,0.26,0.27,0.6,0.43,,,0.52,0.5,0.53,0.5,0.51,0.26,0.28,0.46,0.61,,,0.5,0.54,0.52,0.52
Hamburger SV,1.56,1.38,3.76,5.76,5.18,5.12,13.29,12.35,86.94,105.41,38.35,53.0,45.47,54.53,0.6,0.4,9.47,8.12,3.88,4.29,1.5,1.31,8.65,6.76,9.35,8.29,12.06,12.88,2.35,3.12,2.31,2.88,0.35,0.27,0.41,0.61,0.42,,,0.52,0.51,0.53,0.5,0.36,0.27,0.42,0.45,0.62,,,0.51,0.53,0.53,0.51,Germany Bundesliga,2025-2026,2.38,1.08,5.88,3.69,6.62,4.0,16.62,11.12,104.0,77.31,53.56,30.06,55.31,44.69,1.12,0.38,11.0,6.88,5.62,4.25,1.56,2.12,6.56,9.38,11.69,7.56,12.25,11.5,3.38,4.5,2.19,2.44,0.56,0.24,0.23,0.59,0.45,0.52,0.51,0.49,0.54,0.51,0.52,0.57,0.24,0.24,0.46,0.61,0.52,0.52,0.5,0.55,0.53,0.51
Heidenheim,1.25,2.12,4.75,4.5,5.38,5.69,11.62,14.62,83.44,108.19,37.94,53.75,42.19,57.81,0.33,0.67,7.5,10.06,4.12,4.56,1.88,1.25,8.75,8.25,7.69,9.69,9.12,11.0,3.0,2.62,1.29,2.07,0.28,0.25,0.5,0.61,0.43,,,0.53,0.49,0.52,0.5,0.3,0.26,0.5,0.45,0.62,,,0.55,0.5,0.54,0.51,Germany Bundesliga,2025-2026,2.06,1.12,5.81,4.56,5.88,4.5,16.06,11.44,113.69,83.5,51.5,38.88,57.69,42.31,1.5,0.0,10.31,8.19,5.75,3.31,0.92,2.38,7.0,9.06,10.81,8.12,9.62,10.38,2.31,3.62,2.25,1.81,0.62,0.23,0.18,0.58,0.46,,,0.52,0.5,0.52,0.51,0.63,0.23,0.19,0.47,0.61,,,0.52,0.52,0.54,0.51
RB Leipzig,2.38,1.12,5.88,4.62,6.0,4.19,17.56,11.25,113.81,83.56,55.81,36.81,55.88,44.12,0.33,0.67,13.31,7.75,4.25,3.5,1.4,1.93,5.88,8.12,12.56,7.75,7.94,10.88,2.62,5.31,1.25,1.88,0.59,0.22,0.22,0.67,0.37,,,,,,,0.6,0.22,0.23,0.42,0.66,,,,,,,Germany Bundesliga,2025-2026,1.69,1.62,4.18,4.71,5.47,5.12,13.06,14.29,100.88,97.06,43.53,44.82,48.06,51.94,0.33,0.67,9.0,9.35,4.12,4.94,2.47,1.59,7.24,8.94,9.12,10.12,9.35,10.41,3.18,2.24,1.47,1.71,0.37,0.25,0.41,0.66,0.37,,,0.53,0.5,0.48,0.55,0.38,0.25,0.43,0.39,0.68,,,0.54,0.5,0.52,0.52
SC Freiburg,1.94,1.31,4.62,3.81,5.12,4.5,14.5,12.12,94.56,87.56,45.81,42.38,52.0,48.0,1.0,0.0,10.06,7.44,4.44,4.56,2.13,1.47,6.19,8.5,9.75,7.94,8.88,12.12,2.94,3.12,1.56,2.12,0.44,0.27,0.32,0.59,0.44,,,0.54,0.48,0.52,0.5,0.46,0.27,0.33,0.46,0.61,,,0.53,0.51,0.51,0.53,Germany Bundesliga,2025-2026,2.33,1.2,4.59,3.71,5.76,4.41,15.59,10.29,90.94,77.88,43.82,36.41,55.12,44.88,0.5,1.0,10.24,7.0,5.29,3.29,1.53,1.88,6.47,7.88,9.59,6.53,12.47,9.82,2.24,3.18,2.12,1.47,0.46,0.27,0.3,0.57,0.46,0.55,0.47,0.51,0.51,0.51,0.52,0.47,0.27,0.31,0.49,0.58,0.56,0.48,0.54,0.51,0.52,0.52
St. Pauli,1.07,2.14,6.19,4.31,3.88,3.62,11.06,12.06,97.69,104.44,45.75,41.25,45.12,54.88,0.67,0.5,6.69,9.12,4.38,2.94,2.0,2.31,6.06,7.0,6.94,8.12,9.75,9.62,3.56,3.0,1.75,2.0,0.33,0.28,0.41,0.54,0.49,0.54,0.49,0.52,0.51,0.51,0.52,0.35,0.29,0.42,0.52,0.56,0.54,0.5,0.53,0.52,0.54,0.5,Germany Bundesliga,2025-2026,1.93,0.73,5.69,3.62,3.62,3.94,12.25,9.81,122.06,89.69,46.56,39.5,55.69,44.31,0.75,0.25,8.44,5.5,3.81,4.31,2.06,1.75,6.62,6.75,8.12,6.12,8.81,9.88,1.81,3.38,1.25,1.38,0.56,0.25,0.21,0.53,0.51,0.55,0.48,0.51,0.52,0.51,0.52,0.57,0.26,0.23,0.54,0.53,0.49,0.55,0.51,0.53,0.53,0.52
TSG Hoffenheim,2.19,1.25,6.19,4.5,6.19,4.19,16.0,11.5,110.19,85.06,56.75,37.94,56.38,43.62,0.8,0.6,10.69,7.5,5.25,3.94,2.29,1.79,5.94,9.31,11.56,8.12,13.44,8.81,3.0,3.62,1.88,1.69,0.5,0.24,0.29,0.64,0.39,,,,,0.53,0.49,0.5,0.24,0.31,0.41,0.66,,,,,0.5,0.54,Germany Bundesliga,2025-2026,1.93,1.87,5.31,4.88,5.0,4.56,13.25,11.62,93.94,103.25,44.94,46.69,47.06,52.94,1.0,0.5,9.19,8.0,4.12,3.62,2.06,1.44,6.94,6.94,9.06,8.31,9.38,14.62,2.69,2.88,1.67,2.6,0.39,0.25,0.39,0.64,0.39,,,,,0.53,0.49,0.4,0.25,0.4,0.42,0.66,,,,,0.54,0.5
VfB Stuttgart,1.88,1.0,5.88,4.0,5.88,4.29,16.65,10.76,101.18,80.76,47.35,37.0,58.18,41.82,0.67,0.33,10.88,8.0,5.76,2.76,2.56,1.88,6.29,9.12,10.94,7.12,9.29,12.76,2.82,4.24,1.88,1.76,0.57,0.22,0.24,0.64,0.39,,,,,0.54,0.49,0.58,0.23,0.25,0.41,0.66,,,,,0.52,0.53,Germany Bundesliga,2025-2026,1.88,2.38,4.56,5.56,5.06,4.81,14.75,13.88,88.69,116.5,51.25,59.31,43.38,56.62,1.0,0.29,9.75,9.12,4.94,4.75,1.56,1.69,7.88,6.5,9.44,10.06,11.81,10.12,3.62,3.62,1.6,1.93,0.37,0.26,0.4,0.65,0.39,,,,,0.53,0.5,0.38,0.26,0.41,0.4,0.67,,,,,0.54,0.5
VfL Wolfsburg,1.27,1.93,5.5,5.81,5.38,4.88,13.88,13.5,102.75,111.88,56.06,75.12,48.38,51.62,0.29,1.0,9.25,8.81,4.62,4.69,1.27,2.53,7.88,8.25,8.62,9.12,12.19,9.06,3.25,3.62,1.94,1.81,0.4,0.27,0.37,0.62,0.41,,,0.52,0.51,0.52,0.51,0.41,0.27,0.38,0.42,0.65,,,0.52,0.52,0.53,0.52,Germany Bundesliga,2025-2026,2.18,1.41,8.82,3.47,6.82,4.65,17.24,10.18,114.53,83.59,70.59,32.47,57.88,42.12,1.0,0.5,12.0,6.06,5.24,4.12,2.06,1.31,6.65,9.88,11.59,8.0,8.29,11.0,2.35,4.0,1.18,2.0,0.54,0.24,0.25,0.63,0.4,,,,,0.52,0.5,0.55,0.25,0.26,0.44,0.63,,,,,0.53,0.51
Werder Bremen,1.06,1.94,4.94,3.38,5.88,4.25,15.19,11.5,109.81,100.75,53.62,41.5,54.44,45.56,0.67,1.0,9.69,7.94,5.5,3.56,2.0,1.44,6.19,9.25,10.06,8.12,10.06,9.56,2.62,3.5,2.47,1.6,0.38,0.26,0.39,0.65,0.39,,,,,0.54,0.49,0.39,0.27,0.41,0.42,0.66,,,,,0.52,0.52,Germany Bundesliga,2025-2026,1.8,1.13,7.0,4.19,5.75,4.12,16.88,10.62,109.12,83.06,56.5,35.88,52.44,47.56,0.75,0.5,10.62,6.25,6.25,4.38,1.27,1.67,6.69,9.25,10.94,7.81,9.94,9.5,2.5,4.19,1.5,2.06,0.55,0.24,0.24,0.62,0.41,,,0.51,0.52,0.51,0.52,0.56,0.24,0.26,0.44,0.63,,,0.52,0.52,0.51,0.54
AVS,0.94,1.69,3.25,5.25,4.31,5.62,11.44,14.25,78.88,105.5,33.88,55.69,39.56,60.44,0.5,0.67,6.12,9.75,5.25,4.5,1.47,2.33,8.94,7.31,7.69,10.56,14.06,12.06,3.38,2.62,2.69,2.81,0.23,0.26,0.55,0.5,0.54,0.56,0.48,0.5,0.53,0.52,0.52,0.24,0.27,0.56,0.57,0.5,0.56,0.49,0.5,0.54,0.52,0.52,Liga Portugal,2025-2026,2.85,0.92,6.0,4.06,6.88,4.5,16.06,11.12,108.94,79.44,52.38,35.12,60.81,39.19,0.75,0.5,10.62,5.81,5.44,5.31,1.5,1.5,7.06,10.81,11.75,6.62,10.12,13.25,1.88,3.19,1.94,2.0,0.63,0.23,0.17,0.46,0.58,0.55,0.48,0.5,0.53,0.52,0.51,0.64,0.25,0.18,0.59,0.48,0.52,0.53,0.51,0.54,0.53,0.52
Alverca,1.13,1.47,4.62,3.31,4.44,4.88,10.81,12.56,80.5,100.81,44.38,50.5,47.25,52.75,0.75,0.38,7.06,6.38,3.75,6.19,1.25,1.25,7.94,7.38,7.5,9.19,12.81,14.38,2.62,2.75,1.87,2.2,0.35,0.28,0.41,0.49,0.55,0.53,0.5,0.52,0.52,0.51,0.52,0.36,0.28,0.42,0.56,0.51,0.53,0.52,0.52,0.52,0.51,0.53,Liga Portugal,2025-2026,1.75,1.0,6.19,3.69,5.31,3.44,14.5,8.56,106.94,77.31,55.25,32.81,57.5,42.5,0.67,0.33,9.38,5.12,5.12,3.38,1.13,1.27,5.56,8.19,9.25,6.06,13.19,12.38,2.31,3.06,2.69,2.62,0.54,0.26,0.24,0.48,0.56,0.54,0.5,0.5,0.53,0.52,0.51,0.55,0.27,0.24,0.58,0.5,0.54,0.51,0.51,0.53,0.53,0.52
Arouca,1.5,1.88,4.06,6.19,4.62,5.5,10.88,13.5,85.94,92.19,29.62,46.88,48.94,51.06,0.5,0.5,6.75,9.5,4.06,4.0,1.07,2.33,9.5,7.44,7.69,9.0,14.5,12.38,2.31,2.5,3.31,2.56,0.31,0.27,0.46,0.51,0.53,0.56,0.47,0.52,0.52,0.5,0.53,0.32,0.28,0.47,0.54,0.54,0.56,0.49,0.52,0.53,0.51,0.53,Liga Portugal,2025-2026,2.07,1.27,4.62,3.5,4.19,5.0,12.38,10.81,90.19,87.5,40.69,39.0,48.62,51.38,1.4,0.2,7.75,5.62,4.62,5.19,3.06,1.69,7.56,7.62,8.88,7.19,11.62,13.38,1.94,2.81,2.12,2.38,0.52,0.27,0.25,0.52,0.52,0.56,0.48,0.53,0.51,0.51,0.52,0.53,0.27,0.26,0.54,0.53,0.55,0.49,0.53,0.52,0.52,0.52
Benfica,2.38,0.81,7.31,2.69,6.19,2.75,17.88,7.94,115.56,77.12,66.06,28.12,58.25,41.75,1.25,0.12,12.44,4.38,5.44,3.56,1.81,0.75,4.94,9.12,11.62,5.0,11.44,16.12,2.44,4.44,1.81,2.94,0.78,0.16,0.1,0.45,0.59,0.53,0.51,0.52,0.51,0.49,0.55,0.78,0.17,0.11,0.61,0.47,0.53,0.51,0.54,0.51,0.5,0.54,Liga Portugal,2025-2026,0.8,2.2,3.0,6.94,4.65,6.35,10.82,15.94,76.29,110.12,33.0,58.82,43.0,57.0,0.5,0.67,6.24,10.59,4.53,5.35,0.67,1.27,9.82,7.18,7.06,10.35,15.41,10.88,3.12,2.59,3.12,2.24,0.16,0.2,0.68,0.47,0.57,,,0.53,0.5,0.52,0.51,0.17,0.22,0.67,0.57,0.5,,,0.52,0.52,0.51,0.53
Casa Pia,1.29,1.79,3.56,5.62,3.25,4.5,8.38,12.69,80.31,97.62,35.62,46.19,41.75,58.25,0.5,1.0,5.19,7.88,3.19,4.81,1.0,1.44,8.25,6.25,5.81,8.06,17.38,14.12,2.81,1.75,3.06,2.25,0.31,0.29,0.44,0.48,0.56,0.53,0.5,0.5,0.54,0.51,0.52,0.32,0.29,0.45,0.57,0.5,0.52,0.52,0.51,0.53,0.51,0.53,Liga Portugal,2025-2026,2.07,0.93,6.12,4.31,6.19,4.19,14.12,9.56,92.19,71.38,45.81,30.12,58.56,41.44,1.0,0.33,8.19,5.94,5.88,3.62,2.25,1.81,7.06,10.44,10.62,6.88,13.69,14.94,2.31,2.81,2.6,2.93,0.56,0.26,0.21,0.47,0.57,0.54,0.49,0.5,0.53,0.52,0.52,0.57,0.27,0.22,0.58,0.5,0.54,0.5,0.5,0.54,0.53,0.51
Estoril,1.73,1.67,4.88,5.5,5.12,4.69,12.12,11.38,102.31,88.44,43.12,39.12,53.62,46.38,0.25,0.75,7.44,7.62,4.69,3.75,1.19,2.56,8.88,9.5,8.88,8.56,12.44,12.38,3.12,2.88,2.88,1.94,0.38,0.25,0.4,0.55,0.49,0.52,0.51,0.53,0.5,0.51,0.52,0.39,0.26,0.41,0.52,0.55,0.5,0.55,0.52,0.52,0.52,0.52,Liga Portugal,2025-2026,1.75,1.56,4.44,4.31,5.75,4.81,12.69,11.56,91.38,96.81,42.12,44.19,47.62,52.38,0.57,0.57,8.0,7.5,4.69,4.06,2.5,1.38,8.19,7.88,9.06,8.06,13.81,13.25,2.19,2.12,2.56,2.31,0.48,0.26,0.29,0.55,0.49,0.56,0.48,0.53,0.51,0.52,0.51,0.49,0.27,0.3,0.5,0.57,0.55,0.5,0.53,0.51,0.5,0.54
Estrela Amadora,1.5,1.57,3.5,5.62,5.81,5.5,12.94,12.25,82.31,97.62,31.69,45.44,49.44,50.56,0.38,0.62,7.12,7.81,5.81,4.44,1.93,0.87,8.19,9.06,8.5,8.0,14.38,15.56,2.5,2.62,2.62,2.44,0.29,0.28,0.47,0.51,0.53,0.53,0.51,0.51,0.52,0.51,0.52,0.3,0.28,0.48,0.56,0.51,0.54,0.5,0.51,0.53,0.52,0.52,Liga Portugal,2025-2026,2.29,1.21,6.0,2.69,4.81,3.25,15.0,8.19,109.44,68.0,52.69,25.38,57.88,42.12,1.14,0.71,9.19,4.69,5.81,3.5,1.06,1.62,6.0,8.44,8.81,5.94,14.56,14.81,1.94,3.31,2.75,2.81,0.58,0.26,0.2,0.46,0.59,0.54,0.5,0.51,0.52,0.5,0.53,0.59,0.27,0.21,0.58,0.5,0.53,0.51,0.52,0.52,0.52,0.53
Famalicão,1.79,0.86,5.62,4.62,5.25,4.06,13.69,9.75,92.75,81.44,48.5,35.0,53.19,46.81,0.0,1.0,9.06,6.31,4.62,3.38,1.53,2.07,6.75,9.38,9.81,7.06,15.31,15.69,2.69,3.38,2.69,2.56,0.5,0.25,0.28,0.51,0.53,0.52,0.51,0.52,0.51,0.52,0.51,0.51,0.26,0.29,0.54,0.53,0.53,0.51,0.52,0.53,0.52,0.52,Liga Portugal,2025-2026,1.13,1.0,5.12,5.24,4.53,4.47,11.53,10.53,91.24,82.29,42.65,43.94,50.88,49.12,1.0,0.17,6.35,7.24,5.12,3.29,1.65,0.82,6.94,7.94,7.76,6.71,16.94,16.0,2.47,2.94,2.18,2.47,0.38,0.28,0.38,0.52,0.52,0.55,0.48,0.52,0.51,0.51,0.53,0.39,0.28,0.39,0.54,0.53,0.53,0.51,0.51,0.54,0.52,0.53
Gil Vicente,1.65,1.0,5.41,3.35,5.47,4.94,14.65,10.65,84.94,80.18,48.82,35.88,49.82,50.18,1.4,0.4,8.35,5.94,6.29,4.71,1.29,1.41,6.88,8.76,9.82,7.24,13.35,14.82,2.24,3.29,2.24,2.24,0.45,0.28,0.31,0.48,0.56,0.53,0.51,0.52,0.51,0.51,0.53,0.46,0.28,0.32,0.58,0.49,0.52,0.52,0.52,0.53,0.52,0.52,Liga Portugal,2025-2026,1.38,1.38,4.75,5.81,4.19,5.38,10.38,13.0,82.69,88.0,35.75,45.44,50.44,49.56,0.71,0.71,7.19,7.12,3.19,5.81,1.88,1.62,7.69,6.5,7.12,7.88,14.38,14.12,2.88,2.69,2.5,2.69,0.4,0.28,0.35,0.46,0.58,0.51,0.52,0.5,0.53,0.5,0.53,0.41,0.29,0.37,0.59,0.49,0.52,0.52,0.5,0.54,0.51,0.54
Moreirense,1.33,1.2,4.19,4.94,3.44,4.88,9.56,12.06,77.56,92.44,31.62,38.94,50.88,49.12,0.25,1.25,5.56,7.81,4.0,4.19,0.94,2.69,8.0,5.69,6.06,7.88,13.88,14.38,2.75,2.0,2.5,2.19,0.33,0.29,0.41,0.49,0.55,0.53,0.5,0.5,0.53,0.52,0.51,0.34,0.3,0.43,0.56,0.51,0.54,0.5,0.5,0.54,0.52,0.53,Liga Portugal,2025-2026,1.75,1.06,4.41,3.29,5.29,3.06,14.12,8.41,107.76,77.59,46.47,31.29,51.06,48.94,1.33,0.17,9.0,5.06,5.12,3.35,1.19,1.56,5.35,9.12,9.59,5.88,16.0,14.06,2.29,3.18,2.29,2.71,0.52,0.27,0.24,0.48,0.56,0.51,0.53,0.52,0.52,0.51,0.52,0.53,0.28,0.26,0.6,0.48,0.52,0.52,0.52,0.52,0.52,0.52
Nacional,1.47,1.4,4.88,6.94,5.56,6.12,12.5,15.19,87.62,82.5,40.69,45.62,49.12,50.88,1.4,0.6,7.25,9.44,5.25,5.75,1.38,2.31,9.0,7.69,8.88,9.62,14.19,12.62,2.88,2.5,3.31,2.88,0.39,0.27,0.38,0.52,0.52,0.51,0.52,0.52,0.52,0.52,0.51,0.4,0.28,0.38,0.53,0.55,0.53,0.51,0.5,0.55,0.51,0.53,Liga Portugal,2025-2026,1.19,0.88,6.0,4.19,5.75,5.25,13.88,12.5,93.5,94.44,49.94,36.0,55.88,44.12,1.0,0.0,9.06,7.06,4.81,5.38,1.6,1.6,7.38,9.56,9.31,8.56,11.81,15.62,3.31,3.12,1.69,2.69,0.55,0.26,0.23,0.51,0.53,0.56,0.47,0.52,0.51,0.5,0.53,0.55,0.26,0.24,0.55,0.52,0.56,0.48,0.52,0.52,0.54,0.5
Porto,2.07,0.36,5.4,3.2,4.67,3.4,14.0,8.2,108.0,78.73,50.13,28.4,55.53,44.47,0.83,0.17,9.47,3.87,4.53,4.27,2.14,0.64,5.47,8.93,9.73,5.2,13.67,11.33,1.93,3.47,2.43,3.14,0.75,0.18,0.11,0.45,0.6,,,0.55,0.48,0.52,0.52,0.75,0.2,0.12,0.62,0.45,,,0.53,0.52,0.52,0.52,Liga Portugal,2025-2026,0.71,1.94,3.0,5.65,4.65,5.41,11.12,14.35,80.65,97.59,35.59,51.35,45.47,54.53,0.25,1.0,6.06,9.29,5.06,5.06,0.47,2.24,9.41,5.88,5.71,10.76,13.0,14.24,3.47,1.94,3.0,2.65,0.17,0.22,0.65,0.46,0.58,0.53,0.5,0.51,0.52,0.52,0.52,0.18,0.22,0.65,0.6,0.47,0.53,0.51,0.54,0.51,0.53,0.52
Rio Ave,1.13,1.93,5.12,6.06,4.0,6.12,12.41,14.94,84.82,98.88,35.65,52.06,47.94,52.06,0.5,0.75,7.65,9.06,4.76,5.88,1.4,1.73,8.29,6.24,7.71,10.0,12.24,14.12,3.24,3.06,2.53,2.18,0.31,0.27,0.46,0.53,0.51,0.54,0.5,0.53,0.51,0.51,0.53,0.32,0.28,0.46,0.53,0.54,0.54,0.5,0.52,0.52,0.52,0.52,Liga Portugal,2025-2026,1.8,1.2,6.88,3.56,6.0,2.62,15.88,8.62,106.19,72.56,57.88,31.81,53.94,46.06,0.0,1.0,10.12,5.56,5.75,3.12,1.57,1.86,5.5,9.94,10.88,6.56,14.94,13.44,2.69,3.62,2.5,2.75,0.56,0.25,0.22,0.52,0.52,0.56,0.48,0.54,0.5,0.51,0.52,0.57,0.26,0.23,0.55,0.53,0.56,0.48,0.53,0.52,0.52,0.53
Santa Clara,1.13,1.13,4.53,4.24,5.06,3.65,11.59,8.35,90.82,93.71,43.59,40.06,48.71,51.29,0.67,1.0,6.24,4.65,5.35,3.71,1.69,1.12,7.35,9.29,7.0,5.88,16.59,14.94,2.06,2.24,3.41,3.06,0.42,0.3,0.32,0.44,0.6,0.52,0.51,0.51,0.52,0.5,0.54,0.44,0.31,0.32,0.62,0.46,0.52,0.52,0.53,0.52,0.55,0.5,Liga Portugal,2025-2026,1.53,0.93,4.5,4.88,4.62,5.56,11.38,11.56,96.69,81.0,44.44,35.56,52.19,47.81,0.8,0.6,6.75,7.06,4.62,4.5,0.93,1.93,7.5,8.25,8.25,7.69,14.19,13.19,2.31,3.06,2.87,2.47,0.43,0.29,0.31,0.44,0.6,0.5,0.53,0.5,0.53,0.51,0.52,0.44,0.3,0.32,0.61,0.47,0.53,0.52,0.51,0.53,0.51,0.54
Sporting Braga,1.94,1.0,5.62,3.12,3.75,3.75,11.25,8.5,115.62,71.25,52.38,24.44,63.31,36.69,0.91,0.18,7.25,4.88,4.0,3.62,1.33,1.6,5.06,5.44,7.25,6.56,11.31,11.56,1.94,2.19,2.0,3.0,0.6,0.24,0.2,0.48,0.56,,,0.51,0.52,0.52,0.51,0.61,0.24,0.21,0.56,0.51,,,0.51,0.53,0.53,0.52,Liga Portugal,2025-2026,1.13,1.8,3.2,5.27,4.4,4.2,10.93,12.13,75.13,119.0,35.27,57.73,36.87,63.13,0.5,0.62,6.6,8.4,4.33,3.73,1.86,1.36,7.53,6.53,6.67,8.6,12.2,11.67,3.33,2.47,2.33,2.47,0.29,0.25,0.5,0.51,0.53,0.55,0.48,0.53,0.5,0.51,0.52,0.3,0.26,0.51,0.56,0.51,0.51,0.53,0.53,0.52,0.52,0.53
Sporting CP,3.0,0.69,6.38,3.06,7.06,3.31,19.38,7.94,118.81,70.56,62.38,29.88,61.25,38.75,0.83,0.5,13.44,3.44,5.94,4.5,1.86,1.43,4.56,10.56,13.56,5.44,12.25,12.5,2.12,4.56,1.5,2.06,0.8,0.15,0.09,0.44,0.6,,,0.55,0.48,0.54,0.5,0.8,0.16,0.1,0.59,0.49,,,0.56,0.49,0.51,0.53,Liga Portugal,2025-2026,0.75,2.0,3.25,7.31,3.31,6.0,9.06,15.62,71.44,102.0,31.06,56.06,36.44,63.56,0.5,0.75,5.31,10.06,3.75,5.56,1.07,1.43,8.69,5.06,5.81,11.19,13.94,11.5,3.44,2.31,3.6,2.6,0.14,0.19,0.7,0.5,0.54,,,0.54,0.49,0.51,0.52,0.16,0.21,0.7,0.56,0.51,,,0.52,0.53,0.53,0.51
Tondela,0.93,1.5,3.94,5.88,5.29,5.35,12.06,13.94,83.06,96.12,40.35,53.82,44.65,55.35,0.71,0.86,7.59,8.94,4.47,5.0,2.25,1.0,8.94,8.53,8.24,9.24,13.88,12.12,3.76,2.76,2.35,2.24,0.32,0.28,0.44,0.49,0.55,0.53,0.5,0.52,0.52,0.5,0.53,0.33,0.28,0.45,0.56,0.51,0.55,0.49,0.52,0.52,0.52,0.53,Liga Portugal,2025-2026,2.12,0.75,5.75,4.06,4.38,3.94,12.75,9.0,99.56,80.75,45.25,32.12,57.0,43.0,0.6,0.8,8.44,5.06,4.38,3.94,1.47,2.2,6.94,8.0,8.5,6.94,12.5,14.88,2.62,3.0,2.75,2.75,0.56,0.25,0.22,0.51,0.53,0.54,0.5,0.52,0.51,0.51,0.52,0.57,0.26,0.23,0.57,0.51,0.55,0.5,0.52,0.53,0.51,0.53
Vitória Guimarães,1.44,0.78,4.22,3.89,5.33,3.78,12.89,9.11,87.11,76.11,44.0,27.89,51.33,48.67,1.0,0.67,8.11,5.56,4.78,3.67,1.11,2.0,6.0,8.44,7.56,7.11,14.67,13.78,2.67,2.33,2.25,2.38,0.44,0.27,0.32,0.49,0.55,,,0.53,0.51,0.5,0.53,0.46,0.28,0.33,0.56,0.51,,,0.52,0.53,0.52,0.52,Liga Portugal,2025-2026,2.22,0.89,3.7,4.9,3.4,6.1,10.5,13.7,76.9,105.6,33.7,46.1,45.9,54.1,1.0,1.0,6.9,7.6,3.6,6.1,1.0,1.8,8.6,6.8,7.8,8.8,15.5,14.0,3.5,2.7,2.5,2.4,0.46,0.27,0.31,0.52,0.52,0.5,0.53,0.52,0.52,0.51,0.52,0.46,0.28,0.32,0.54,0.53,0.5,0.54,0.52,0.52,0.52,0.52
Vitória SC,1.83,1.33,5.14,3.57,5.43,5.14,12.0,12.71,89.43,84.29,39.29,42.14,47.29,52.71,1.0,0.0,6.43,7.86,5.57,4.86,2.33,1.0,7.14,6.86,8.14,8.43,14.57,14.57,3.14,2.43,3.0,3.57,0.36,0.29,0.38,0.49,0.55,0.49,0.55,0.54,0.5,0.5,0.54,0.38,0.29,0.39,0.57,0.5,0.5,0.55,0.54,0.51,0.5,0.55,Liga Portugal,2025-2026,1.5,0.5,3.83,4.17,4.5,6.0,13.0,13.0,71.67,95.0,34.33,43.17,50.17,49.83,0.5,0.5,7.33,6.17,5.67,6.83,1.2,2.6,10.67,7.33,9.67,7.83,15.67,13.17,2.83,3.83,2.33,1.33,0.43,0.3,0.31,0.51,0.54,0.55,0.48,0.49,0.54,0.52,0.51,0.44,0.3,0.33,0.56,0.51,0.53,0.51,0.5,0.55,0.53,0.52
América,1.74,1.05,6.32,3.16,6.53,3.16,16.95,8.42,100.79,82.74,55.11,33.05,57.74,42.26,1.12,0.12,9.21,4.58,7.53,3.89,1.53,1.35,6.58,11.32,12.47,5.53,10.89,11.58,1.95,4.58,1.74,2.42,0.62,0.23,0.19,0.52,0.53,,,0.53,0.5,0.5,0.53,0.62,0.24,0.2,0.54,0.53,,,0.52,0.54,0.53,0.53,Mexico Liga MX,2025-2026,1.5,1.5,3.78,5.5,4.56,5.0,11.5,12.28,84.5,99.11,34.94,48.0,44.78,55.22,0.4,1.0,6.67,7.06,4.78,5.28,1.0,1.28,8.17,7.39,6.56,8.17,13.44,9.28,2.44,2.06,2.39,1.89,0.31,0.28,0.44,0.58,0.46,0.54,0.49,0.52,0.52,0.52,0.52,0.32,0.28,0.45,0.5,0.58,0.56,0.5,0.53,0.53,0.55,0.51
Atlas,1.85,1.77,3.56,5.81,4.94,5.56,11.38,14.62,81.5,92.31,34.75,45.56,44.88,55.12,0.6,0.8,6.62,8.0,4.5,6.44,1.81,1.0,9.31,7.75,8.12,9.5,13.44,12.56,3.31,2.25,2.56,2.88,0.33,0.28,0.43,0.57,0.47,0.55,0.48,0.52,0.52,0.51,0.52,0.34,0.28,0.44,0.5,0.57,0.49,0.57,0.54,0.52,0.54,0.52,Mexico Liga MX,2025-2026,1.71,0.82,5.76,3.41,6.59,4.94,15.41,9.94,93.12,70.06,38.94,23.18,56.0,44.0,0.86,0.43,9.24,5.41,6.06,4.53,1.31,1.69,7.82,10.35,10.88,7.41,11.88,11.06,2.12,3.53,2.69,2.5,0.56,0.25,0.23,0.56,0.48,,,0.53,0.5,0.51,0.52,0.56,0.26,0.23,0.52,0.55,,,0.54,0.52,0.54,0.52
Atlético San Luis,1.4,1.67,4.53,3.4,4.4,5.47,10.47,12.6,78.57,90.5,30.71,35.29,48.13,51.87,0.5,0.5,7.27,7.27,3.27,5.27,1.07,2.71,8.93,7.67,6.0,9.33,10.73,12.13,3.4,1.6,2.07,2.29,0.38,0.26,0.39,0.61,0.43,,,,,0.53,0.5,0.39,0.27,0.4,0.46,0.62,,,,,0.52,0.53,Mexico Liga MX,2025-2026,1.69,1.5,4.12,4.44,6.38,4.81,13.81,12.0,91.19,76.5,43.44,36.81,53.75,46.25,0.5,0.75,7.69,8.0,6.25,4.0,2.33,0.67,8.44,10.12,9.25,7.12,11.75,10.88,2.69,3.25,2.5,1.94,0.54,0.25,0.25,0.58,0.46,,,,,0.53,0.51,0.54,0.26,0.26,0.49,0.59,,,,,0.53,0.52
Cruz Azul,2.11,1.11,6.65,3.3,8.15,4.0,19.15,9.4,104.0,69.85,53.45,26.75,57.5,42.5,0.5,0.5,10.4,5.4,8.75,4.1,2.63,1.47,7.05,12.7,13.25,5.8,11.95,10.4,1.7,4.45,2.2,2.3,0.61,0.23,0.2,0.56,0.48,,,0.54,0.49,0.52,0.51,0.61,0.24,0.21,0.5,0.57,,,0.53,0.53,0.55,0.52,Mexico Liga MX,2025-2026,1.25,1.7,4.38,4.71,5.19,5.86,11.62,14.9,86.43,96.1,36.52,42.62,47.81,52.19,0.33,0.89,6.86,7.52,4.71,7.24,1.71,1.86,9.33,9.29,7.76,10.33,11.86,10.62,4.05,2.76,2.19,2.0,0.31,0.27,0.46,0.59,0.45,0.55,0.48,0.5,0.53,0.52,0.52,0.31,0.27,0.47,0.48,0.6,0.49,0.57,0.52,0.53,0.53,0.52
Guadalajara,2.47,1.12,6.8,3.05,7.75,3.65,17.75,10.05,100.89,79.28,50.78,25.94,58.65,41.35,0.67,0.33,10.95,4.8,6.8,5.25,1.68,1.16,7.4,11.45,11.9,7.1,11.3,11.05,3.0,4.2,2.15,2.35,0.58,0.24,0.22,0.56,0.48,,,0.52,0.51,0.53,0.51,0.58,0.25,0.22,0.51,0.57,,,0.53,0.53,0.54,0.52,Mexico Liga MX,2025-2026,1.53,1.59,3.71,5.18,4.59,6.53,10.76,14.47,84.76,94.65,33.88,43.35,45.94,54.06,0.7,0.5,6.71,8.47,3.82,5.71,1.29,2.24,9.71,7.71,7.0,8.53,10.71,11.65,2.47,2.24,2.71,2.06,0.31,0.27,0.46,0.57,0.47,,,0.55,0.49,0.52,0.52,0.32,0.28,0.46,0.5,0.58,,,0.55,0.51,0.53,0.53
Juárez,1.67,1.61,4.56,4.61,6.89,4.83,13.61,11.22,90.67,75.22,41.0,29.17,51.56,48.44,1.0,0.29,8.22,7.06,5.28,4.17,1.5,1.39,7.78,11.83,6.72,5.28,10.28,10.06,2.39,2.78,2.33,2.39,0.41,0.27,0.34,0.56,0.48,0.55,0.48,0.52,0.51,0.52,0.52,0.42,0.28,0.35,0.51,0.56,0.56,0.5,0.53,0.53,0.53,0.53,Mexico Liga MX,2025-2026,2.0,1.33,5.11,4.21,6.79,5.74,16.16,11.21,84.32,76.32,39.26,37.16,55.21,44.79,0.62,0.38,10.16,6.63,6.0,4.74,2.17,1.06,9.37,10.74,10.42,8.32,13.47,12.21,2.37,3.11,2.21,2.47,0.51,0.26,0.27,0.55,0.49,,,0.53,0.5,0.51,0.52,0.52,0.27,0.27,0.5,0.57,,,0.54,0.52,0.53,0.53
León,1.5,1.56,5.62,4.81,6.5,5.81,14.62,13.94,92.47,74.73,40.67,34.87,54.44,45.56,0.56,0.67,8.44,7.81,6.19,5.94,1.53,1.93,8.19,9.75,8.75,9.06,12.25,11.56,3.12,3.25,2.12,2.19,0.4,0.26,0.37,0.6,0.44,,,0.54,0.49,0.53,0.5,0.41,0.27,0.38,0.48,0.6,,,0.53,0.53,0.54,0.52,Mexico Liga MX,2025-2026,2.31,0.62,5.53,4.59,6.88,5.0,17.24,12.47,87.53,83.29,43.59,36.53,48.94,51.06,1.25,0.0,10.06,6.71,7.24,5.76,1.19,1.94,7.76,9.53,11.71,8.53,12.12,12.0,3.59,4.06,2.24,2.24,0.51,0.25,0.27,0.6,0.44,,,,,0.53,0.5,0.51,0.26,0.28,0.47,0.61,,,,,0.54,0.52
Mazatlán,1.6,1.93,4.27,5.87,4.67,6.67,10.47,16.6,84.64,97.29,38.57,55.43,42.2,57.8,0.71,1.0,6.47,9.33,4.07,7.33,1.93,2.07,9.0,6.6,6.27,9.27,10.67,10.4,3.6,2.07,2.67,2.33,0.29,0.26,0.48,0.59,0.45,0.55,0.48,0.51,0.53,0.53,0.5,0.29,0.27,0.49,0.48,0.59,0.55,0.51,0.52,0.54,0.53,0.52,Mexico Liga MX,2025-2026,2.2,0.8,6.06,3.44,7.5,4.06,17.88,9.19,93.0,73.94,45.44,33.06,57.81,42.19,1.0,0.0,11.19,5.44,6.56,3.62,1.67,1.8,8.12,11.31,11.44,6.19,11.38,11.12,2.5,4.31,1.81,2.31,0.68,0.21,0.15,0.54,0.5,,,0.55,0.48,0.52,0.51,0.69,0.22,0.15,0.52,0.55,,,0.56,0.5,0.54,0.52
Monterrey,1.79,1.21,4.95,4.89,6.79,4.21,15.42,11.21,96.47,78.0,45.37,38.95,57.95,42.05,0.8,0.3,9.58,6.47,5.79,4.68,1.26,1.74,6.32,9.63,11.0,7.0,11.32,11.84,2.63,3.68,1.74,2.95,0.55,0.24,0.25,0.58,0.46,,,,,0.53,0.5,0.55,0.25,0.25,0.48,0.6,,,0.56,0.5,0.54,0.51,Mexico Liga MX,2025-2026,1.94,1.59,4.72,3.78,6.17,4.89,13.39,12.44,68.12,72.94,37.31,32.62,46.5,53.5,0.4,1.0,8.39,6.61,5.0,5.83,2.67,1.5,8.06,8.28,7.83,6.94,12.17,10.94,2.89,2.89,2.35,2.18,0.43,0.26,0.35,0.61,0.43,,,,,0.53,0.5,0.44,0.26,0.36,0.47,0.61,,,,,0.54,0.52
Necaxa,1.4,0.93,5.27,4.73,7.87,5.6,16.27,12.13,89.14,83.14,44.93,37.79,50.87,49.13,0.33,0.67,8.87,6.27,7.47,5.8,0.93,1.36,8.6,10.27,10.67,8.27,12.47,10.27,2.33,3.27,2.14,2.21,0.44,0.26,0.33,0.61,0.43,,,0.56,0.5,0.53,0.51,0.44,0.27,0.34,0.46,0.61,,,0.56,0.5,0.53,0.53,Mexico Liga MX,2025-2026,2.5,1.38,5.53,4.82,6.59,4.76,15.71,12.35,85.53,83.65,46.24,39.65,51.29,48.71,0.71,0.29,9.88,7.0,5.82,5.29,1.27,1.33,8.65,10.12,9.41,6.35,10.88,11.94,2.88,3.06,2.06,2.82,0.5,0.25,0.28,0.61,0.44,,,,,0.53,0.51,0.51,0.26,0.29,0.47,0.6,,,,,0.53,0.53
Pachuca,1.53,1.0,5.35,4.0,6.9,4.5,14.85,9.95,88.75,74.1,38.75,30.9,48.6,51.4,0.4,0.6,7.4,5.25,7.55,4.7,1.65,1.65,8.1,11.15,10.2,7.1,12.9,10.45,2.15,3.25,2.45,2.4,0.51,0.26,0.27,0.56,0.48,,,0.52,0.51,0.52,0.51,0.52,0.26,0.27,0.5,0.58,,,0.53,0.53,0.54,0.52,Mexico Liga MX,2025-2026,1.27,1.47,5.06,3.75,6.5,5.56,13.12,13.0,86.06,79.19,44.19,31.88,51.56,48.44,0.5,0.75,7.06,6.94,5.94,5.94,1.86,1.71,9.88,10.81,8.88,8.31,11.44,11.75,2.88,3.31,2.5,2.44,0.39,0.27,0.37,0.6,0.44,,,0.53,0.5,0.53,0.5,0.39,0.28,0.39,0.47,0.61,,,0.54,0.52,0.54,0.52
Puebla,1.43,2.0,4.5,6.19,6.12,5.56,13.56,13.75,90.56,95.5,39.5,45.81,50.06,49.94,0.14,1.14,8.06,7.69,5.5,6.06,1.29,1.29,8.94,10.44,9.38,8.44,11.0,12.62,2.81,3.25,2.25,1.56,0.35,0.28,0.41,0.57,0.47,,,0.51,0.52,0.52,0.51,0.34,0.28,0.44,0.5,0.58,,,0.52,0.54,0.53,0.52,Mexico Liga MX,2025-2026,2.57,0.93,5.0,4.94,7.25,4.81,16.44,10.81,95.87,84.13,44.67,30.2,52.56,47.44,0.83,0.33,8.81,6.0,7.75,4.75,1.86,1.5,7.0,11.12,11.25,7.88,11.94,11.69,2.88,3.31,1.88,2.25,0.59,0.24,0.21,0.55,0.5,0.55,0.48,0.52,0.51,0.52,0.52,0.59,0.24,0.22,0.51,0.56,0.55,0.51,0.54,0.52,0.53,0.53
Pumas UNAM,1.94,1.38,4.47,5.06,5.29,5.76,13.24,13.47,88.76,73.71,42.94,38.47,55.41,44.59,0.75,0.5,8.94,7.82,4.47,5.65,1.88,1.41,10.29,9.82,7.94,8.65,11.47,9.76,3.18,2.47,2.29,2.06,0.49,0.26,0.28,0.56,0.48,,,0.55,0.48,0.52,0.52,0.5,0.27,0.29,0.5,0.58,,,0.56,0.5,0.53,0.53,Mexico Liga MX,2025-2026,1.53,1.63,6.0,3.32,7.37,3.68,16.84,10.26,96.74,73.26,51.53,35.26,53.63,46.37,0.55,0.82,10.63,6.16,6.37,4.11,1.79,1.47,7.05,13.05,10.68,6.58,11.0,12.26,1.95,3.42,1.63,3.26,0.44,0.28,0.32,0.54,0.5,0.56,0.47,0.53,0.5,0.51,0.52,0.45,0.28,0.32,0.5,0.57,0.57,0.49,0.52,0.53,0.53,0.53
Querétaro,1.4,1.2,3.75,5.88,4.81,6.5,10.62,14.88,76.19,101.31,28.38,44.88,38.12,61.88,0.83,0.33,6.56,9.88,4.12,4.94,2.0,1.2,10.94,9.38,7.0,7.94,13.31,10.69,3.31,1.94,2.56,2.19,0.28,0.28,0.47,0.53,0.5,,,0.53,0.5,0.51,0.53,0.29,0.28,0.48,0.51,0.56,,,0.54,0.51,0.52,0.53,Mexico Liga MX,2025-2026,2.0,0.87,6.12,4.65,6.82,5.12,15.47,10.82,116.62,68.44,43.19,32.75,65.65,34.35,1.0,0.2,8.82,5.71,6.53,5.12,1.25,1.94,9.0,11.12,10.12,7.5,10.24,9.82,2.94,3.41,1.82,2.12,0.61,0.23,0.19,0.52,0.52,,,0.55,0.5,0.52,0.51,0.62,0.24,0.2,0.53,0.54,,,0.56,0.5,0.53,0.53
Santos Laguna,1.47,1.29,4.35,5.24,4.53,7.35,12.0,16.47,71.12,76.71,33.29,39.47,44.18,55.82,0.75,0.38,8.18,10.76,3.88,5.53,2.0,2.35,10.53,8.29,7.59,11.94,13.88,14.24,4.24,3.0,3.12,2.65,0.31,0.26,0.46,0.62,0.42,,,,,0.51,0.53,0.32,0.27,0.47,0.45,0.63,,,,,0.53,0.53,Mexico Liga MX,2025-2026,2.71,1.0,6.21,4.14,8.21,3.07,18.43,8.71,98.93,81.5,57.0,30.64,56.86,43.14,0.67,0.33,10.43,5.36,7.86,3.36,2.71,1.43,7.14,12.14,12.79,5.0,12.29,10.57,2.43,3.93,1.93,2.71,0.68,0.2,0.16,0.57,0.47,,,,,0.53,0.5,0.69,0.2,0.17,0.48,0.59,,,,,0.53,0.52
Tigres UANL,2.76,0.82,5.85,3.25,6.65,4.25,17.0,10.2,92.75,74.4,47.05,33.25,55.8,44.2,0.67,0.5,10.85,5.25,6.05,4.95,1.68,2.05,6.15,9.9,9.47,4.89,10.85,10.8,2.7,3.55,2.25,3.05,0.62,0.23,0.19,0.56,0.48,,,0.55,0.49,0.52,0.51,0.63,0.24,0.19,0.51,0.56,,,0.55,0.51,0.53,0.53,Mexico Liga MX,2025-2026,1.47,1.42,4.6,5.25,6.2,4.75,14.85,13.45,89.35,92.0,39.25,39.85,47.3,52.7,0.75,0.5,8.2,8.45,6.65,5.05,1.55,1.35,7.75,8.8,9.0,8.35,12.75,12.2,3.7,3.2,2.9,3.0,0.35,0.28,0.41,0.57,0.47,,,0.53,0.5,0.52,0.52,0.36,0.29,0.42,0.5,0.57,,,0.53,0.53,0.54,0.52
Tijuana,2.15,0.77,3.19,4.31,5.75,5.0,12.56,10.88,87.88,98.69,38.31,37.12,50.06,49.94,1.0,0.0,8.0,6.44,4.56,4.44,1.47,1.13,7.56,8.12,8.69,8.12,13.31,13.5,3.0,2.81,2.44,2.31,0.43,0.26,0.35,0.64,0.4,,,,,0.53,0.5,0.43,0.27,0.36,0.45,0.63,,,,,0.53,0.52,Mexico Liga MX,2025-2026,1.94,1.24,5.56,3.39,6.83,5.44,16.06,10.83,103.5,69.22,51.94,31.67,56.56,43.44,0.67,0.58,10.5,5.89,5.56,4.89,1.19,1.81,7.11,11.17,9.67,6.28,11.83,11.33,2.06,3.89,2.44,2.72,0.57,0.23,0.23,0.59,0.45,,,0.54,0.49,0.52,0.51,0.58,0.24,0.23,0.48,0.59,,,0.54,0.52,0.53,0.53
Toluca,2.42,1.16,5.7,3.2,8.2,4.75,19.6,10.3,95.75,71.7,46.85,30.9,58.8,41.2,0.6,0.6,10.7,5.35,8.7,4.9,2.0,1.56,8.7,12.2,12.6,7.55,11.8,10.6,2.55,4.15,1.95,2.5,0.65,0.21,0.17,0.57,0.47,,,,,0.54,0.5,0.67,0.22,0.17,0.49,0.58,,,,,0.55,0.51,Mexico Liga MX,2025-2026,1.13,1.6,4.32,5.58,4.79,6.42,10.89,15.68,78.94,94.41,32.47,43.12,44.53,55.47,0.8,0.2,6.26,8.89,4.68,6.79,1.53,2.11,8.21,8.53,7.95,9.53,11.95,12.21,3.47,2.53,2.47,2.32,0.3,0.26,0.48,0.62,0.42,,,0.54,0.49,0.52,0.51,0.3,0.26,0.49,0.45,0.62,,,0.55,0.52,0.52,0.54
Academico Viseu,2.14,0.79,5.35,3.47,6.35,4.41,13.88,8.41,84.47,83.71,52.18,45.35,52.35,47.65,0.2,0.8,9.8,5.9,5.8,4.1,1.88,1.59,7.0,10.7,7.0,7.0,12.29,11.76,2.24,3.76,2.53,2.76,0.52,0.29,0.23,0.51,0.54,0.56,0.48,0.52,0.53,0.51,0.54,0.54,0.31,0.25,0.57,0.52,0.55,0.52,0.53,0.53,0.51,0.55,Portugal LigaPro,2025-2026,1.69,2.08,4.62,4.31,5.12,5.81,10.62,12.0,87.5,80.88,50.44,45.06,51.81,48.19,0.67,1.0,6.56,9.22,5.0,3.56,1.67,1.6,8.78,6.78,7.67,7.33,13.06,14.0,2.81,2.62,3.38,2.5,0.33,0.31,0.4,0.52,0.53,0.56,0.48,0.51,0.53,0.51,0.54,0.36,0.32,0.43,0.56,0.53,0.54,0.52,0.52,0.54,0.51,0.54
Benfica II,1.47,1.29,7.29,3.88,6.76,4.06,14.0,8.71,91.88,70.35,62.24,39.47,58.0,42.0,0.5,0.62,11.44,6.89,6.44,3.78,1.56,1.56,6.67,12.11,17.0,5.0,14.41,15.41,2.76,3.76,2.65,3.53,0.44,0.29,0.32,0.56,0.49,,,0.54,0.5,0.51,0.53,0.46,0.3,0.34,0.53,0.56,,,0.54,0.52,0.54,0.52,Portugal LigaPro,2025-2026,1.4,1.2,4.75,4.62,6.88,5.25,12.5,9.75,83.62,78.31,55.62,47.94,52.19,47.81,0.33,0.67,9.44,6.11,5.33,3.44,1.31,1.62,6.33,10.89,11.67,6.67,14.25,14.44,2.5,2.69,3.12,3.5,0.41,0.29,0.34,0.57,0.48,,,0.55,0.49,0.52,0.52,0.43,0.3,0.37,0.51,0.58,,,0.55,0.51,0.53,0.52
Chaves,1.07,1.07,5.06,3.81,7.5,5.0,14.06,10.19,77.56,74.88,51.06,40.62,54.5,45.5,0.6,0.4,9.5,6.67,5.58,4.42,1.54,1.46,7.75,9.58,10.33,7.67,12.27,14.8,1.8,3.2,3.07,3.27,0.47,0.3,0.27,0.52,0.53,0.56,0.48,0.53,0.51,0.52,0.53,0.49,0.31,0.3,0.55,0.54,,,0.53,0.53,0.52,0.54,Portugal LigaPro,2025-2026,1.31,1.38,4.81,4.38,4.81,4.0,10.06,9.94,87.62,84.81,54.5,51.81,50.94,49.06,0.25,1.0,6.1,7.0,4.8,4.4,2.2,1.73,7.2,8.4,9.5,9.5,15.12,13.81,2.81,2.5,3.12,2.56,0.36,0.31,0.37,0.53,0.52,0.56,0.49,0.52,0.52,0.5,0.55,0.39,0.32,0.4,0.55,0.54,0.56,0.5,0.53,0.53,0.54,0.52
Farense,1.08,1.62,5.47,4.47,5.65,5.47,12.29,10.82,88.0,85.94,57.82,48.59,50.18,49.82,0.33,0.67,7.78,7.0,6.56,3.89,1.6,1.4,7.33,10.33,7.0,7.0,14.88,11.82,2.47,3.76,3.59,2.59,0.49,0.3,0.26,0.51,0.53,0.54,0.5,0.52,0.53,0.5,0.55,0.51,0.31,0.28,0.56,0.53,0.55,0.51,0.52,0.53,0.53,0.53,Portugal LigaPro,2025-2026,1.0,1.21,4.38,4.94,6.0,5.0,13.0,10.75,83.81,79.62,49.38,48.31,52.94,47.06,0.8,0.6,8.64,7.91,5.91,4.45,1.31,1.75,8.45,8.09,6.33,8.67,13.44,13.25,2.75,4.0,2.44,3.0,0.38,0.3,0.36,0.54,0.51,0.54,0.5,0.52,0.52,0.51,0.54,0.4,0.31,0.39,0.55,0.54,0.5,0.56,0.53,0.53,0.52,0.54
Feirense,1.31,1.08,5.65,4.65,6.71,5.18,12.59,9.47,77.06,77.18,53.53,47.35,47.18,52.82,0.8,0.4,6.64,7.82,7.18,2.73,1.94,1.29,8.73,8.91,13.5,4.5,16.12,12.41,2.18,2.47,3.82,3.0,0.39,0.32,0.34,0.51,0.54,0.55,0.5,0.51,0.53,0.5,0.54,0.42,0.32,0.36,0.57,0.52,0.54,0.52,0.52,0.54,0.51,0.55,Portugal LigaPro,2025-2026,1.67,1.33,5.12,5.5,5.12,6.0,11.2,11.87,76.75,76.19,48.62,50.44,53.69,46.31,1.0,0.0,8.43,7.86,4.43,6.86,1.0,1.79,9.14,10.71,7.0,10.0,10.93,15.33,3.07,2.93,2.5,3.69,0.47,0.31,0.26,0.51,0.54,0.54,0.5,0.51,0.53,0.48,0.55,0.51,0.32,0.28,0.57,0.52,0.54,0.52,0.52,0.53,0.54,0.52
Felgueiras 1932,1.07,1.07,5.06,5.38,5.25,5.06,11.5,11.31,89.62,86.19,56.94,47.5,49.12,50.88,0.4,0.6,8.36,7.64,4.55,4.45,1.69,1.88,6.55,10.18,6.67,8.0,14.19,14.06,3.0,2.69,2.31,3.19,0.48,0.3,0.27,0.53,0.51,,,0.52,0.52,0.5,0.54,0.5,0.31,0.29,0.55,0.54,,,0.54,0.52,0.52,0.54,Portugal LigaPro,2025-2026,1.71,1.5,3.88,4.76,4.59,6.47,9.94,12.06,84.53,86.76,42.41,52.41,49.29,50.71,0.5,0.75,6.09,7.18,4.18,4.73,1.38,1.81,8.82,8.0,11.0,12.5,15.35,12.82,2.88,2.47,3.06,2.47,0.39,0.31,0.35,0.53,0.51,0.55,0.5,0.52,0.52,0.5,0.55,0.42,0.31,0.37,0.55,0.54,0.53,0.52,0.53,0.53,0.52,0.54
Leixões,1.53,2.0,5.81,4.5,6.94,5.56,13.44,10.75,96.75,81.12,56.62,47.56,52.56,47.44,0.33,0.83,9.62,8.25,6.38,4.5,1.87,1.8,8.25,9.75,10.0,11.33,14.81,14.88,2.94,3.5,2.81,2.19,0.42,0.31,0.31,0.53,0.52,0.56,0.48,0.52,0.52,0.51,0.54,0.45,0.31,0.34,0.55,0.55,0.53,0.53,0.53,0.53,0.52,0.54,Portugal LigaPro,2025-2026,1.5,1.36,4.47,3.0,4.93,5.53,12.07,10.67,84.33,79.47,54.27,41.0,52.67,47.33,0.75,0.5,7.78,7.44,6.44,3.78,2.5,2.21,7.33,8.78,12.5,5.5,15.13,15.13,2.47,3.2,2.6,3.6,0.44,0.31,0.29,0.53,0.52,0.52,0.53,0.53,0.52,0.5,0.55,0.46,0.31,0.32,0.55,0.54,0.53,0.52,0.53,0.53,0.53,0.53
Lusitania FC Lourosa,1.14,1.5,5.93,3.53,6.07,5.2,11.6,11.0,77.47,85.0,49.27,46.8,47.73,52.27,0.5,0.67,8.5,6.2,4.5,3.8,0.93,1.8,7.2,8.5,14.0,6.33,16.07,13.93,2.8,2.53,2.47,2.53,0.36,0.31,0.38,0.53,0.52,0.56,0.48,0.52,0.52,0.5,0.54,0.39,0.31,0.39,0.55,0.54,,,0.53,0.53,0.52,0.54,Portugal LigaPro,2025-2026,1.93,1.67,5.24,4.53,6.76,3.94,13.65,8.59,89.12,76.59,58.41,43.0,53.59,46.41,0.71,0.71,9.5,6.3,4.6,3.1,2.0,1.19,6.1,9.2,6.0,8.0,14.65,13.88,2.12,3.47,2.94,2.71,0.46,0.3,0.29,0.52,0.53,0.56,0.48,0.52,0.52,0.52,0.54,0.48,0.31,0.31,0.56,0.53,0.53,0.53,0.53,0.53,0.52,0.54
Marítimo,1.31,1.06,5.06,2.75,5.69,3.81,13.31,8.25,95.0,76.5,59.81,38.25,57.62,42.38,0.4,0.8,9.44,5.78,5.89,3.56,1.38,2.19,5.78,10.44,7.5,10.5,13.81,13.69,2.19,3.94,2.69,3.56,0.56,0.27,0.22,0.51,0.54,0.56,0.48,0.52,0.51,0.51,0.53,0.57,0.29,0.24,0.56,0.53,0.56,0.5,0.52,0.53,0.52,0.54,Portugal LigaPro,2025-2026,0.73,1.87,4.41,4.06,4.88,5.29,10.65,11.41,76.06,83.94,46.75,48.25,47.82,52.18,0.29,0.71,6.6,6.8,3.6,5.6,2.94,0.94,9.5,7.2,5.5,7.0,13.65,15.82,2.53,3.47,3.0,3.24,0.33,0.31,0.41,0.53,0.51,0.56,0.48,0.53,0.51,0.5,0.55,0.36,0.31,0.43,0.55,0.55,0.53,0.53,0.55,0.51,0.53,0.53
Paços de Ferreira,1.83,1.83,5.47,5.41,7.18,6.35,14.47,13.41,80.35,77.41,55.88,49.35,45.71,54.29,0.6,0.6,8.7,7.3,6.9,7.2,1.71,1.94,8.1,10.3,8.0,7.5,14.12,12.12,3.47,3.29,2.65,3.82,0.32,0.3,0.42,0.54,0.5,,,0.53,0.51,0.52,0.52,0.35,0.31,0.45,0.55,0.54,0.57,0.49,0.53,0.52,0.53,0.52,Portugal LigaPro,2025-2026,1.92,0.92,6.38,3.88,7.0,4.56,15.56,9.31,81.75,76.06,56.62,41.31,52.75,47.25,0.75,0.5,9.83,5.92,6.17,4.25,1.47,1.53,6.83,10.75,12.5,4.5,16.19,13.69,2.0,3.62,2.38,3.12,0.53,0.28,0.23,0.5,0.55,0.55,0.49,0.52,0.52,0.5,0.54,0.55,0.3,0.25,0.57,0.52,0.56,0.5,0.53,0.53,0.53,0.53
Penafiel,1.27,1.0,4.0,4.41,5.35,5.12,11.56,10.88,88.12,95.53,50.94,53.76,48.82,51.18,1.0,0.0,8.2,7.0,4.0,4.3,1.4,1.33,7.9,7.9,7.0,10.5,14.88,11.94,3.44,3.25,2.69,2.12,0.36,0.3,0.38,0.54,0.51,0.52,0.53,0.53,0.52,0.49,0.55,0.38,0.31,0.4,0.55,0.55,0.53,0.52,0.53,0.53,0.52,0.54,Portugal LigaPro,2025-2026,1.71,1.29,5.62,4.88,6.5,4.94,13.81,10.12,86.06,79.44,56.19,42.69,55.25,44.75,0.43,0.71,9.88,7.38,6.0,5.75,1.56,1.5,8.38,9.88,13.67,7.67,14.75,15.25,2.19,3.62,3.0,2.56,0.54,0.28,0.23,0.52,0.53,0.53,0.52,0.54,0.51,0.51,0.53,0.56,0.29,0.25,0.55,0.53,0.53,0.52,0.54,0.52,0.52,0.54
Portimonense SAD,1.27,1.4,5.81,5.31,5.62,4.81,12.62,11.31,77.12,78.94,47.44,49.81,49.94,50.06,1.0,1.0,10.5,7.6,4.8,4.5,1.81,1.75,6.7,8.5,14.33,8.67,14.38,16.19,2.44,3.19,2.62,3.25,0.36,0.3,0.38,0.57,0.48,0.56,0.48,0.53,0.51,0.51,0.53,0.39,0.31,0.4,0.52,0.57,,,0.53,0.53,0.52,0.54,Portugal LigaPro,2025-2026,1.62,1.25,6.12,4.19,7.56,5.19,15.12,10.19,85.12,77.06,58.25,43.81,49.69,50.31,0.44,0.56,11.88,6.62,7.12,4.25,1.62,1.31,6.88,10.88,18.0,4.0,15.62,12.06,2.75,3.31,2.94,2.62,0.53,0.28,0.24,0.54,0.51,,,0.54,0.5,0.51,0.53,0.55,0.3,0.26,0.54,0.55,,,0.54,0.52,0.53,0.53
Porto II,1.38,1.08,3.12,5.38,4.25,6.44,9.0,11.62,79.27,85.6,42.87,53.33,47.56,52.44,1.0,1.0,4.91,7.55,4.73,5.55,1.31,1.69,9.55,6.27,6.0,9.67,14.0,15.69,2.25,2.25,2.94,3.25,0.34,0.3,0.41,0.54,0.51,,,0.53,0.51,0.51,0.54,0.36,0.31,0.43,0.54,0.56,,,0.53,0.52,0.53,0.53,Portugal LigaPro,2025-2026,1.75,1.12,5.88,4.19,5.56,3.88,13.0,10.19,81.81,72.25,54.44,44.62,51.5,48.5,0.33,0.67,9.91,5.82,5.18,5.09,2.33,1.4,6.36,10.09,7.5,6.5,15.56,12.69,2.25,3.38,3.38,2.81,0.5,0.29,0.25,0.53,0.52,,,0.53,0.51,0.51,0.53,0.52,0.3,0.28,0.55,0.54,0.57,0.49,0.52,0.53,0.52,0.54
Sporting CP II,1.44,1.12,4.31,4.25,5.19,6.38,11.69,11.5,85.38,83.88,48.69,48.19,54.12,45.88,0.14,1.0,8.0,6.12,5.38,4.25,2.2,1.2,8.25,9.0,10.5,9.5,13.38,12.44,2.44,3.94,2.56,3.25,0.42,0.31,0.32,0.54,0.51,,,0.53,0.51,0.51,0.54,0.45,0.31,0.34,0.54,0.55,0.53,0.53,0.54,0.52,0.52,0.54,Portugal LigaPro,2025-2026,1.0,1.29,4.88,4.25,6.25,5.12,11.25,10.38,92.31,90.31,52.44,49.12,46.56,53.44,0.5,0.67,7.5,7.17,5.25,4.67,1.31,1.94,9.0,8.25,10.67,8.33,11.94,13.31,2.12,2.62,2.67,3.13,0.42,0.3,0.32,0.55,0.5,,,0.53,0.51,0.51,0.54,0.45,0.3,0.35,0.54,0.55,,,0.53,0.52,0.52,0.54
Torreense,1.86,1.29,4.0,5.07,5.67,5.13,11.53,11.33,83.53,73.07,52.87,49.73,50.47,49.53,0.75,0.5,7.75,8.12,4.88,6.12,2.2,1.53,8.5,8.12,9.33,5.33,12.13,12.4,2.6,2.93,2.4,2.67,0.49,0.3,0.26,0.51,0.53,0.52,0.51,0.53,0.51,0.51,0.54,0.51,0.31,0.29,0.56,0.53,0.52,0.54,0.53,0.53,0.51,0.55,Portugal LigaPro,2025-2026,1.0,1.4,4.65,4.82,6.06,5.18,12.24,10.94,85.41,83.59,53.35,52.59,51.35,48.65,0.33,1.17,7.6,8.1,6.2,3.4,1.47,2.53,7.3,9.2,9.0,9.0,11.35,11.94,2.38,3.69,2.29,2.76,0.37,0.3,0.37,0.54,0.51,0.56,0.49,0.53,0.51,0.51,0.53,0.39,0.31,0.39,0.55,0.55,0.53,0.52,0.53,0.52,0.51,0.54
UD Oliveirense,1.6,1.67,3.81,5.56,6.19,6.0,11.75,12.31,79.62,87.19,49.75,58.06,48.81,51.19,0.5,0.5,7.67,8.56,4.0,5.33,1.81,2.12,10.33,7.33,6.33,9.33,13.56,15.69,2.88,2.88,2.88,2.88,0.32,0.3,0.42,0.54,0.5,,,0.53,0.51,0.51,0.54,0.35,0.31,0.44,0.53,0.56,,,0.54,0.52,0.52,0.53,Portugal LigaPro,2025-2026,1.67,0.67,6.12,4.24,6.76,5.76,14.65,10.06,88.88,83.0,61.0,48.76,51.35,48.65,0.67,0.33,12.1,7.1,5.7,4.0,2.07,1.6,8.4,9.5,9.0,8.5,13.71,11.65,2.41,4.0,2.0,2.38,0.58,0.26,0.21,0.54,0.51,,,0.55,0.5,0.52,0.52,0.59,0.28,0.23,0.54,0.55,,,0.53,0.52,0.52,0.54
União de Leiria,1.93,1.79,5.5,4.5,6.19,5.38,12.44,9.88,82.12,81.62,53.31,46.44,52.81,47.19,0.5,1.0,7.57,8.0,5.14,4.57,2.31,1.0,7.29,7.71,8.0,8.0,15.06,12.62,2.06,3.38,2.69,2.81,0.49,0.29,0.27,0.54,0.51,,,0.53,0.51,0.51,0.53,0.5,0.3,0.29,0.54,0.55,0.57,0.49,0.54,0.52,0.52,0.54,Portugal LigaPro,2025-2026,1.27,1.33,5.75,4.62,7.0,6.06,12.88,11.56,85.75,83.5,53.12,50.25,50.25,49.75,0.33,0.67,7.12,7.12,6.38,4.75,1.27,2.13,8.0,9.5,8.0,9.33,14.33,14.87,3.25,3.19,2.56,3.69,0.36,0.31,0.38,0.53,0.51,0.56,0.49,0.52,0.52,0.5,0.55,0.38,0.31,0.41,0.55,0.55,0.56,0.5,0.53,0.53,0.51,0.54
Vizela,1.47,1.2,5.06,4.0,5.5,4.38,12.62,9.44,86.75,76.88,56.62,46.38,53.12,46.88,0.33,0.67,8.45,5.73,5.27,3.91,1.73,1.67,7.64,8.64,10.0,6.5,14.19,14.81,2.5,3.31,2.75,3.38,0.52,0.29,0.24,0.53,0.52,,,0.53,0.51,0.52,0.53,0.54,0.3,0.26,0.54,0.55,,,0.54,0.52,0.53,0.52,Portugal LigaPro,2025-2026,1.27,0.8,4.94,5.06,6.38,5.69,12.56,10.69,80.0,88.94,53.69,53.81,47.19,52.81,0.33,0.67,8.0,7.12,6.12,5.38,1.47,0.8,6.75,9.12,8.33,9.33,15.69,12.81,3.25,3.31,2.81,3.88,0.35,0.3,0.39,0.55,0.5,0.56,0.5,0.53,0.52,0.51,0.54,0.37,0.32,0.41,0.54,0.55,,,0.53,0.53,0.52,0.54
Athletic Club,1.11,1.11,6.44,3.83,5.67,2.67,14.89,7.67,121.61,80.06,58.83,31.22,50.28,49.72,0.6,0.4,9.89,4.28,5.0,3.39,1.59,3.59,4.44,10.44,10.11,5.94,13.11,10.94,2.5,3.78,2.0,2.28,0.51,0.27,0.24,0.49,0.55,0.53,0.49,0.5,0.52,0.51,0.53,0.52,0.28,0.25,0.56,0.51,0.53,0.52,0.51,0.53,0.52,0.53,Spain La Liga,2025-2026,2.0,1.12,4.06,5.53,4.12,5.18,11.12,12.94,88.59,109.94,34.24,49.82,51.76,48.24,0.75,0.5,7.88,9.18,3.24,3.76,3.18,1.18,8.24,6.59,7.94,8.24,10.82,13.06,3.29,2.82,1.93,2.33,0.36,0.31,0.36,0.52,0.52,0.54,0.49,0.5,0.52,0.49,0.54,0.36,0.31,0.38,0.54,0.53,0.54,0.51,0.53,0.51,0.51,0.53
Atlético Madrid,1.94,0.83,7.94,3.83,6.44,4.61,15.28,9.83,105.06,97.67,59.39,37.89,54.61,45.39,1.0,0.0,10.94,6.22,4.33,3.61,2.56,1.69,7.0,9.39,11.89,7.56,10.22,9.83,2.11,4.22,2.12,2.12,0.64,0.22,0.18,0.49,0.55,0.54,0.48,0.48,0.55,0.53,0.5,0.64,0.23,0.19,0.54,0.53,0.56,0.49,0.56,0.49,0.52,0.52,Spain La Liga,2025-2026,1.38,1.31,4.59,5.06,5.71,4.53,13.29,10.82,107.59,92.12,55.24,43.82,48.94,51.06,0.71,0.29,7.82,7.24,5.47,3.59,1.76,2.06,6.59,9.06,8.53,7.82,9.71,12.65,2.94,2.94,2.25,2.5,0.31,0.27,0.45,0.54,0.49,0.52,0.51,0.52,0.5,0.52,0.5,0.32,0.28,0.46,0.51,0.56,0.48,0.56,0.52,0.52,0.53,0.52
Celta de Vigo,1.53,1.65,4.41,4.0,4.0,4.24,10.94,12.24,106.41,95.18,45.29,48.35,52.18,47.82,0.57,0.57,7.24,7.76,3.71,4.47,2.06,2.0,6.94,7.24,8.18,8.0,10.12,12.71,2.59,2.88,1.65,2.35,0.45,0.28,0.3,0.55,0.49,0.54,0.49,0.52,0.51,0.52,0.51,0.46,0.29,0.31,0.51,0.56,0.53,0.51,0.52,0.52,0.53,0.52,Spain La Liga,2025-2026,1.19,1.5,5.33,3.06,6.06,3.0,13.89,8.78,99.61,84.67,53.78,33.5,51.28,48.72,0.86,0.43,9.22,5.67,4.67,3.11,2.24,2.53,5.06,9.39,9.28,6.39,11.83,13.33,2.44,3.61,2.22,2.33,0.44,0.29,0.3,0.53,0.5,0.55,0.47,0.5,0.52,0.5,0.53,0.46,0.29,0.31,0.52,0.55,0.56,0.48,0.51,0.53,0.51,0.53
Deportivo Alavés,1.38,1.31,5.88,4.12,4.76,4.0,12.29,10.71,101.53,98.0,45.94,40.06,49.24,50.76,0.71,0.43,7.41,6.94,4.88,3.76,2.06,1.38,7.53,8.35,7.82,7.18,14.71,14.59,2.29,2.88,2.18,2.47,0.37,0.31,0.34,0.47,0.57,0.53,0.5,0.5,0.53,0.51,0.52,0.38,0.32,0.36,0.57,0.5,0.51,0.53,0.5,0.54,0.52,0.52,Spain La Liga,2025-2026,1.61,1.06,5.5,3.83,5.22,5.06,13.61,11.11,111.72,91.17,53.0,38.83,53.0,47.0,0.67,0.67,8.94,7.44,4.67,3.67,1.88,2.25,7.28,8.22,9.06,7.39,12.89,15.06,2.71,2.76,1.72,2.67,0.53,0.28,0.22,0.45,0.58,0.52,0.51,0.5,0.53,0.51,0.52,0.54,0.28,0.23,0.58,0.49,0.52,0.52,0.51,0.53,0.5,0.54
Elche,1.76,1.12,4.79,3.58,5.26,5.26,13.37,12.79,105.37,78.53,53.74,38.95,60.26,39.74,0.43,0.57,9.79,8.63,3.58,4.16,1.89,1.95,7.32,8.89,8.42,8.21,12.84,14.11,3.11,3.21,1.95,2.58,0.36,0.29,0.38,0.54,0.5,0.54,0.49,0.51,0.51,0.5,0.54,0.37,0.29,0.39,0.52,0.55,0.54,0.51,0.52,0.52,0.52,0.53,Spain La Liga,2025-2026,2.06,1.0,5.71,3.0,5.82,3.65,15.0,8.88,90.82,97.0,47.29,40.06,44.18,55.82,0.67,0.33,9.53,5.65,5.47,3.24,1.87,1.4,5.18,8.06,9.53,6.06,15.12,13.29,2.24,2.82,1.82,2.18,0.56,0.26,0.21,0.5,0.54,0.52,0.51,0.49,0.53,0.53,0.5,0.57,0.26,0.21,0.54,0.53,0.53,0.52,0.5,0.54,0.52,0.52
Espanyol,1.18,1.35,5.28,4.72,5.61,4.17,13.22,11.89,95.61,94.44,48.22,37.39,46.0,54.0,0.75,0.75,8.83,8.11,4.39,3.78,2.06,1.61,6.33,8.22,9.83,8.67,13.61,13.44,3.11,3.39,2.35,3.06,0.39,0.3,0.34,0.51,0.53,0.53,0.5,0.5,0.52,0.51,0.52,0.41,0.3,0.35,0.54,0.53,0.52,0.52,0.51,0.53,0.52,0.52,Spain La Liga,2025-2026,1.73,1.33,4.88,4.24,5.06,4.94,15.47,11.88,109.71,81.94,45.47,36.24,62.12,37.88,0.67,0.33,10.47,7.0,5.0,4.82,1.5,1.94,7.18,8.35,9.35,7.88,12.41,14.29,2.47,4.0,2.29,2.65,0.49,0.29,0.26,0.52,0.52,0.53,0.49,0.51,0.52,0.5,0.53,0.5,0.29,0.27,0.54,0.53,0.52,0.52,0.51,0.53,0.52,0.52
FC Barcelona,3.06,0.56,7.12,4.06,6.5,3.5,18.62,7.88,117.44,70.81,56.06,29.5,67.38,32.62,1.0,0.33,12.12,6.44,6.5,1.44,2.5,3.69,4.69,10.25,12.94,5.62,9.31,12.0,2.0,4.38,1.2,2.4,0.77,0.16,0.11,0.57,0.47,,,,,,,0.78,0.16,0.12,0.47,0.6,,,,,,,Spain La Liga,2025-2026,1.28,2.06,4.72,6.61,3.44,6.94,10.22,18.44,66.0,116.22,32.94,63.5,30.44,69.56,0.5,0.75,7.89,12.44,2.39,6.0,5.33,1.89,9.39,4.89,7.67,12.0,12.39,9.28,4.22,3.17,2.78,2.11,0.21,0.21,0.62,0.63,0.4,,,,,0.51,0.52,0.21,0.22,0.63,0.43,0.64,,,,,0.51,0.53
Getafe,1.06,0.94,4.41,3.94,4.24,3.94,9.29,9.88,97.53,93.12,40.59,37.71,41.53,58.47,0.67,0.33,5.47,6.18,3.82,3.71,2.71,2.71,7.18,8.24,6.06,7.06,15.35,15.18,2.88,1.76,2.53,2.53,0.36,0.33,0.34,0.41,0.62,0.49,0.54,0.52,0.52,0.52,0.52,0.37,0.33,0.35,0.63,0.44,0.52,0.53,0.55,0.5,0.51,0.53,Spain La Liga,2025-2026,1.22,0.78,5.16,4.37,5.0,3.58,12.0,9.42,105.79,92.68,45.32,37.63,60.63,39.37,0.75,0.5,7.79,5.89,4.21,3.47,2.68,2.16,5.68,7.84,9.11,5.44,13.32,14.89,1.89,3.37,2.16,3.21,0.5,0.31,0.22,0.41,0.63,0.5,0.53,0.5,0.52,0.51,0.52,0.51,0.31,0.23,0.64,0.43,0.52,0.52,0.53,0.51,0.55,0.5
Girona,1.18,1.53,4.94,4.06,4.17,5.94,11.72,13.83,98.33,91.44,53.06,47.39,51.56,48.44,0.6,0.8,7.5,9.44,4.22,4.33,2.11,1.22,6.78,6.72,8.06,9.5,9.89,14.33,3.0,3.06,2.06,2.44,0.38,0.28,0.37,0.55,0.49,0.52,0.52,0.52,0.51,0.5,0.52,0.39,0.28,0.37,0.5,0.57,0.53,0.51,0.51,0.53,0.52,0.53,Spain La Liga,2025-2026,1.44,0.89,6.44,3.44,6.67,3.56,15.72,10.78,103.72,90.5,56.28,43.78,50.83,49.17,0.4,1.0,10.39,7.17,5.33,3.61,1.89,1.89,5.83,9.33,10.94,7.39,13.61,11.33,3.17,3.83,1.67,2.06,0.54,0.27,0.23,0.54,0.5,0.5,0.52,0.51,0.51,0.51,0.52,0.55,0.27,0.24,0.52,0.55,0.51,0.53,0.51,0.53,0.52,0.52
Levante,1.47,1.8,5.19,4.75,5.88,6.06,14.56,14.38,86.25,100.12,40.12,47.56,43.12,56.88,0.86,0.29,9.44,9.31,5.12,5.06,1.6,1.47,8.19,8.25,9.06,9.31,12.38,13.25,3.19,2.62,2.25,1.94,0.31,0.28,0.44,0.57,0.47,0.51,0.51,0.54,0.49,0.51,0.52,0.33,0.28,0.45,0.5,0.58,0.51,0.53,0.54,0.51,0.53,0.52,Spain La Liga,2025-2026,1.75,1.25,6.94,2.88,6.65,3.94,16.12,10.41,102.53,80.82,51.24,34.82,57.59,42.41,1.0,0.0,10.65,6.35,5.47,4.12,2.06,1.47,6.76,10.24,11.59,6.82,12.24,12.24,2.29,3.76,2.41,2.29,0.55,0.26,0.21,0.53,0.51,0.54,0.5,0.52,0.51,0.51,0.52,0.57,0.26,0.22,0.52,0.55,0.54,0.5,0.52,0.52,0.53,0.52
Mallorca,1.65,1.18,4.0,5.88,5.41,5.0,12.76,13.35,94.82,99.29,43.12,49.76,48.18,51.82,0.83,0.5,9.0,8.12,3.76,5.24,1.41,2.12,7.65,7.29,8.94,8.71,12.47,12.18,3.18,3.29,2.25,2.25,0.34,0.3,0.39,0.5,0.54,0.53,0.5,0.5,0.52,0.49,0.55,0.35,0.3,0.4,0.55,0.52,0.52,0.52,0.52,0.53,0.55,0.5,Spain La Liga,2025-2026,2.0,0.94,6.67,3.44,6.0,3.67,15.28,9.22,103.06,89.39,55.33,34.89,54.39,45.61,0.8,0.4,9.94,5.61,5.33,3.56,1.59,1.47,6.17,9.17,10.24,6.35,12.28,12.72,2.5,3.11,2.12,2.41,0.57,0.26,0.2,0.48,0.55,0.52,0.51,0.5,0.53,0.52,0.51,0.58,0.27,0.21,0.56,0.51,0.53,0.52,0.52,0.52,0.51,0.53
Osasuna,1.61,1.28,4.61,3.67,5.61,3.33,14.89,9.83,94.67,88.5,50.44,40.83,49.94,50.06,0.8,0.4,10.72,5.67,4.17,4.17,1.41,2.12,6.83,8.78,9.72,6.56,13.33,11.39,2.56,3.83,2.33,2.72,0.43,0.3,0.29,0.49,0.54,0.52,0.51,0.5,0.53,0.52,0.51,0.44,0.31,0.3,0.55,0.53,0.52,0.52,0.5,0.54,0.51,0.53,Spain La Liga,2025-2026,1.56,0.81,6.0,2.89,6.78,3.94,15.28,8.78,100.67,81.28,52.5,39.89,55.83,44.17,0.78,0.33,9.22,5.78,6.06,3.0,1.94,1.62,6.44,10.33,10.56,6.0,11.67,12.94,1.88,4.12,2.06,2.61,0.49,0.28,0.26,0.51,0.53,0.55,0.49,0.51,0.51,0.5,0.53,0.5,0.28,0.27,0.54,0.53,0.52,0.53,0.52,0.53,0.52,0.53
Rayo Vallecano,1.47,0.93,6.76,4.94,6.71,4.0,16.53,11.41,99.18,84.65,52.12,43.24,55.41,44.59,0.5,0.5,9.12,7.0,7.47,4.41,2.06,0.75,8.0,10.18,10.88,6.53,12.24,10.71,2.88,4.35,2.18,2.47,0.43,0.29,0.32,0.51,0.53,0.54,0.49,0.51,0.51,0.51,0.52,0.44,0.29,0.33,0.54,0.53,0.51,0.53,0.52,0.52,0.52,0.53,Spain La Liga,2025-2026,1.69,0.88,5.47,4.71,4.76,4.53,12.65,11.18,94.12,89.29,48.53,39.76,48.12,51.88,0.62,0.38,8.71,6.12,3.94,4.94,1.18,1.94,6.76,8.18,8.47,7.35,10.47,15.0,2.82,2.71,1.76,3.35,0.49,0.28,0.26,0.52,0.51,0.51,0.52,0.5,0.52,0.5,0.53,0.5,0.28,0.27,0.54,0.53,0.5,0.55,0.52,0.52,0.51,0.53
Real Betis,1.94,1.06,4.76,4.29,6.47,5.12,15.88,12.0,94.06,89.12,48.18,41.41,51.94,48.06,0.67,1.0,9.41,7.24,6.47,4.76,2.06,2.88,6.29,8.18,11.82,8.18,10.94,13.12,3.12,3.47,1.81,2.81,0.49,0.26,0.27,0.56,0.48,0.52,0.5,0.52,0.51,0.51,0.51,0.5,0.27,0.29,0.5,0.57,0.54,0.5,0.53,0.51,0.51,0.53,Spain La Liga,2025-2026,1.61,1.39,5.74,4.37,4.53,4.74,12.53,12.53,106.05,85.47,55.53,40.32,51.89,48.11,0.8,0.2,7.89,7.47,4.63,5.05,3.37,1.42,7.58,7.68,9.16,8.05,13.26,10.16,3.06,3.5,2.16,2.11,0.42,0.28,0.33,0.56,0.48,0.51,0.52,0.52,0.51,0.5,0.53,0.43,0.29,0.34,0.49,0.58,0.54,0.5,0.54,0.5,0.52,0.52
Real Madrid,2.28,0.78,6.72,3.11,6.83,4.22,19.33,10.33,122.89,73.28,69.33,34.06,60.11,39.89,1.22,0.11,12.11,6.22,7.22,4.06,2.31,0.75,5.56,9.89,13.78,6.56,9.89,13.61,2.22,5.17,2.12,2.47,0.75,0.16,0.11,0.55,0.49,,,0.54,0.49,0.51,0.52,0.77,0.17,0.12,0.51,0.56,,,,,0.55,0.5,Spain La Liga,2025-2026,1.0,1.82,4.39,6.06,4.72,6.28,11.22,16.06,79.94,107.06,40.83,56.44,42.17,57.83,0.4,0.6,7.06,10.5,4.17,5.56,1.18,1.88,7.89,8.56,8.78,11.56,14.61,10.33,4.11,2.5,2.67,1.56,0.22,0.23,0.58,0.57,0.46,,,0.55,0.48,0.53,0.5,0.23,0.23,0.59,0.48,0.59,,,0.52,0.52,0.52,0.52
Real Oviedo,0.67,1.33,4.29,5.24,4.35,5.12,9.53,13.65,86.65,98.71,40.29,49.76,49.71,50.29,0.0,1.0,5.82,8.29,3.71,5.35,2.94,1.44,7.29,6.53,6.82,8.82,11.82,12.53,3.94,2.5,2.24,1.41,0.3,0.3,0.43,0.5,0.54,0.53,0.5,0.49,0.54,0.5,0.53,0.31,0.3,0.45,0.56,0.51,0.53,0.51,0.52,0.53,0.51,0.53,Spain La Liga,2025-2026,2.12,0.82,6.29,3.0,5.65,4.06,16.24,9.59,112.24,78.35,56.53,32.12,57.18,42.82,0.8,0.6,10.12,6.35,6.12,3.24,1.25,1.75,6.06,8.65,12.0,6.41,11.18,13.41,2.41,4.53,1.6,2.53,0.6,0.26,0.18,0.45,0.58,0.52,0.51,0.5,0.53,0.51,0.53,0.61,0.27,0.18,0.59,0.49,0.51,0.53,0.5,0.54,0.52,0.52
Real Sociedad,1.89,1.56,5.61,4.33,4.56,5.28,12.44,11.72,97.78,96.33,46.72,43.0,50.89,49.11,0.86,0.14,7.83,7.56,4.61,4.17,2.33,1.5,7.22,7.94,9.12,8.18,13.78,12.33,2.28,2.89,2.06,2.56,0.44,0.28,0.31,0.55,0.48,0.52,0.51,0.53,0.5,0.51,0.52,0.45,0.28,0.33,0.5,0.57,0.53,0.51,0.53,0.51,0.51,0.53,Spain La Liga,2025-2026,1.71,1.18,4.71,5.06,7.06,4.18,16.41,11.88,98.29,93.41,51.47,42.53,50.06,49.94,0.8,0.6,10.35,7.0,6.06,4.88,1.94,2.59,7.35,9.53,11.29,8.47,11.88,13.82,3.18,3.18,2.41,2.47,0.45,0.29,0.3,0.53,0.51,0.54,0.49,0.51,0.52,0.52,0.51,0.45,0.29,0.31,0.52,0.55,0.54,0.5,0.53,0.52,0.51,0.53
Sevilla,1.26,1.32,4.58,3.68,4.26,3.26,12.05,9.89,96.63,83.84,49.26,32.32,51.84,48.16,0.71,0.43,7.79,6.79,4.26,3.05,3.05,0.53,5.95,7.0,8.16,6.0,15.47,13.84,2.47,2.68,3.11,2.47,0.42,0.3,0.32,0.52,0.52,0.53,0.5,0.5,0.53,0.5,0.53,0.43,0.3,0.32,0.53,0.54,0.54,0.51,0.52,0.52,0.52,0.53,Spain La Liga,2025-2026,2.0,1.31,5.88,5.25,3.81,4.62,11.75,11.62,97.12,89.5,43.5,38.19,51.31,48.69,1.0,0.12,8.56,7.12,3.19,4.5,1.07,2.4,6.81,6.5,8.06,7.44,12.0,13.31,2.38,2.94,1.88,2.69,0.52,0.27,0.23,0.51,0.52,0.53,0.5,0.51,0.52,0.5,0.53,0.53,0.28,0.24,0.54,0.53,0.52,0.53,0.53,0.52,0.51,0.53
Valencia,1.33,1.22,5.94,4.11,5.56,4.06,13.5,9.61,94.67,91.06,46.94,41.06,50.67,49.33,0.71,0.43,8.78,6.22,4.72,3.39,1.88,2.59,5.78,7.44,8.06,7.33,12.67,12.94,2.24,2.06,1.78,3.06,0.41,0.3,0.32,0.51,0.53,0.53,0.5,0.49,0.54,0.51,0.52,0.43,0.3,0.33,0.55,0.53,0.55,0.5,0.52,0.53,0.52,0.52,Spain La Liga,2025-2026,1.76,1.06,5.28,4.17,5.67,4.06,13.89,9.94,102.5,77.33,53.17,34.33,54.5,45.5,1.0,0.75,9.11,6.33,4.78,3.67,3.0,1.67,5.33,8.44,10.5,6.83,11.72,11.33,1.94,3.44,1.78,1.83,0.49,0.28,0.26,0.51,0.53,0.56,0.47,0.51,0.52,0.49,0.54,0.5,0.28,0.26,0.54,0.53,0.53,0.51,0.52,0.52,0.53,0.52
Villarreal,2.41,1.0,5.41,4.41,5.82,4.59,14.71,11.29,86.94,102.53,46.76,46.0,48.59,51.41,0.2,1.0,10.35,6.82,4.35,4.47,2.53,1.13,7.18,8.53,11.19,7.0,12.53,10.88,2.47,3.41,1.65,2.0,0.55,0.25,0.24,0.56,0.47,,,0.54,0.49,0.52,0.51,0.56,0.25,0.25,0.49,0.59,,,0.55,0.5,0.52,0.52,Spain La Liga,2025-2026,1.38,1.31,5.31,3.31,5.19,3.75,14.19,9.44,127.12,74.81,65.31,34.0,58.38,41.62,0.4,0.6,8.25,6.62,5.94,2.81,1.43,1.57,6.38,8.62,8.44,6.62,13.44,11.94,1.94,2.81,2.19,2.69,0.37,0.28,0.38,0.58,0.45,0.48,0.55,0.54,0.49,0.52,0.51,0.38,0.28,0.39,0.48,0.6,0.56,0.48,0.52,0.52,0.52,0.52
Albacete,1.44,1.67,5.37,4.58,6.11,3.79,14.42,11.47,91.32,95.68,43.37,43.21,43.16,56.84,0.75,0.5,9.63,7.21,4.79,4.21,2.22,1.44,7.05,9.16,9.68,7.79,10.32,9.26,2.79,3.21,2.06,1.89,0.44,0.3,0.29,0.56,0.48,0.55,0.48,0.52,0.52,0.51,0.53,0.44,0.31,0.31,0.51,0.57,0.5,0.56,0.53,0.53,0.52,0.53,Spain La Liga 2,2025-2026,1.4,1.73,6.47,4.95,6.26,4.53,15.58,11.84,102.58,84.47,54.63,42.58,57.68,42.32,0.6,0.6,10.32,7.26,5.32,4.58,2.0,1.22,7.89,9.11,10.32,8.16,11.95,11.16,3.0,3.42,2.58,2.47,0.51,0.28,0.25,0.56,0.48,0.52,0.52,0.54,0.49,0.51,0.52,0.52,0.29,0.26,0.51,0.58,0.52,0.53,0.52,0.54,0.53,0.52
Almería,2.72,1.61,6.16,3.84,6.74,4.32,17.16,12.26,99.68,86.84,52.0,35.26,54.53,45.47,0.78,0.44,11.16,7.37,6.0,4.89,1.74,2.42,6.63,9.21,12.63,8.26,14.0,11.58,2.89,4.16,2.37,2.95,0.58,0.25,0.21,0.57,0.47,,,0.5,0.53,0.53,0.51,0.59,0.26,0.22,0.5,0.59,,,0.52,0.53,0.53,0.52,Spain La Liga 2,2025-2026,1.5,1.44,5.16,3.37,5.32,5.89,14.63,13.58,85.26,86.16,42.37,38.84,48.37,51.63,0.43,0.86,10.0,7.58,4.63,5.95,2.78,1.89,7.84,8.16,9.89,9.74,13.16,12.95,3.21,4.26,2.79,3.0,0.37,0.29,0.37,0.58,0.46,,,0.54,0.5,0.51,0.52,0.38,0.29,0.38,0.49,0.59,,,0.53,0.53,0.53,0.53
Burgos,1.41,0.71,4.3,4.35,5.55,5.35,11.5,10.5,93.8,103.5,45.05,41.5,49.95,50.05,1.25,0.0,7.95,5.55,3.55,4.95,2.05,1.05,8.4,8.4,8.25,6.7,12.8,13.3,2.1,2.4,2.84,2.95,0.45,0.33,0.26,0.45,0.59,0.51,0.52,0.5,0.53,0.49,0.55,0.46,0.33,0.27,0.62,0.46,0.52,0.54,0.51,0.55,0.53,0.53,Spain La Liga 2,2025-2026,1.43,1.43,5.0,3.28,4.89,3.78,12.39,8.5,110.67,83.5,51.78,34.67,56.28,43.72,0.0,1.0,7.78,6.0,4.61,2.5,1.11,2.11,6.5,9.5,8.44,5.67,15.78,13.39,1.39,3.0,3.06,2.61,0.45,0.32,0.27,0.44,0.6,0.5,0.53,0.5,0.53,0.49,0.55,0.46,0.32,0.28,0.62,0.45,0.53,0.53,0.51,0.55,0.56,0.5
Castellón,2.05,1.11,6.26,3.47,5.63,3.37,16.0,10.05,104.21,80.53,58.89,29.89,54.68,45.32,0.5,0.5,11.37,6.21,4.63,3.84,2.47,2.05,4.79,9.0,10.05,6.21,14.89,14.63,2.79,3.32,3.21,3.42,0.63,0.23,0.17,0.55,0.48,,,0.54,0.49,0.52,0.52,0.64,0.24,0.19,0.52,0.57,,,0.55,0.51,0.54,0.51,Spain La Liga 2,2025-2026,1.67,1.73,3.84,6.26,3.58,5.42,10.0,14.11,91.32,96.89,35.89,57.63,45.53,54.47,0.8,0.2,7.0,9.26,3.0,4.84,2.68,1.95,10.47,5.74,7.63,9.58,12.32,12.74,3.26,2.58,2.56,2.78,0.33,0.28,0.42,0.59,0.45,,,0.53,0.51,0.51,0.52,0.34,0.29,0.43,0.46,0.61,,,0.52,0.54,0.52,0.54
Ceuta,1.25,1.19,4.83,4.28,4.39,4.22,12.44,10.94,93.06,89.33,49.78,41.56,51.94,48.06,0.5,0.5,8.67,7.28,3.78,3.72,2.0,2.89,6.89,7.56,8.33,7.67,14.89,13.83,2.83,3.44,2.67,2.56,0.38,0.3,0.35,0.52,0.52,0.51,0.53,0.52,0.52,0.51,0.52,0.4,0.3,0.37,0.53,0.55,0.53,0.53,0.52,0.54,0.51,0.54,Spain La Liga 2,2025-2026,2.22,1.17,5.55,3.4,5.2,3.9,14.55,9.5,97.55,82.35,49.85,37.0,50.75,49.25,0.9,0.5,9.95,6.0,4.6,3.5,4.0,1.55,6.7,8.85,10.55,6.15,13.7,11.8,2.05,4.0,2.3,2.45,0.52,0.29,0.23,0.53,0.51,0.54,0.49,0.51,0.52,0.51,0.52,0.54,0.29,0.24,0.55,0.54,0.54,0.52,0.53,0.52,0.54,0.52
Cultural Leonesa,0.88,1.76,4.2,4.35,4.95,4.35,12.0,11.25,92.15,87.2,45.75,43.1,52.6,47.4,0.5,0.5,7.7,7.2,4.3,4.0,1.72,2.17,7.4,8.85,8.75,8.2,11.45,11.95,2.5,3.4,2.0,2.55,0.38,0.3,0.35,0.54,0.5,0.55,0.49,0.52,0.51,0.52,0.52,0.39,0.31,0.36,0.53,0.56,0.53,0.53,0.54,0.52,0.53,0.53,Spain La Liga 2,2025-2026,1.79,1.16,5.26,3.53,6.26,4.0,15.21,11.05,105.84,80.32,50.42,36.05,54.53,45.47,0.75,0.38,10.11,5.84,5.11,5.21,2.24,1.41,6.05,9.37,9.74,7.95,11.0,13.37,3.26,3.63,2.47,2.68,0.55,0.28,0.21,0.51,0.53,0.54,0.49,0.51,0.52,0.51,0.52,0.57,0.28,0.22,0.55,0.54,0.52,0.54,0.51,0.55,0.52,0.54
Cádiz,1.06,1.53,5.42,4.84,5.11,5.68,11.68,13.47,94.74,87.47,48.79,45.84,49.05,50.95,0.4,0.8,7.0,8.58,4.74,4.58,2.47,1.24,8.16,8.63,8.26,8.74,13.11,12.26,2.89,2.68,2.95,2.0,0.38,0.31,0.35,0.51,0.53,0.53,0.51,0.51,0.52,0.5,0.53,0.39,0.31,0.36,0.55,0.53,0.52,0.54,0.53,0.53,0.52,0.54,Spain La Liga 2,2025-2026,1.61,1.06,5.75,3.35,6.7,3.55,15.6,8.05,100.7,86.9,51.75,32.6,57.05,42.95,0.67,0.33,9.75,5.05,5.85,3.0,2.05,1.85,6.15,9.35,10.05,5.85,11.5,13.75,1.8,2.85,2.05,2.89,0.52,0.29,0.23,0.51,0.53,0.54,0.5,0.51,0.52,0.51,0.52,0.53,0.29,0.25,0.56,0.52,0.54,0.52,0.52,0.54,0.52,0.54
Córdoba,1.42,1.42,6.5,3.45,7.8,3.95,18.0,10.1,101.75,79.0,61.05,32.0,60.35,39.65,0.5,0.5,9.95,6.5,8.05,3.65,2.65,2.3,5.4,10.65,11.9,7.2,14.75,13.65,2.25,4.15,2.5,2.7,0.52,0.28,0.24,0.57,0.47,0.5,0.53,0.54,0.5,0.51,0.52,0.53,0.28,0.25,0.5,0.59,0.51,0.55,0.54,0.52,0.51,0.54,Spain La Liga 2,2025-2026,1.62,1.62,5.39,5.83,5.28,5.0,12.83,13.83,82.61,92.44,44.33,43.89,45.94,54.06,0.4,0.6,9.44,8.44,3.5,5.33,3.33,2.17,8.61,7.61,10.18,9.29,14.83,16.22,3.78,4.06,2.82,3.18,0.42,0.29,0.31,0.56,0.48,0.56,0.48,0.53,0.51,0.5,0.53,0.44,0.3,0.32,0.51,0.57,0.53,0.53,0.53,0.52,0.51,0.55
Deportivo La Coruña,1.61,1.11,5.11,4.0,5.11,4.89,13.32,11.68,94.74,88.16,45.79,39.11,53.16,46.84,0.67,1.33,8.74,6.47,4.63,5.11,3.06,0.94,7.58,7.63,9.21,7.79,12.37,12.74,2.32,3.05,2.39,2.83,0.55,0.27,0.21,0.53,0.51,0.56,0.47,0.52,0.51,0.52,0.52,0.56,0.28,0.23,0.53,0.55,0.57,0.49,0.53,0.53,0.51,0.54,Spain La Liga 2,2025-2026,1.1,1.6,4.55,5.15,6.4,5.35,13.85,13.0,94.7,82.95,44.8,41.0,49.4,50.6,0.33,0.67,8.1,8.6,5.75,4.4,1.33,1.94,7.75,7.95,9.25,9.5,11.65,11.45,2.7,3.2,2.6,2.65,0.37,0.31,0.35,0.55,0.49,0.55,0.49,0.51,0.52,0.51,0.52,0.38,0.31,0.37,0.53,0.56,0.55,0.51,0.52,0.53,0.52,0.53
FC Andorra,1.71,1.29,5.79,3.05,6.95,4.0,16.05,9.0,111.11,75.32,57.89,34.11,64.37,35.63,0.25,0.75,9.53,6.21,6.58,2.79,2.0,1.88,7.16,9.79,10.79,6.58,11.68,12.84,2.06,3.78,2.42,3.05,0.46,0.29,0.29,0.55,0.5,0.55,0.49,0.53,0.5,0.51,0.52,0.47,0.29,0.3,0.52,0.57,0.53,0.53,0.53,0.53,0.53,0.53,Spain La Liga 2,2025-2026,1.4,1.55,5.65,4.25,4.75,4.45,14.0,12.9,89.75,93.85,48.3,40.1,42.5,57.5,0.57,0.43,9.75,6.75,4.3,6.15,2.55,2.15,6.2,7.3,10.25,8.65,14.7,12.9,3.55,4.25,2.5,2.9,0.49,0.28,0.26,0.55,0.49,0.54,0.49,0.52,0.51,0.5,0.53,0.51,0.28,0.28,0.52,0.56,0.55,0.52,0.54,0.52,0.52,0.53
Granada,1.8,1.47,5.21,4.16,6.0,4.26,13.63,10.37,89.11,83.74,42.37,33.53,51.47,48.53,0.2,0.8,8.63,6.26,4.95,4.11,2.5,1.44,7.53,8.79,9.5,7.28,12.32,14.68,2.47,2.84,2.56,3.0,0.43,0.31,0.29,0.51,0.53,0.53,0.5,0.51,0.53,0.5,0.53,0.45,0.31,0.31,0.56,0.53,0.54,0.52,0.52,0.54,0.52,0.54,Spain La Liga 2,2025-2026,1.44,1.11,5.68,3.47,5.79,4.58,13.26,10.42,97.42,85.63,47.63,37.37,52.42,47.58,0.25,0.75,8.63,6.32,4.68,4.11,2.12,2.47,7.32,8.58,9.21,7.21,14.79,13.42,2.42,2.74,2.44,2.89,0.48,0.3,0.25,0.51,0.53,0.53,0.5,0.5,0.53,0.52,0.51,0.49,0.3,0.27,0.56,0.52,0.54,0.52,0.52,0.54,0.52,0.55
Huesca,1.22,1.17,5.11,4.95,5.16,4.74,12.05,11.95,91.79,93.37,45.79,44.74,46.84,53.16,1.0,0.4,7.58,7.63,4.42,4.32,2.21,1.68,9.32,7.89,8.05,7.89,13.16,12.63,2.58,2.47,2.74,2.53,0.38,0.33,0.33,0.47,0.57,0.52,0.52,0.5,0.53,0.49,0.55,0.39,0.34,0.34,0.6,0.48,0.52,0.54,0.52,0.54,0.52,0.53,Spain La Liga 2,2025-2026,2.18,1.0,5.5,3.61,5.0,4.22,13.94,9.33,96.33,84.5,48.56,32.94,55.78,44.22,0.8,0.4,9.56,6.33,4.39,2.89,2.17,1.78,7.17,8.33,10.17,6.17,12.5,11.83,1.61,3.56,2.11,2.06,0.51,0.3,0.23,0.45,0.58,0.52,0.52,0.51,0.53,0.5,0.54,0.52,0.3,0.25,0.6,0.47,0.51,0.55,0.52,0.54,0.54,0.52
Las Palmas,1.82,0.71,4.63,3.58,4.84,3.53,12.79,8.95,100.53,78.58,40.89,30.84,55.74,44.26,0.67,0.33,7.63,5.37,5.16,3.53,2.37,2.16,5.84,7.68,9.11,5.58,12.53,14.79,2.11,3.21,1.89,2.47,0.56,0.28,0.2,0.49,0.55,0.54,0.5,0.52,0.51,0.5,0.53,0.57,0.29,0.21,0.58,0.51,0.53,0.53,0.53,0.53,0.52,0.54,Spain La Liga 2,2025-2026,1.47,1.29,3.85,4.15,5.25,4.05,13.0,11.45,91.8,92.1,38.75,40.2,43.55,56.45,0.5,0.5,8.5,6.65,4.45,4.8,2.15,2.65,6.85,8.95,9.1,7.65,17.05,10.9,2.6,2.9,2.7,1.85,0.39,0.32,0.33,0.5,0.54,0.53,0.5,0.51,0.52,0.5,0.53,0.39,0.32,0.34,0.56,0.52,0.53,0.53,0.53,0.53,0.53,0.53
Leganés,1.24,1.29,5.78,4.56,5.83,4.17,13.89,10.89,88.33,77.78,44.39,34.89,51.89,48.11,0.67,0.67,9.61,6.78,4.28,4.11,2.11,1.72,7.61,8.94,9.89,7.89,14.5,14.56,2.78,3.5,3.11,1.94,0.43,0.31,0.29,0.5,0.54,0.53,0.51,0.51,0.53,0.49,0.54,0.44,0.31,0.3,0.56,0.52,0.54,0.52,0.52,0.54,0.52,0.53,Spain La Liga 2,2025-2026,1.67,1.33,5.35,3.6,5.85,4.8,14.05,10.45,96.15,87.25,49.2,34.6,49.4,50.6,0.4,0.6,8.85,6.05,5.2,4.4,2.8,1.4,7.0,8.9,10.3,7.65,13.75,10.85,2.4,3.5,2.45,2.7,0.47,0.3,0.27,0.5,0.54,0.53,0.5,0.5,0.53,0.53,0.5,0.48,0.3,0.29,0.57,0.52,0.53,0.53,0.52,0.53,0.52,0.54
Mirandés,1.0,1.58,5.3,4.5,5.5,4.65,14.1,12.9,90.05,92.0,42.65,42.0,46.0,54.0,0.2,0.8,8.55,7.8,5.55,5.1,2.35,1.0,7.95,8.6,9.95,9.35,13.6,11.95,3.3,3.85,2.79,2.63,0.34,0.31,0.38,0.51,0.53,0.52,0.51,0.51,0.52,0.51,0.53,0.35,0.31,0.4,0.55,0.53,0.54,0.52,0.53,0.53,0.53,0.53,Spain La Liga 2,2025-2026,2.0,1.28,5.26,3.37,6.68,3.79,16.74,10.21,105.68,83.53,59.05,31.05,60.05,39.95,0.67,0.67,10.32,5.89,6.42,4.37,1.94,1.56,6.11,9.63,10.95,6.68,13.63,14.58,2.11,3.74,2.05,3.32,0.58,0.26,0.19,0.5,0.54,0.54,0.5,0.52,0.52,0.51,0.53,0.59,0.27,0.21,0.56,0.52,0.5,0.56,0.53,0.53,0.5,0.56
Málaga,2.22,1.28,4.11,3.79,5.84,4.47,15.68,11.79,95.58,87.16,50.26,42.37,53.37,46.63,0.83,0.5,10.42,7.58,5.26,4.26,1.58,2.11,7.53,8.47,11.58,8.37,12.16,12.37,3.0,4.42,2.37,3.05,0.47,0.3,0.27,0.51,0.53,0.54,0.5,0.52,0.51,0.5,0.53,0.49,0.3,0.28,0.55,0.54,0.54,0.52,0.51,0.54,0.51,0.54,Spain La Liga 2,2025-2026,1.47,1.58,5.68,4.26,5.89,4.0,14.68,12.05,93.79,91.47,47.16,43.58,49.05,50.95,0.33,0.67,9.26,7.32,5.42,4.79,2.58,1.58,7.37,8.79,9.47,7.42,13.0,11.37,2.53,3.68,2.95,2.47,0.47,0.29,0.28,0.52,0.52,0.5,0.53,0.52,0.51,0.5,0.54,0.48,0.3,0.29,0.55,0.54,0.52,0.54,0.53,0.53,0.53,0.53
Racing Santander,2.63,1.47,7.26,4.37,5.89,4.63,16.84,12.32,99.58,86.47,49.47,38.63,53.79,46.21,0.43,0.57,12.47,8.11,4.37,4.16,2.32,4.37,6.95,7.95,11.84,8.79,12.63,13.05,3.26,4.58,2.58,2.58,0.57,0.25,0.22,0.59,0.44,,,0.56,0.49,0.54,0.5,0.57,0.26,0.24,0.47,0.61,,,0.52,0.54,0.54,0.52,Spain La Liga 2,2025-2026,1.67,1.72,5.21,4.32,5.84,4.32,13.58,11.32,91.05,90.11,46.79,35.47,48.05,51.95,0.5,0.5,9.26,7.68,4.32,3.63,3.68,2.16,7.53,8.68,9.37,8.11,15.84,13.0,2.58,2.47,3.89,3.05,0.41,0.28,0.34,0.6,0.45,0.56,0.47,0.52,0.51,0.52,0.51,0.42,0.29,0.36,0.46,0.62,0.5,0.56,0.54,0.52,0.53,0.53
Real Sociedad II,1.56,1.44,3.7,4.9,5.5,5.55,12.4,12.8,92.0,98.5,38.0,49.45,45.65,54.35,0.83,0.17,7.35,8.55,5.1,4.25,2.26,1.58,8.75,8.75,8.55,8.95,16.8,13.1,2.75,2.8,3.55,3.2,0.31,0.31,0.42,0.53,0.5,0.53,0.5,0.52,0.51,0.51,0.52,0.32,0.3,0.43,0.53,0.56,0.53,0.53,0.53,0.53,0.53,0.53,Spain La Liga 2,2025-2026,1.72,1.11,5.89,3.68,7.11,5.11,17.16,12.79,98.47,83.89,53.05,31.58,58.74,41.26,0.8,0.2,11.84,7.05,5.32,5.74,1.61,1.44,7.84,9.58,10.58,9.0,11.16,15.47,3.21,3.11,2.53,3.16,0.6,0.25,0.19,0.51,0.53,0.54,0.5,0.52,0.51,0.51,0.52,0.61,0.26,0.2,0.55,0.54,0.54,0.51,0.53,0.52,0.52,0.53
Real Valladolid,1.29,1.12,6.21,2.47,5.89,3.26,13.74,8.42,103.68,90.89,56.0,36.0,50.84,49.16,0.4,1.0,9.84,4.84,3.89,3.58,2.76,1.71,5.68,9.79,9.05,5.47,15.05,12.37,1.68,3.21,2.68,2.68,0.51,0.29,0.24,0.52,0.52,0.52,0.51,0.52,0.51,0.51,0.53,0.53,0.29,0.25,0.55,0.54,0.52,0.55,0.53,0.52,0.52,0.54,Spain La Liga 2,2025-2026,1.83,1.06,4.26,4.79,5.05,4.63,12.32,11.0,101.32,98.0,49.84,41.79,52.21,47.79,1.25,0.25,8.11,7.26,4.21,3.68,1.35,2.29,7.42,8.26,9.11,7.21,13.63,14.89,2.5,3.44,3.05,2.79,0.42,0.3,0.31,0.52,0.52,0.52,0.51,0.52,0.51,0.5,0.54,0.44,0.3,0.32,0.56,0.53,0.52,0.54,0.53,0.52,0.52,0.53
Real Zaragoza,1.06,1.65,4.84,5.32,4.79,4.0,12.89,11.42,89.89,87.21,45.42,39.63,49.42,50.58,0.33,0.67,8.37,6.84,4.63,4.58,2.5,2.06,7.42,7.68,8.63,8.05,12.63,15.68,3.05,2.79,3.0,3.47,0.43,0.31,0.3,0.51,0.53,0.5,0.53,0.52,0.51,0.5,0.54,0.44,0.31,0.32,0.56,0.52,0.54,0.52,0.54,0.52,0.51,0.54,Spain La Liga 2,2025-2026,1.39,0.83,5.16,5.21,5.0,4.79,12.84,11.95,90.16,88.11,53.37,42.32,50.95,49.05,1.0,0.5,8.47,7.26,4.37,4.68,2.58,1.58,7.68,7.42,8.89,7.42,14.68,12.95,2.95,3.42,2.79,3.16,0.49,0.3,0.25,0.51,0.53,0.53,0.5,0.51,0.52,0.5,0.53,0.5,0.3,0.26,0.56,0.53,0.56,0.5,0.53,0.53,0.52,0.54
SD Eibar,2.06,1.0,5.1,3.45,5.3,4.5,14.4,10.55,102.35,82.75,54.85,32.3,51.8,48.2,0.78,0.44,10.15,5.7,4.25,4.85,2.05,1.3,7.0,8.6,9.25,7.05,14.7,11.1,2.45,3.55,2.55,2.95,0.51,0.3,0.23,0.48,0.56,0.54,0.5,0.51,0.52,0.5,0.54,0.52,0.3,0.24,0.59,0.49,0.54,0.52,0.52,0.53,0.53,0.53,Spain La Liga 2,2025-2026,1.25,0.88,6.0,3.63,5.63,3.37,13.21,8.21,104.16,89.26,46.37,35.26,54.16,45.84,0.75,0.25,7.32,5.26,5.89,2.68,1.06,2.0,5.37,10.05,9.32,5.89,11.63,12.74,2.16,2.89,2.39,2.78,0.39,0.32,0.32,0.47,0.57,0.52,0.52,0.51,0.52,0.5,0.53,0.4,0.32,0.34,0.58,0.5,0.53,0.53,0.53,0.53,0.52,0.53
Sporting Gijón,1.76,1.12,5.26,5.0,4.53,5.37,13.37,11.63,108.16,96.16,51.16,40.11,47.16,52.84,0.83,0.33,9.37,6.42,4.0,5.21,2.65,1.88,7.42,7.11,9.11,7.79,11.74,10.84,2.58,3.42,1.95,3.0,0.51,0.29,0.24,0.52,0.52,0.52,0.51,0.52,0.51,0.52,0.52,0.52,0.29,0.25,0.55,0.54,0.53,0.52,0.54,0.52,0.52,0.54,Spain La Liga 2,2025-2026,1.55,1.15,5.85,3.85,5.65,3.7,14.7,9.35,100.75,85.3,55.7,40.05,56.0,44.0,0.62,0.75,9.15,6.7,5.55,2.6,1.22,2.39,6.9,9.15,9.55,6.8,10.1,11.7,2.35,3.5,2.15,2.75,0.44,0.3,0.29,0.52,0.52,0.52,0.51,0.52,0.52,0.51,0.53,0.45,0.31,0.31,0.55,0.54,0.54,0.52,0.53,0.53,0.52,0.54
AZ,2.25,1.56,6.12,4.19,5.62,3.88,16.56,11.31,102.38,96.31,50.5,40.19,52.88,47.12,1.0,0.25,11.69,7.25,4.81,4.0,1.5,1.29,6.44,8.31,11.25,7.94,9.38,11.69,2.75,4.25,1.53,1.8,0.63,0.2,0.2,0.6,0.44,,,,,0.55,0.51,0.64,0.21,0.21,0.45,0.62,,,,,,,Netherlands Eredivisie,2025-2026,1.56,1.19,4.69,5.38,4.81,5.12,13.06,14.88,100.44,96.0,40.44,43.06,46.06,53.94,0.43,0.57,8.56,9.06,4.5,5.81,1.69,1.0,7.75,7.88,8.56,10.38,11.31,10.94,4.31,3.31,1.44,2.31,0.34,0.25,0.45,0.64,0.4,,,,,0.51,0.52,0.35,0.25,0.46,0.42,0.65,,,,,0.53,0.52
Ajax,1.94,1.0,5.25,4.19,5.56,4.44,16.5,11.81,106.06,91.19,57.38,41.56,56.56,43.44,0.0,1.0,11.44,7.25,5.06,4.5,1.64,1.36,6.12,7.0,11.31,7.62,10.44,13.06,2.94,4.44,1.64,2.0,0.63,0.21,0.2,0.59,0.45,,,,,,,0.64,0.21,0.21,0.45,0.62,,,,,,,Netherlands Eredivisie,2025-2026,1.6,2.0,6.18,4.35,5.47,4.71,14.53,13.35,97.24,97.65,49.0,46.65,44.0,56.0,0.75,0.25,8.71,8.76,5.82,4.65,1.69,1.12,7.12,7.76,9.18,8.88,10.53,9.76,3.59,3.35,1.47,2.06,0.32,0.25,0.46,0.65,0.39,,,,,,,0.34,0.25,0.47,0.42,0.66,,,,,,
Excelsior,1.18,1.29,4.18,4.24,4.88,5.06,12.76,14.29,103.59,99.71,42.29,45.24,49.24,50.76,0.75,0.25,8.53,9.24,4.35,5.12,1.35,1.59,8.76,7.94,7.88,9.18,11.35,8.65,3.71,3.06,1.47,1.67,0.35,0.26,0.42,0.63,0.41,,,,,0.53,0.5,0.36,0.26,0.43,0.44,0.64,,,,,0.55,0.51,Netherlands Eredivisie,2025-2026,2.13,1.47,6.31,4.06,4.94,4.75,15.06,12.19,111.12,92.56,52.94,39.0,54.44,45.56,1.0,0.67,10.38,7.75,4.62,4.38,2.25,0.62,7.0,7.94,10.75,7.88,8.94,13.12,2.75,3.94,1.79,1.36,0.6,0.22,0.21,0.61,0.43,,,,,0.53,0.5,0.6,0.23,0.22,0.46,0.62,,,,,0.54,0.52
FC Groningen,1.8,1.2,6.88,5.0,6.0,4.0,16.53,11.06,113.88,84.82,47.47,35.59,53.0,47.0,1.0,0.0,9.88,7.47,6.65,3.65,1.88,2.06,5.88,8.12,11.12,8.0,9.94,9.59,2.88,3.65,1.6,1.8,0.49,0.26,0.29,0.58,0.46,,,0.55,0.48,0.52,0.51,0.5,0.26,0.3,0.48,0.6,,,0.5,0.56,0.53,0.53,Netherlands Eredivisie,2025-2026,1.56,1.31,4.94,5.69,5.25,5.38,12.75,15.44,95.31,103.94,40.06,42.56,51.69,48.31,0.75,0.25,9.5,9.06,3.12,6.31,1.56,1.44,8.0,7.56,8.25,10.12,10.62,11.81,4.94,2.75,1.31,2.0,0.44,0.26,0.34,0.58,0.46,,,0.55,0.49,0.52,0.52,0.45,0.26,0.34,0.47,0.6,,,0.55,0.51,0.53,0.53
FC Twente,1.93,1.07,5.81,3.44,6.81,3.12,19.81,8.81,121.06,94.31,62.81,36.25,57.81,42.19,0.8,0.2,13.0,5.69,6.75,3.19,1.06,1.44,5.69,9.12,13.06,5.44,9.75,10.12,2.12,5.5,1.13,2.2,0.63,0.21,0.2,0.59,0.45,,,,,,,0.64,0.21,0.21,0.47,0.6,,,,,,,Netherlands Eredivisie,2025-2026,1.41,1.76,4.82,5.0,4.47,5.53,12.41,16.59,99.94,99.82,44.65,50.65,49.0,51.0,0.4,0.8,7.88,10.76,4.65,5.76,2.29,0.93,8.53,7.82,7.94,10.65,9.88,11.65,4.29,2.71,1.75,1.81,0.32,0.26,0.46,0.62,0.42,,,0.54,0.49,0.52,0.52,0.33,0.26,0.48,0.44,0.63,,,,,0.53,0.52
FC Utrecht,1.88,0.75,5.06,4.5,6.44,4.06,16.56,11.25,94.75,97.25,41.25,43.38,47.38,52.62,0.5,0.5,11.62,6.56,4.94,4.69,1.4,0.6,7.25,8.44,10.88,7.44,10.38,12.06,3.81,4.06,1.2,2.27,0.52,0.25,0.26,0.59,0.45,,,,,0.52,0.51,0.52,0.26,0.27,0.47,0.6,,,,,0.53,0.52,Netherlands Eredivisie,2025-2026,1.81,1.5,4.47,5.24,5.88,4.35,14.41,13.29,106.29,96.41,52.76,38.82,53.88,46.12,1.0,0.0,8.94,8.71,5.53,4.59,1.57,1.14,6.65,8.71,9.53,8.53,9.65,10.94,3.82,2.94,1.47,1.82,0.45,0.26,0.32,0.59,0.45,,,0.55,0.48,0.53,0.51,0.46,0.26,0.33,0.47,0.6,,,0.5,0.56,0.54,0.52
FC Volendam,1.5,1.44,4.47,5.47,4.71,6.12,13.0,15.59,84.29,96.88,44.71,54.59,46.35,53.65,0.5,0.5,8.35,10.06,4.71,5.53,1.29,1.18,9.76,7.29,8.12,9.59,9.94,12.76,3.41,3.29,2.0,2.65,0.29,0.24,0.51,0.63,0.41,,,,,,,0.29,0.25,0.51,0.44,0.63,,,,,,,Netherlands Eredivisie,2025-2026,1.94,0.69,7.81,3.0,6.06,3.44,20.31,9.0,103.94,76.69,63.19,35.12,56.75,43.25,1.0,0.0,13.12,5.0,7.25,4.0,1.75,1.38,5.62,9.38,12.06,6.0,11.06,9.38,2.38,5.69,1.21,1.07,0.7,0.19,0.15,0.58,0.46,,,,,0.55,0.49,0.7,0.19,0.16,0.48,0.6,,,,,0.56,0.5
Feyenoord,2.31,1.38,8.06,3.31,6.19,4.12,18.38,10.94,103.12,81.62,59.19,30.0,54.19,45.81,0.8,0.2,12.69,6.81,5.62,4.06,1.57,1.07,6.56,10.56,12.31,7.38,10.12,12.06,2.19,4.5,1.13,1.33,0.68,0.19,0.16,0.59,0.45,,,,,,,0.69,0.2,0.17,0.47,0.6,,,,,,,Netherlands Eredivisie,2025-2026,1.31,1.94,3.53,6.59,4.35,5.18,10.88,15.12,92.94,102.76,40.82,56.76,47.94,52.06,1.0,0.5,6.94,10.53,3.94,4.59,1.06,1.0,9.29,7.0,8.12,9.94,11.53,9.59,3.59,2.94,1.73,2.4,0.28,0.24,0.52,0.63,0.41,,,,,0.54,0.5,0.29,0.24,0.52,0.43,0.64,,,,,0.54,0.52
Fortuna Sittard,1.62,1.75,4.94,6.88,5.94,4.56,14.38,13.44,89.44,106.06,41.0,55.88,44.81,55.19,0.67,0.33,9.62,9.19,4.81,4.31,1.81,1.5,7.19,8.81,8.38,8.94,12.56,11.88,3.88,2.5,2.25,1.62,0.33,0.26,0.44,0.62,0.42,,,0.54,0.49,0.53,0.5,0.34,0.27,0.45,0.45,0.62,,,0.56,0.5,0.53,0.52,Netherlands Eredivisie,2025-2026,2.0,1.12,6.69,3.62,6.19,3.69,16.56,10.75,111.69,94.19,53.88,32.75,54.56,45.44,1.0,0.0,11.06,5.94,5.38,4.88,1.81,1.44,6.25,8.94,11.6,7.0,11.31,12.31,3.31,3.81,1.07,2.0,0.6,0.23,0.21,0.58,0.46,,,0.55,0.48,0.52,0.51,0.61,0.24,0.22,0.48,0.59,,,0.56,0.5,0.54,0.52
Go Ahead Eagles,2.0,1.6,6.73,5.47,4.4,5.67,13.8,16.53,92.53,92.07,48.53,44.4,51.27,48.73,0.75,0.25,9.53,10.87,4.2,5.73,1.92,1.0,8.47,8.4,9.47,9.67,8.73,11.0,3.8,4.27,1.0,1.38,0.39,0.25,0.39,0.65,0.39,,,,,0.54,0.5,0.4,0.25,0.4,0.42,0.66,,,,,0.55,0.5,Netherlands Eredivisie,2025-2026,1.81,1.25,6.53,4.41,8.94,2.94,22.41,9.41,100.18,90.53,56.94,40.12,52.18,47.82,1.0,0.0,14.94,6.94,7.53,2.47,0.67,1.67,6.59,10.94,14.38,6.75,9.06,9.76,2.65,5.06,1.75,2.31,0.53,0.24,0.27,0.63,0.41,,,,,,,0.54,0.24,0.28,0.43,0.64,,,,,,
Heracles Almelo,1.47,2.2,4.94,5.31,5.94,5.25,13.38,15.69,91.38,95.75,40.19,46.25,46.25,53.75,0.25,1.0,8.88,9.5,4.5,6.19,1.75,1.69,7.75,8.44,8.8,9.73,12.44,11.56,3.94,3.31,1.38,2.12,0.31,0.26,0.47,0.62,0.42,,,0.55,0.48,0.52,0.51,0.32,0.26,0.48,0.45,0.62,,,0.51,0.55,0.54,0.52,Netherlands Eredivisie,2025-2026,2.81,0.75,6.88,4.12,5.25,4.19,17.56,8.62,104.94,79.44,52.25,33.0,56.62,43.38,1.0,0.4,12.62,5.94,5.0,2.62,1.77,1.0,5.81,8.19,11.69,6.38,11.12,14.5,1.94,4.12,1.0,2.69,0.66,0.21,0.17,0.58,0.46,,,,,0.54,0.49,0.67,0.21,0.18,0.47,0.6,,,,,0.56,0.5
NAC Breda,1.27,1.53,6.06,4.12,6.25,3.62,14.75,11.94,98.44,88.31,47.56,41.0,51.0,49.0,1.0,0.0,9.25,8.06,5.44,3.88,1.23,1.46,5.88,8.06,9.69,7.88,9.88,13.12,3.88,3.25,1.56,2.25,0.38,0.27,0.39,0.59,0.45,,,0.55,0.49,0.51,0.52,0.39,0.27,0.39,0.46,0.61,,,0.56,0.5,0.53,0.53,Netherlands Eredivisie,2025-2026,2.13,1.0,4.25,5.56,5.44,5.75,13.94,13.56,103.06,97.0,45.12,42.94,52.81,47.19,0.6,0.4,9.44,8.06,4.5,5.5,1.62,1.81,7.19,8.88,10.12,8.94,12.62,11.38,3.25,3.31,1.67,1.67,0.55,0.24,0.24,0.59,0.45,,,0.55,0.48,0.53,0.51,0.55,0.25,0.26,0.48,0.6,,,0.51,0.55,0.53,0.52
NEC Nijmegen,2.44,1.38,6.56,3.12,6.75,3.94,18.62,10.56,117.25,77.19,60.88,32.25,56.56,43.44,0.83,0.33,12.06,7.31,6.5,3.06,1.86,0.86,5.69,10.06,12.81,6.88,10.5,13.62,3.19,4.31,1.73,2.73,0.56,0.22,0.26,0.65,0.39,,,,,0.54,0.5,0.57,0.22,0.26,0.41,0.66,,,,,0.55,0.51,Netherlands Eredivisie,2025-2026,1.73,2.27,4.4,5.4,3.93,4.53,11.8,15.87,79.25,101.69,33.38,51.31,43.75,56.25,0.75,0.25,8.07,9.6,3.8,6.27,2.36,2.29,7.5,5.5,8.87,10.53,10.6,13.27,4.33,3.4,1.36,2.0,0.41,0.25,0.37,0.67,0.37,,,,,0.54,0.49,0.42,0.26,0.38,0.4,0.67,,,,,0.56,0.5
PEC Zwolle,1.31,1.31,4.06,6.12,3.82,6.29,9.94,15.24,90.12,108.0,36.76,54.76,43.29,56.71,,,6.29,9.35,3.76,5.94,2.19,1.38,9.71,7.24,7.0,10.18,12.41,12.59,4.06,2.24,1.73,2.0,0.35,0.25,0.43,0.63,0.41,,,,,0.54,0.49,0.36,0.26,0.44,0.43,0.64,,,,,0.56,0.5,Netherlands Eredivisie,2025-2026,2.87,1.4,6.2,3.0,6.93,3.67,18.73,9.6,110.87,80.33,55.93,35.13,52.47,47.53,1.0,0.0,12.53,6.33,6.2,3.27,1.0,1.14,6.67,9.87,12.93,5.8,10.93,10.4,2.2,4.13,1.2,1.87,0.6,0.22,0.22,0.61,0.43,,,,,0.54,0.49,0.62,0.22,0.21,0.45,0.62,,,,,0.56,0.5
PSV,3.27,1.6,7.73,4.27,6.53,3.73,18.6,11.0,117.07,78.27,61.73,29.67,63.0,37.0,1.0,0.67,12.73,8.13,5.87,2.93,1.64,1.0,6.4,9.13,12.47,7.53,9.6,8.47,2.73,4.0,1.14,2.21,0.77,0.15,0.13,0.6,0.44,,,,,,,0.77,0.16,0.13,0.44,0.63,,,,,,,Netherlands Eredivisie,2025-2026,1.12,2.5,4.75,6.81,5.31,5.44,12.38,15.56,83.88,102.12,41.12,58.19,42.0,58.0,1.0,0.0,7.31,11.06,5.0,4.56,1.36,1.57,8.25,7.69,8.0,10.62,8.38,10.56,4.12,2.75,1.21,2.14,0.23,0.21,0.6,0.67,0.37,,,,,,,0.24,0.21,0.6,0.38,0.69,,,,,,
SC Heerenveen,2.07,1.53,6.0,4.12,5.44,4.12,16.31,11.5,106.19,93.19,57.38,41.69,53.38,46.62,1.0,0.0,10.81,6.88,5.56,4.62,1.31,1.0,7.0,8.69,11.06,8.5,9.94,9.88,3.62,3.88,1.56,1.31,0.5,0.24,0.29,0.64,0.39,,,,,0.54,0.5,0.51,0.25,0.3,0.42,0.66,,,,,0.55,0.51,Netherlands Eredivisie,2025-2026,1.62,1.44,5.5,5.31,5.75,4.25,15.0,13.69,94.44,91.38,46.94,39.81,50.0,50.0,0.6,0.6,9.69,9.12,5.25,4.56,1.81,1.25,7.25,8.81,9.88,7.19,9.0,12.5,3.62,4.0,1.6,1.67,0.44,0.25,0.34,0.63,0.4,,,,,0.49,0.54,0.46,0.25,0.34,0.43,0.65,,,,,0.51,0.55
Sparta Rotterdam,1.25,1.62,4.5,6.62,5.25,6.0,13.88,16.19,89.24,98.59,41.06,50.88,46.12,53.88,0.67,0.33,9.31,9.44,4.56,6.75,1.36,1.71,8.29,7.59,9.27,10.73,8.69,11.5,4.38,3.56,1.44,2.31,0.42,0.26,0.36,0.63,0.41,,,,,0.54,0.5,0.43,0.26,0.37,0.42,0.65,,,0.52,0.53,0.53,0.52,Netherlands Eredivisie,2025-2026,1.93,1.21,7.07,3.87,5.87,4.8,16.33,11.87,98.6,90.33,53.0,44.67,53.2,46.8,0.67,0.33,10.8,7.4,5.47,4.47,1.86,0.86,7.27,9.0,10.79,8.29,9.6,10.47,2.93,4.07,1.57,2.5,0.51,0.25,0.28,0.63,0.41,,,,,0.53,0.5,0.52,0.25,0.28,0.44,0.63,,,,,0.53,0.53
Telstar,1.56,1.75,4.94,5.5,4.81,4.06,13.06,14.06,83.5,96.5,42.12,46.0,46.19,53.81,0.67,1.0,8.5,9.31,4.44,4.69,2.19,1.0,6.69,8.31,9.0,9.0,9.94,10.25,4.06,3.44,1.2,1.6,0.35,0.25,0.43,0.64,0.4,,,,,0.52,0.52,0.36,0.26,0.43,0.43,0.64,,,,,0.56,0.5,Netherlands Eredivisie,2025-2026,1.67,1.13,7.12,4.31,6.25,4.5,18.19,12.31,109.19,83.25,58.31,39.88,56.81,43.19,0.5,0.5,13.38,8.0,4.81,4.38,0.94,1.69,7.0,9.5,11.56,7.25,10.19,11.94,3.25,5.12,2.36,1.57,0.59,0.23,0.22,0.6,0.45,,,,,0.54,0.49,0.6,0.23,0.23,0.45,0.62,,,,,0.52,0.53
Anyang,1.5,1.17,5.32,4.53,5.89,4.74,13.53,11.89,105.47,104.53,69.42,63.58,49.05,50.95,0.6,0.4,8.11,7.67,5.5,4.67,1.75,0.69,7.32,8.68,9.26,7.47,10.26,11.47,2.74,3.37,1.53,1.84,0.34,0.3,0.39,0.54,0.5,0.54,0.49,0.52,0.52,0.5,0.54,0.35,0.3,0.41,0.53,0.56,0.55,0.5,0.52,0.53,0.51,0.55,K League 1,2025,1.39,1.11,6.11,3.21,6.68,4.0,15.84,11.53,115.26,93.74,81.47,57.58,57.11,42.89,0.67,0.67,9.47,6.68,6.37,4.84,1.12,1.88,6.84,10.53,11.21,8.0,8.79,12.11,3.05,3.95,1.67,2.67,0.49,0.29,0.26,0.54,0.5,0.53,0.51,0.52,0.52,0.51,0.52,0.5,0.29,0.27,0.53,0.56,0.53,0.51,0.53,0.52,0.53,0.52
Daegu,1.33,1.44,5.33,5.06,6.83,4.17,14.94,11.89,110.67,96.89,68.0,65.17,50.06,49.94,0.6,0.6,8.0,7.59,6.88,4.59,1.44,2.11,7.17,9.39,10.11,7.94,9.67,11.89,3.06,3.17,1.81,2.56,0.32,0.28,0.44,0.57,0.47,,,0.55,0.49,0.52,0.52,0.33,0.29,0.45,0.49,0.59,,,0.55,0.5,0.53,0.52,K League 1,2025,2.05,1.16,5.85,3.7,5.1,4.95,14.2,11.0,101.75,97.55,67.75,55.9,53.1,46.9,1.4,0.4,9.47,5.53,5.59,4.94,1.95,1.05,6.53,7.63,9.65,7.85,11.5,10.75,2.75,3.5,1.75,1.5,0.54,0.26,0.24,0.58,0.46,,,0.55,0.49,0.52,0.51,0.56,0.27,0.24,0.49,0.59,,,0.56,0.5,0.53,0.52
Daejeon Citizen,1.53,1.18,4.21,4.42,4.0,5.42,11.58,13.79,119.26,108.05,69.79,66.05,52.79,47.21,0.75,0.25,6.94,8.06,5.06,5.29,1.39,1.89,7.44,7.0,8.16,8.95,10.05,10.89,3.47,2.89,1.68,1.89,0.42,0.29,0.33,0.57,0.47,0.56,0.48,0.52,0.52,0.52,0.52,0.44,0.29,0.33,0.5,0.58,0.56,0.5,0.52,0.53,0.53,0.52,K League 1,2025,1.44,1.78,5.32,3.63,6.84,3.89,16.11,11.16,109.26,95.32,72.37,60.32,52.11,47.89,0.5,0.62,9.83,7.28,6.28,4.11,1.87,0.73,6.79,9.32,11.11,8.05,8.89,11.32,2.42,3.63,1.32,1.89,0.43,0.29,0.31,0.56,0.48,,,0.54,0.5,0.5,0.53,0.45,0.3,0.32,0.51,0.58,,,0.54,0.51,0.51,0.54
Gangwon,1.29,1.43,4.79,3.79,4.26,3.26,11.11,10.16,98.0,93.79,61.42,52.47,51.11,48.89,0.33,1.0,6.89,6.42,4.21,3.74,1.88,0.71,5.89,8.21,8.53,7.26,10.11,11.53,3.0,3.32,1.79,2.32,0.37,0.3,0.36,0.51,0.53,0.52,0.51,0.52,0.51,0.5,0.53,0.39,0.31,0.37,0.56,0.53,0.53,0.52,0.53,0.53,0.52,0.54,K League 1,2025,1.17,1.06,4.74,3.79,5.63,3.89,13.47,9.42,111.53,94.16,69.84,53.42,53.68,46.32,0.6,0.4,7.89,5.83,6.0,3.56,0.88,1.06,6.05,8.42,9.32,6.47,11.11,13.0,2.21,3.32,1.47,2.26,0.43,0.3,0.31,0.51,0.53,0.53,0.5,0.51,0.53,0.51,0.52,0.43,0.31,0.32,0.55,0.53,0.53,0.52,0.52,0.53,0.53,0.53
Gimcheon Sangmu,1.47,1.0,5.8,3.6,6.15,4.45,15.35,10.8,106.5,98.3,71.7,59.0,52.85,47.15,0.8,0.4,9.53,7.16,6.0,3.68,1.55,2.4,6.47,8.95,10.7,7.8,10.75,9.9,2.85,3.65,1.05,1.05,0.45,0.27,0.32,0.6,0.45,0.56,0.47,0.52,0.52,0.52,0.51,0.46,0.28,0.33,0.47,0.61,0.56,0.48,0.52,0.52,0.54,0.51,K League 1,2025,1.73,2.07,4.5,4.83,4.56,5.39,11.83,14.17,96.06,96.72,62.33,70.28,50.83,49.17,0.67,0.33,7.76,8.65,4.24,5.76,1.65,1.47,8.06,7.11,8.22,9.33,7.78,12.0,3.5,3.11,1.94,1.72,0.38,0.28,0.37,0.59,0.45,,,0.53,0.51,0.51,0.52,0.39,0.29,0.38,0.48,0.6,,,0.53,0.51,0.52,0.53
Gwangju,1.28,1.11,3.63,4.26,4.89,4.26,11.79,10.58,112.63,104.05,77.37,70.11,50.37,49.63,0.5,1.25,7.65,6.76,4.88,3.94,1.56,0.94,7.11,7.53,7.37,7.84,10.0,14.0,2.68,2.47,1.89,2.06,0.41,0.31,0.31,0.5,0.55,0.52,0.51,0.5,0.53,0.49,0.54,0.43,0.31,0.33,0.57,0.51,0.53,0.52,0.52,0.53,0.52,0.54,K League 1,2025,1.24,1.0,4.16,4.37,5.74,3.47,14.11,9.68,102.11,96.47,66.32,57.79,52.84,47.16,0.5,0.67,8.11,6.21,6.0,3.47,1.22,1.83,6.47,8.42,9.0,6.84,11.11,10.68,2.58,3.05,1.68,2.32,0.41,0.3,0.32,0.51,0.53,0.53,0.5,0.51,0.52,0.49,0.54,0.43,0.31,0.33,0.56,0.53,0.54,0.51,0.52,0.53,0.51,0.55
Jeju United,1.38,1.5,4.06,5.11,6.0,4.11,13.11,11.83,93.94,91.56,61.17,60.67,51.39,48.61,0.5,0.5,8.24,7.82,5.29,4.24,1.29,2.06,7.17,9.0,9.72,8.33,12.0,12.06,3.44,3.0,2.06,2.44,0.35,0.3,0.39,0.55,0.49,0.55,0.49,0.52,0.51,0.51,0.53,0.36,0.3,0.4,0.52,0.56,0.56,0.5,0.53,0.52,0.51,0.54,K League 1,2025,1.53,0.95,5.4,3.75,6.05,4.95,15.65,11.4,104.65,101.6,71.1,59.0,50.0,50.0,0.25,0.75,10.11,7.11,6.56,4.44,1.89,2.16,7.21,7.68,11.1,8.2,11.65,11.8,3.1,4.2,1.65,1.85,0.49,0.28,0.27,0.56,0.48,,,0.52,0.51,0.51,0.52,0.51,0.29,0.28,0.52,0.57,,,0.53,0.52,0.53,0.52
Jeonbuk Motors,1.9,1.05,4.8,3.5,4.75,5.5,13.05,13.5,117.6,106.8,83.2,73.9,52.55,47.45,0.83,0.17,8.6,7.55,4.45,5.95,1.75,0.75,6.8,8.0,9.15,10.0,10.65,10.25,3.55,3.15,1.95,1.32,0.5,0.27,0.26,0.57,0.47,0.55,0.48,0.53,0.51,0.51,0.52,0.51,0.29,0.28,0.5,0.58,0.56,0.5,0.53,0.52,0.53,0.53,K League 1,2025,0.73,1.73,5.17,3.89,6.83,3.89,14.89,10.22,114.83,94.83,76.83,57.5,53.17,46.83,0.5,1.0,7.94,7.65,7.29,2.76,1.29,1.18,5.67,9.78,9.56,6.72,10.39,13.28,2.0,2.83,1.76,2.82,0.31,0.29,0.43,0.54,0.5,0.54,0.5,0.52,0.51,0.51,0.52,0.32,0.3,0.44,0.53,0.56,0.55,0.51,0.53,0.53,0.52,0.53
Pohang Steelers,1.31,1.38,5.11,3.53,5.68,4.68,14.11,10.26,102.16,89.47,66.42,53.37,53.32,46.68,0.8,0.6,8.28,6.44,6.06,4.06,1.78,1.33,6.53,7.74,10.11,7.42,11.16,13.32,2.11,3.58,1.56,2.44,0.4,0.29,0.34,0.54,0.5,0.53,0.5,0.53,0.51,0.51,0.53,0.42,0.3,0.35,0.54,0.55,0.54,0.52,0.53,0.52,0.52,0.53,K League 1,2025,1.26,1.05,3.84,3.68,5.26,3.47,12.63,9.53,114.21,107.21,69.63,60.21,52.68,47.32,0.33,0.67,7.58,5.95,5.05,3.58,1.71,1.47,6.05,8.63,9.68,6.79,11.68,12.37,2.58,3.37,1.95,1.58,0.39,0.3,0.35,0.54,0.5,0.52,0.51,0.52,0.52,0.51,0.52,0.4,0.3,0.36,0.54,0.55,0.54,0.51,0.52,0.53,0.52,0.53
Seoul,1.78,1.56,5.95,3.32,7.0,3.42,17.68,8.95,105.37,85.42,68.89,47.74,55.95,44.05,0.75,0.5,10.61,5.5,7.56,3.39,1.31,1.44,5.68,8.89,10.84,5.95,8.74,11.37,1.95,3.89,1.74,2.58,0.52,0.28,0.24,0.52,0.52,0.53,0.5,0.52,0.52,0.51,0.52,0.53,0.29,0.25,0.55,0.53,0.55,0.5,0.53,0.52,0.52,0.53,K League 1,2025,1.6,1.2,3.32,5.42,4.42,5.32,11.0,14.16,101.63,98.26,62.68,68.21,47.74,52.26,1.0,0.25,6.37,8.32,4.63,5.84,1.59,1.29,7.68,6.95,7.58,9.21,9.68,10.79,3.84,2.53,1.82,1.71,0.31,0.3,0.43,0.53,0.51,0.54,0.49,0.51,0.53,0.51,0.52,0.32,0.3,0.45,0.54,0.54,0.54,0.51,0.51,0.54,0.53,0.52
Suwon,1.5,1.39,3.68,5.84,6.89,5.11,15.79,13.74,102.16,107.26,63.95,69.63,46.05,53.95,0.43,0.57,8.65,9.0,7.76,5.35,1.71,1.71,9.56,8.89,11.37,8.53,11.47,12.0,3.11,4.37,1.47,1.63,0.37,0.28,0.38,0.58,0.46,,,0.54,0.5,0.5,0.53,0.38,0.29,0.39,0.5,0.58,,,0.55,0.5,0.52,0.54,K League 1,2025,1.94,1.41,5.42,4.63,5.84,4.63,13.47,12.89,109.47,95.32,74.16,63.63,55.84,44.16,0.67,0.33,8.53,7.88,5.06,5.71,1.78,1.56,6.83,8.89,9.53,8.79,11.79,10.16,3.58,2.95,1.74,1.74,0.47,0.27,0.29,0.58,0.46,0.54,0.5,0.53,0.5,0.52,0.52,0.49,0.28,0.3,0.48,0.6,0.55,0.5,0.54,0.51,0.52,0.53
Ulsan HD,1.35,1.18,5.74,3.58,6.58,3.89,15.63,10.53,107.11,91.16,77.95,57.53,58.32,41.68,0.6,0.4,9.79,6.37,5.84,4.16,1.21,1.37,5.89,10.0,10.47,7.26,10.32,12.16,2.58,3.16,1.89,2.44,0.52,0.27,0.25,0.57,0.47,,,0.53,0.5,0.52,0.52,0.54,0.28,0.26,0.5,0.58,,,0.53,0.52,0.53,0.52,K League 1,2025,1.58,1.0,4.58,5.53,5.89,5.21,14.32,12.89,101.37,106.58,66.16,76.42,44.95,55.05,0.6,0.4,8.56,9.17,6.17,4.11,1.5,1.89,8.63,8.89,9.68,8.58,10.53,12.53,2.89,3.53,1.59,2.47,0.33,0.29,0.42,0.56,0.48,0.55,0.48,0.53,0.5,0.51,0.53,0.33,0.29,0.44,0.51,0.57,0.56,0.5,0.54,0.51,0.52,0.53
Alianza Petrolera,1.69,0.88,5.7,4.45,5.85,4.15,14.6,9.85,88.25,78.95,43.0,31.8,54.1,45.9,0.67,0.33,8.1,4.35,6.35,5.4,2.61,1.17,6.85,9.4,9.0,7.12,13.5,11.55,2.15,3.65,2.75,3.05,0.47,0.31,0.27,0.46,0.59,0.54,0.51,0.51,0.54,0.53,0.53,0.48,0.31,0.28,0.61,0.48,0.54,0.51,0.52,0.54,0.51,0.55,Colombia Liga BetPlay,2025,1.75,1.0,5.5,3.35,6.1,4.35,14.35,9.9,96.25,79.1,49.35,32.0,54.75,45.25,1.0,0.25,6.75,4.6,7.45,5.25,1.65,1.45,8.37,10.05,11.05,7.84,10.7,10.4,2.7,3.1,2.2,2.45,0.5,0.31,0.24,0.47,0.58,0.52,0.52,0.52,0.52,0.5,0.55,0.51,0.3,0.25,0.61,0.47,0.52,0.53,0.52,0.53,0.5,0.55
América de Cali,1.91,0.91,6.19,3.73,6.08,4.96,16.08,11.46,89.73,75.58,40.62,29.85,55.38,44.62,0.5,0.5,9.35,6.31,6.73,5.0,2.2,1.48,7.62,9.19,11.56,8.6,11.81,10.77,3.27,4.35,2.81,2.81,0.57,0.28,0.2,0.45,0.6,0.54,0.51,0.52,0.53,0.52,0.53,0.58,0.28,0.21,0.62,0.45,0.54,0.52,0.51,0.54,0.53,0.52,Colombia Liga BetPlay,2025,1.09,1.0,4.69,4.0,7.0,5.31,13.73,11.38,87.88,87.04,39.81,34.46,50.54,49.46,0.71,0.29,6.46,5.27,7.15,6.08,1.08,1.56,8.04,9.85,10.16,7.48,11.46,11.96,2.46,2.73,3.0,2.69,0.4,0.31,0.34,0.48,0.57,0.54,0.51,0.51,0.54,0.52,0.53,0.4,0.31,0.35,0.59,0.49,0.54,0.52,0.52,0.54,0.54,0.51
Atlético Bucaramanga,1.65,0.9,5.39,3.57,6.22,4.0,14.61,8.22,92.74,68.22,42.96,23.65,57.61,42.39,0.88,0.5,8.09,4.13,6.22,4.0,1.83,1.22,6.52,8.96,10.45,5.82,12.65,10.43,1.61,4.17,3.35,2.7,0.55,0.3,0.21,0.45,0.61,0.53,0.52,0.51,0.54,0.52,0.53,0.55,0.29,0.23,0.62,0.45,0.53,0.52,0.52,0.53,0.51,0.55,Colombia Liga BetPlay,2025,1.26,1.26,4.17,4.52,5.17,5.48,12.35,10.91,85.26,83.7,38.52,37.04,50.96,49.04,1.0,0.43,6.96,5.7,5.26,5.26,1.36,1.86,8.39,7.83,8.05,8.18,13.26,10.7,2.22,3.0,2.86,2.95,0.41,0.33,0.31,0.47,0.58,0.52,0.52,0.51,0.54,0.51,0.54,0.41,0.32,0.33,0.61,0.46,0.52,0.54,0.51,0.55,0.52,0.55
Atlético Nacional,2.04,0.92,6.15,3.69,7.62,4.0,18.04,9.5,95.85,63.58,41.88,25.96,59.04,40.96,0.75,0.5,10.19,4.77,7.62,4.65,1.58,2.88,6.72,11.44,13.32,7.88,12.65,10.88,2.62,4.35,2.76,3.04,0.66,0.24,0.15,0.49,0.56,0.57,0.49,0.54,0.51,0.52,0.53,0.66,0.24,0.16,0.58,0.5,0.56,0.48,0.54,0.51,0.53,0.53,Colombia Liga BetPlay,2025,1.52,1.71,4.0,5.35,5.54,5.73,12.54,13.85,75.27,86.96,35.81,35.58,45.58,54.42,0.45,0.82,6.69,7.31,5.85,6.46,2.62,1.81,9.0,8.69,8.84,10.2,13.12,10.85,3.27,2.81,3.42,2.88,0.29,0.31,0.46,0.52,0.53,0.54,0.5,0.53,0.52,0.51,0.54,0.29,0.31,0.46,0.56,0.53,0.55,0.5,0.52,0.53,0.52,0.54
Boyacá Chicó,1.07,1.33,5.5,4.5,5.25,5.35,11.95,10.95,90.15,70.8,38.15,30.2,55.05,44.95,0.56,0.44,5.63,5.89,6.21,5.16,1.45,1.65,8.16,8.47,8.63,8.16,10.75,14.4,2.4,2.7,2.6,3.25,0.33,0.34,0.38,0.45,0.6,0.51,0.54,0.51,0.54,0.49,0.55,0.34,0.33,0.39,0.63,0.45,0.52,0.54,0.52,0.54,0.52,0.55,Colombia Liga BetPlay,2025,2.24,0.71,5.7,2.3,6.3,3.65,15.15,8.6,95.45,78.7,43.85,26.15,59.8,40.2,0.5,0.5,9.3,4.05,5.65,4.4,2.25,1.95,6.15,10.05,9.06,5.88,14.9,11.15,1.95,3.6,3.0,2.85,0.65,0.26,0.15,0.43,0.63,0.53,0.52,0.53,0.52,0.52,0.54,0.64,0.26,0.16,0.64,0.44,0.53,0.52,0.53,0.53,0.52,0.53
Deportes Tolima,1.7,0.91,4.63,2.7,6.07,3.89,14.67,9.07,91.27,83.0,38.12,26.88,55.26,44.74,0.43,0.57,8.0,4.37,6.52,4.74,1.4,2.56,6.92,9.69,10.54,6.27,10.93,11.11,2.07,3.0,2.89,3.04,0.54,0.29,0.22,0.48,0.58,0.54,0.5,0.52,0.53,0.5,0.55,0.54,0.29,0.23,0.61,0.47,0.54,0.51,0.52,0.53,0.53,0.53,Colombia Liga BetPlay,2025,1.17,1.42,5.07,3.78,5.93,4.26,12.44,10.78,78.96,78.0,38.26,32.59,47.56,52.44,0.4,0.6,6.44,5.89,5.96,4.89,2.28,1.4,6.89,8.81,9.42,7.65,10.52,9.7,2.74,2.93,2.54,2.46,0.41,0.33,0.32,0.47,0.59,0.52,0.52,0.5,0.55,0.53,0.53,0.41,0.32,0.33,0.61,0.47,0.52,0.53,0.52,0.54,0.54,0.52
Deportivo Cali,1.12,1.24,5.1,3.65,6.0,5.45,12.7,11.55,87.75,82.15,41.0,25.85,51.6,48.4,0.83,0.33,7.9,6.3,4.65,5.1,1.7,1.3,7.35,10.0,8.45,8.4,14.65,13.85,2.45,2.6,2.7,4.05,0.45,0.32,0.28,0.46,0.59,0.52,0.53,0.51,0.54,0.5,0.56,0.45,0.32,0.29,0.62,0.46,0.52,0.53,0.53,0.52,0.51,0.55,Colombia Liga BetPlay,2025,1.6,1.13,4.85,4.55,7.25,4.25,14.5,10.2,81.15,81.05,35.5,36.25,49.25,50.75,0.75,0.62,7.15,5.5,7.15,4.75,1.4,2.15,7.55,10.25,10.61,7.72,12.35,12.3,2.6,2.8,3.45,3.1,0.49,0.31,0.25,0.46,0.6,0.52,0.52,0.52,0.53,0.51,0.54,0.5,0.31,0.25,0.62,0.46,0.52,0.53,0.52,0.53,0.53,0.53
Deportivo Pasto,1.75,1.05,4.25,3.7,5.85,5.35,12.75,11.05,83.2,100.45,36.3,39.2,45.1,54.9,0.5,0.5,6.8,5.5,5.9,5.35,1.7,1.4,8.6,9.1,9.25,8.15,13.1,10.95,2.5,2.25,3.9,2.15,0.42,0.32,0.31,0.43,0.62,0.52,0.53,0.52,0.53,0.52,0.54,0.43,0.32,0.32,0.64,0.44,0.5,0.55,0.51,0.55,0.5,0.56,Colombia Liga BetPlay,2025,1.5,0.61,6.1,3.45,6.2,4.95,13.7,10.3,101.2,74.75,43.15,23.45,57.95,42.05,0.67,0.33,7.55,4.95,6.2,5.3,1.19,1.44,6.6,10.1,9.22,7.22,13.75,13.75,2.6,2.7,2.65,3.65,0.57,0.29,0.2,0.42,0.64,0.51,0.54,0.53,0.52,0.53,0.52,0.57,0.29,0.2,0.66,0.41,0.52,0.54,0.52,0.53,0.53,0.52
Deportivo Pereira,1.65,1.24,4.65,4.25,5.25,5.8,12.45,13.35,76.65,81.15,31.85,36.15,45.9,54.1,0.62,0.38,6.5,7.1,5.95,6.1,2.16,1.63,8.95,7.95,8.53,8.79,14.45,10.4,3.05,2.9,3.25,3.1,0.48,0.3,0.27,0.47,0.58,0.53,0.51,0.52,0.53,0.53,0.52,0.49,0.3,0.28,0.6,0.48,0.52,0.53,0.52,0.53,0.52,0.54,Colombia Liga BetPlay,2025,1.88,0.76,4.75,4.7,6.9,4.95,15.55,10.45,91.05,73.95,42.45,31.8,55.15,44.85,1.2,0.2,8.35,5.5,7.1,4.7,1.79,1.89,8.9,10.3,10.56,6.67,11.1,11.8,2.35,3.75,3.39,3.61,0.52,0.3,0.23,0.46,0.59,0.54,0.51,0.52,0.53,0.52,0.54,0.53,0.29,0.24,0.61,0.47,0.53,0.52,0.51,0.54,0.52,0.54
Envigado,0.88,1.65,4.3,5.15,5.05,4.7,10.55,11.35,83.7,87.1,40.45,45.05,49.1,50.9,0.6,0.6,5.75,5.4,4.85,5.95,2.16,0.84,9.15,9.15,8.05,8.1,13.6,12.0,2.1,2.5,4.25,3.0,0.29,0.32,0.45,0.46,0.59,0.53,0.51,0.51,0.54,0.51,0.53,0.3,0.31,0.45,0.6,0.47,0.53,0.52,0.51,0.54,0.52,0.52,Colombia Liga BetPlay,2025,1.21,1.0,6.4,2.8,6.3,4.85,15.1,10.4,95.45,57.15,51.05,21.3,62.8,37.2,0.86,0.71,8.7,4.9,6.4,5.35,1.21,1.37,7.4,10.85,10.44,7.17,10.3,14.5,1.85,3.7,2.85,4.25,0.64,0.26,0.15,0.44,0.62,0.54,0.51,0.53,0.52,0.52,0.54,0.64,0.26,0.16,0.63,0.44,0.54,0.51,0.52,0.53,0.52,0.53
Fortaleza CEIF,1.25,1.0,5.39,4.91,5.35,4.96,12.48,10.83,85.09,73.39,33.04,31.39,51.61,48.39,1.0,0.33,5.83,5.78,6.65,5.0,1.61,1.48,8.68,10.0,8.87,7.48,9.91,9.83,2.22,3.09,2.91,3.13,0.43,0.32,0.3,0.47,0.58,0.54,0.51,0.5,0.55,0.52,0.54,0.44,0.31,0.31,0.6,0.47,0.53,0.52,0.5,0.55,0.52,0.53,Colombia Liga BetPlay,2025,1.62,0.86,4.5,3.95,5.05,5.36,12.64,12.27,77.09,84.05,33.27,32.36,46.91,53.09,0.89,0.33,7.68,5.91,4.95,6.36,1.82,2.05,8.91,8.05,8.65,8.3,13.0,10.91,2.77,3.09,2.5,1.86,0.5,0.3,0.25,0.47,0.59,0.53,0.52,0.52,0.53,0.5,0.55,0.51,0.29,0.26,0.6,0.48,0.52,0.52,0.53,0.53,0.51,0.54
Independiente Medellín,1.83,0.92,5.59,3.67,7.67,4.0,17.59,9.07,95.74,63.44,44.26,23.74,59.3,40.7,0.75,0.88,8.37,4.19,9.3,4.81,1.17,1.88,6.56,11.3,12.65,6.65,12.44,10.78,2.26,4.07,3.0,3.22,0.6,0.27,0.19,0.49,0.57,0.54,0.52,0.54,0.51,0.52,0.53,0.6,0.27,0.2,0.6,0.48,0.55,0.5,0.53,0.52,0.52,0.53,Colombia Liga BetPlay,2025,1.25,1.5,3.04,5.37,5.0,6.3,11.67,14.04,78.63,91.11,31.41,42.33,45.81,54.19,0.29,0.71,6.19,7.26,5.37,6.85,1.92,1.31,9.33,8.41,8.23,10.35,12.0,9.78,3.22,2.63,3.58,3.08,0.34,0.32,0.39,0.51,0.55,0.54,0.51,0.51,0.54,0.53,0.52,0.35,0.32,0.4,0.57,0.51,0.54,0.51,0.51,0.54,0.52,0.54
Junior FC,1.76,0.84,5.15,4.19,5.74,5.22,13.48,12.19,91.11,81.56,44.15,32.48,55.04,44.96,1.5,0.33,8.78,5.56,4.63,6.48,1.8,1.28,6.92,9.04,10.11,8.63,10.78,10.81,3.48,3.15,2.37,2.63,0.56,0.28,0.22,0.5,0.56,0.55,0.5,0.52,0.53,0.52,0.53,0.57,0.28,0.22,0.58,0.5,0.55,0.5,0.52,0.53,0.52,0.53,Colombia Liga BetPlay,2025,1.36,1.24,5.0,3.74,7.37,4.63,15.89,9.89,91.78,82.41,45.85,33.74,50.44,49.56,0.44,0.78,8.15,5.37,7.78,4.48,1.58,1.38,7.85,10.93,11.77,7.58,13.74,9.44,2.11,3.89,3.37,2.59,0.46,0.31,0.28,0.49,0.56,0.54,0.51,0.52,0.53,0.52,0.53,0.47,0.31,0.29,0.59,0.49,0.52,0.53,0.52,0.53,0.53,0.52
La Equidad,0.69,1.5,4.05,3.8,5.75,4.85,11.65,11.15,85.85,84.9,39.05,33.8,47.2,52.8,0.0,1.0,5.9,5.85,5.7,5.35,1.7,1.8,8.5,9.55,8.42,7.95,11.65,10.7,2.15,2.7,3.11,3.11,0.37,0.32,0.36,0.46,0.59,0.54,0.51,0.49,0.55,,,0.38,0.31,0.38,0.61,0.47,0.54,0.52,0.49,0.56,,,Colombia Liga BetPlay,2025,2.22,0.67,5.15,3.6,5.85,4.6,14.25,10.05,97.25,70.75,38.2,26.3,60.1,39.9,1.0,0.67,8.63,5.37,5.89,4.79,1.84,1.16,7.22,8.28,10.61,6.67,13.1,11.2,2.35,3.35,2.45,2.75,0.61,0.27,0.17,0.43,0.62,0.53,0.52,0.52,0.53,0.54,0.51,0.61,0.27,0.18,0.64,0.44,0.52,0.52,0.52,0.54,0.53,0.53
Llaneros,0.94,1.17,4.37,4.11,5.16,4.47,10.74,9.58,90.0,85.58,37.26,37.58,50.32,49.68,0.17,1.0,5.58,6.0,5.11,3.58,1.29,1.29,7.37,8.79,7.68,6.58,10.42,11.53,2.11,2.16,2.16,2.42,0.38,0.33,0.34,0.49,0.57,0.52,0.53,0.51,0.54,0.5,0.56,0.39,0.32,0.35,0.61,0.47,0.51,0.54,0.5,0.55,0.5,0.56,Colombia Liga BetPlay,2025,1.78,1.11,6.9,4.65,5.65,3.8,15.05,8.65,91.55,77.25,43.95,30.1,55.25,44.75,1.5,0.25,8.75,4.75,6.1,3.8,2.3,1.4,7.0,9.42,10.0,5.16,10.4,10.15,1.3,3.65,2.9,2.6,0.6,0.28,0.17,0.46,0.59,0.54,0.51,0.52,0.53,0.51,0.54,0.6,0.28,0.18,0.63,0.45,0.54,0.52,0.52,0.53,0.51,0.54
Millonarios,1.72,1.0,5.48,3.43,8.0,3.43,16.48,8.09,98.17,78.91,45.43,33.43,55.04,44.96,1.0,0.62,7.87,4.17,8.43,4.0,1.87,1.3,6.61,12.43,11.43,5.96,11.74,10.09,1.78,3.26,2.87,3.13,0.56,0.29,0.2,0.45,0.61,0.53,0.51,0.51,0.54,0.52,0.54,0.56,0.29,0.21,0.63,0.45,0.53,0.51,0.51,0.55,0.52,0.54,Colombia Liga BetPlay,2025,1.38,1.29,5.0,3.48,6.26,4.7,14.48,11.78,86.87,77.7,42.57,32.61,51.43,48.57,0.56,0.56,7.57,6.7,6.7,4.91,2.0,1.65,7.35,10.0,11.59,9.0,12.39,11.26,3.48,3.83,3.35,3.57,0.37,0.32,0.35,0.48,0.57,0.53,0.52,0.5,0.55,0.5,0.56,0.38,0.31,0.37,0.6,0.48,0.53,0.52,0.5,0.55,0.51,0.55
Once Caldas,1.57,1.14,5.52,4.61,5.96,6.09,14.65,13.74,82.13,82.96,44.96,35.52,51.26,48.74,0.75,0.25,7.61,6.74,6.96,6.96,3.0,1.73,8.52,8.78,10.86,10.24,11.96,11.7,3.48,3.87,3.13,2.83,0.49,0.31,0.26,0.49,0.57,0.54,0.5,0.52,0.53,0.52,0.52,0.5,0.3,0.26,0.58,0.49,0.55,0.51,0.51,0.54,0.53,0.53,Colombia Liga BetPlay,2025,1.5,0.83,5.57,3.39,6.0,4.17,14.43,10.17,84.17,73.7,34.3,32.0,51.65,48.35,0.43,0.57,8.48,4.26,5.91,5.91,1.61,1.91,7.22,10.17,11.05,7.05,12.96,10.52,2.7,3.74,3.0,3.0,0.49,0.31,0.26,0.48,0.57,0.55,0.5,0.51,0.54,0.5,0.55,0.5,0.3,0.27,0.59,0.49,0.54,0.51,0.52,0.53,0.51,0.54
Rionegro Águilas,1.37,1.26,4.8,4.7,5.7,5.9,13.0,13.4,79.0,80.4,44.35,37.85,48.6,51.4,1.0,0.25,7.05,6.9,5.7,6.45,1.45,1.4,10.0,8.65,10.6,10.4,11.0,12.6,2.7,3.4,2.61,2.78,0.43,0.33,0.3,0.47,0.59,,,0.52,0.52,,,0.45,0.32,0.3,0.62,0.46,0.52,0.53,0.51,0.55,0.5,0.56,Colombia Liga BetPlay,2025,1.47,1.33,5.15,4.7,5.4,5.55,12.4,11.25,87.0,78.45,37.15,35.3,53.55,46.45,0.67,0.44,6.4,5.9,5.95,5.3,1.2,1.55,8.4,9.1,9.05,8.26,11.7,12.4,2.7,3.05,3.45,3.05,0.5,0.31,0.25,0.45,0.61,0.52,0.53,0.52,0.52,0.53,0.52,0.5,0.3,0.26,0.63,0.44,0.52,0.53,0.52,0.53,0.53,0.52
Santa Fe,1.45,1.0,5.41,3.48,6.48,5.0,14.56,10.89,87.11,75.26,40.74,29.3,53.26,46.74,0.75,0.5,8.15,5.89,6.52,5.04,1.3,1.7,8.37,10.15,10.88,8.08,11.56,9.93,2.89,3.7,3.12,2.88,0.5,0.31,0.25,0.48,0.58,0.53,0.52,0.52,0.53,0.51,0.55,0.51,0.3,0.25,0.6,0.48,0.53,0.52,0.52,0.53,0.5,0.55,Colombia Liga BetPlay,2025,1.25,1.38,5.37,4.15,6.93,4.52,15.89,10.37,90.35,71.96,42.69,29.88,56.78,43.22,0.43,0.71,7.48,5.81,8.0,4.37,2.35,1.62,7.11,10.85,11.52,7.76,10.48,11.15,2.07,4.15,3.0,3.41,0.47,0.31,0.27,0.49,0.57,0.54,0.51,0.51,0.54,0.53,0.52,0.48,0.3,0.28,0.59,0.49,0.53,0.52,0.51,0.55,0.53,0.53
Unión Magdalena,1.29,1.59,3.9,3.85,6.85,4.55,14.25,12.1,83.1,78.2,38.3,34.45,52.05,47.95,0.57,0.57,6.8,6.7,7.1,5.4,1.9,1.8,6.7,9.45,9.68,7.95,13.6,11.35,3.0,2.85,2.95,3.0,0.37,0.33,0.36,0.46,0.59,0.53,0.52,0.51,0.55,0.5,0.56,0.38,0.32,0.37,0.61,0.47,0.52,0.53,0.51,0.54,0.51,0.54,Colombia Liga BetPlay,2025,1.65,0.7,6.9,2.85,6.75,3.4,15.8,9.0,102.65,67.3,46.65,23.85,60.85,39.15,0.8,0.4,8.3,4.65,7.4,4.35,1.68,1.47,5.47,11.05,11.89,6.47,10.85,12.05,2.8,3.45,2.0,2.7,0.63,0.27,0.16,0.44,0.62,0.52,0.52,0.53,0.52,0.51,0.54,0.63,0.27,0.16,0.64,0.44,0.52,0.52,0.53,0.52,0.52,0.54
Albirex Niigata,1.18,1.82,4.79,4.26,4.95,4.68,12.58,11.63,97.79,96.42,42.79,44.05,55.32,44.68,0.33,0.67,8.0,7.74,4.53,3.95,1.59,1.71,7.74,8.16,7.68,7.58,9.74,9.26,2.11,2.32,1.38,1.25,0.34,0.29,0.41,0.51,0.53,0.53,0.5,0.5,0.53,0.52,0.52,0.35,0.3,0.42,0.54,0.53,0.54,0.51,0.51,0.54,0.52,0.53,Japan J League,2025,1.89,0.84,4.84,4.32,5.47,4.21,13.89,10.63,109.0,85.68,53.79,37.16,46.95,53.05,0.5,0.5,8.89,5.84,4.95,4.89,1.33,1.17,6.26,9.05,9.21,5.95,8.11,10.0,2.21,2.58,0.62,1.06,0.48,0.29,0.26,0.52,0.52,0.52,0.51,0.5,0.53,0.52,0.51,0.49,0.3,0.28,0.55,0.53,0.53,0.52,0.51,0.54,0.53,0.52
Avispa Fukuoka,1.25,1.19,4.32,4.26,5.21,4.84,13.47,10.58,90.58,90.68,45.42,41.32,44.37,55.63,0.33,0.67,8.63,6.74,4.95,3.84,2.12,1.76,7.11,7.68,8.95,7.74,12.63,12.0,2.47,3.26,1.44,1.28,0.36,0.32,0.35,0.46,0.57,0.51,0.52,0.51,0.52,0.48,0.55,0.37,0.32,0.36,0.6,0.48,0.52,0.53,0.52,0.54,0.5,0.55,Japan J League,2025,1.27,0.93,3.58,3.95,4.11,6.05,11.16,12.37,99.26,97.47,41.63,46.79,51.42,48.58,0.8,0.6,7.32,7.74,3.84,4.68,1.88,1.65,9.63,8.26,7.53,7.58,9.79,12.79,2.58,3.16,1.82,1.59,0.44,0.31,0.28,0.46,0.58,0.52,0.51,0.5,0.53,0.48,0.55,0.45,0.32,0.29,0.6,0.48,0.53,0.53,0.52,0.54,0.5,0.56
Cerezo Osaka,1.42,1.11,7.0,5.74,6.16,5.16,15.32,12.16,93.79,92.68,52.32,50.32,53.95,46.05,0.75,0.25,9.84,7.84,5.05,4.32,2.11,2.05,8.05,8.79,9.95,6.47,9.74,12.84,1.84,3.95,0.95,1.74,0.42,0.27,0.34,0.6,0.44,0.54,0.49,0.52,0.51,0.52,0.51,0.44,0.29,0.34,0.47,0.6,0.56,0.48,0.52,0.53,0.54,0.52,Japan J League,2025,2.0,1.83,5.0,4.26,6.32,5.0,15.21,12.74,96.63,98.74,49.84,50.16,43.37,56.63,0.33,0.67,9.89,8.42,5.26,4.37,2.37,1.63,7.89,9.89,10.53,8.89,10.68,8.68,3.11,3.0,1.13,1.6,0.42,0.28,0.34,0.59,0.45,0.55,0.48,0.53,0.5,0.53,0.5,0.43,0.28,0.35,0.48,0.59,0.55,0.49,0.53,0.51,0.54,0.51
FC Tokyo,1.28,1.44,4.95,4.26,5.84,4.42,14.05,10.68,101.05,101.79,47.74,41.84,53.68,46.32,0.67,0.67,9.16,6.42,4.84,4.0,1.28,1.89,6.89,8.53,9.26,7.63,11.68,12.05,2.32,3.37,1.35,1.53,0.36,0.29,0.38,0.53,0.51,0.52,0.52,0.52,0.51,0.51,0.52,0.37,0.3,0.39,0.54,0.54,0.53,0.52,0.53,0.52,0.52,0.54,Japan J League,2025,1.29,1.06,5.74,3.89,6.74,4.84,15.05,10.32,105.06,90.89,52.39,37.0,51.26,48.74,0.2,0.8,8.89,6.84,5.89,3.47,1.56,1.39,6.95,9.47,10.21,7.42,10.53,11.68,1.89,3.11,0.95,1.58,0.46,0.29,0.28,0.52,0.52,0.52,0.51,0.52,0.52,0.52,0.52,0.48,0.29,0.29,0.53,0.54,0.53,0.51,0.52,0.53,0.54,0.52
Fagiano Okayama,1.0,0.94,5.26,4.79,5.63,5.05,11.95,11.11,93.16,102.47,50.0,46.68,42.58,57.42,0.33,0.67,7.89,7.05,4.05,4.11,1.58,2.0,8.89,8.68,7.63,7.53,11.21,8.47,2.58,2.05,1.18,1.24,0.33,0.31,0.39,0.49,0.55,0.52,0.51,0.51,0.53,0.5,0.53,0.35,0.31,0.4,0.57,0.5,0.53,0.52,0.52,0.53,0.51,0.54,Japan J League,2025,1.5,0.94,5.89,4.58,5.95,3.95,14.32,9.79,99.74,95.42,53.79,41.58,58.58,41.42,,,9.0,6.16,5.11,3.58,2.74,1.89,7.63,8.84,9.58,6.53,9.32,11.26,2.42,3.16,0.89,1.22,0.48,0.3,0.26,0.5,0.54,0.52,0.52,0.52,0.52,0.5,0.53,0.49,0.3,0.27,0.56,0.51,0.52,0.53,0.53,0.52,0.51,0.54
Gamba Osaka,1.74,1.37,4.84,4.0,5.37,4.68,14.16,11.84,108.47,99.21,58.68,46.37,52.95,47.05,0.5,0.5,8.47,7.89,5.74,3.68,1.47,1.29,6.53,7.79,9.11,7.74,10.32,10.37,2.63,2.63,1.07,1.27,0.44,0.29,0.31,0.53,0.51,0.54,0.5,0.53,0.51,0.52,0.52,0.45,0.29,0.32,0.52,0.55,0.54,0.5,0.53,0.52,0.53,0.53,Japan J League,2025,1.71,1.18,4.26,5.0,5.63,4.37,13.11,12.37,102.84,96.37,52.0,51.0,47.16,52.84,0.67,0.33,9.05,7.42,3.89,5.05,1.47,1.47,6.47,8.05,9.42,7.53,9.37,10.74,3.37,3.37,1.24,1.35,0.41,0.29,0.33,0.53,0.51,0.53,0.5,0.52,0.51,0.51,0.52,0.42,0.3,0.35,0.53,0.54,0.54,0.51,0.54,0.51,0.53,0.53
Kashima Antlers,1.89,0.89,5.26,3.32,3.63,4.74,12.68,10.16,104.63,92.11,48.84,42.89,53.42,46.58,0.6,0.4,7.89,6.42,4.84,3.68,1.5,2.0,8.05,7.47,8.21,7.32,10.21,12.74,2.32,2.95,1.32,2.05,0.45,0.29,0.3,0.52,0.52,0.53,0.51,0.51,0.52,0.51,0.52,0.46,0.3,0.3,0.54,0.53,0.53,0.52,0.52,0.53,0.52,0.53,Japan J League,2025,0.83,1.33,6.16,4.79,4.84,4.21,12.79,11.32,94.79,94.16,51.63,41.84,49.26,50.74,0.2,0.8,8.21,7.58,4.42,3.84,2.06,1.28,7.0,8.32,8.63,7.63,12.53,11.37,2.58,3.26,1.76,1.29,0.37,0.29,0.37,0.54,0.5,0.54,0.49,0.52,0.51,0.52,0.52,0.39,0.3,0.38,0.52,0.55,0.54,0.5,0.53,0.52,0.52,0.53
Kashiwa Reysol,1.59,0.88,5.89,5.0,5.05,4.32,12.63,10.16,111.42,87.42,55.42,42.21,62.37,37.63,1.0,0.5,7.68,6.79,4.79,3.37,1.17,1.28,7.63,8.21,8.68,6.74,9.53,9.05,2.16,2.58,1.05,1.11,0.48,0.29,0.27,0.51,0.53,0.54,0.49,0.52,0.52,0.51,0.52,0.49,0.29,0.28,0.55,0.52,0.55,0.49,0.52,0.53,0.52,0.53,Japan J League,2025,1.06,1.83,4.74,4.84,5.42,4.32,11.79,12.58,101.63,105.79,48.0,48.68,42.21,57.79,0.6,0.4,7.05,8.79,4.79,3.79,1.29,1.88,7.11,7.84,7.84,8.05,8.37,10.63,2.68,2.0,1.22,1.33,0.34,0.3,0.4,0.52,0.52,0.52,0.51,0.51,0.52,0.51,0.52,0.35,0.3,0.41,0.54,0.53,0.53,0.51,0.52,0.53,0.52,0.53
Kawasaki Frontale,2.28,1.78,4.74,4.68,5.32,5.05,13.53,12.16,92.0,97.84,45.47,45.63,50.84,49.16,0.5,0.75,9.21,7.42,4.21,4.79,2.0,2.17,7.84,8.37,9.26,7.32,9.47,11.42,2.11,2.63,1.39,1.61,0.5,0.27,0.27,0.57,0.47,,,0.53,0.5,0.52,0.52,0.51,0.27,0.28,0.49,0.58,,,0.54,0.51,0.53,0.52,Japan J League,2025,1.39,1.44,4.89,4.95,4.95,5.26,12.21,13.05,94.63,101.63,47.84,48.63,49.21,50.79,0.33,0.67,7.79,8.95,4.47,3.89,1.28,1.67,7.84,8.47,7.94,9.5,9.74,9.89,3.26,2.42,1.61,1.39,0.33,0.28,0.43,0.59,0.45,,,0.53,0.51,0.51,0.52,0.34,0.29,0.44,0.48,0.59,,,0.54,0.52,0.52,0.53
Kyoto Sanga,1.53,0.89,5.21,3.79,4.21,4.58,13.37,11.21,104.26,92.16,49.0,44.37,49.16,50.84,0.67,0.67,8.26,7.53,5.0,3.68,2.0,1.74,7.58,7.16,8.68,6.89,13.16,10.0,2.53,3.74,1.53,1.59,0.39,0.29,0.35,0.54,0.5,0.53,0.5,0.53,0.5,0.51,0.53,0.4,0.3,0.35,0.52,0.55,0.53,0.52,0.54,0.52,0.51,0.54,Japan J League,2025,1.21,1.74,5.79,4.74,5.63,3.68,14.58,10.26,86.79,93.16,50.42,39.47,52.84,47.16,0.4,1.0,9.84,6.68,4.74,3.53,2.53,1.37,7.05,9.95,9.28,6.56,10.0,15.05,2.11,3.0,1.16,1.89,0.41,0.29,0.33,0.54,0.49,0.51,0.52,0.51,0.52,0.51,0.53,0.42,0.3,0.34,0.52,0.55,0.52,0.52,0.52,0.52,0.52,0.53
Machida Zelvia,1.44,1.0,4.53,3.05,5.26,3.84,12.32,10.16,101.47,93.05,48.53,38.11,46.32,53.68,0.6,0.4,8.05,5.58,4.11,4.63,2.11,1.74,7.26,8.79,8.26,6.16,11.74,8.74,2.37,2.63,1.33,0.83,0.5,0.29,0.25,0.48,0.56,0.52,0.51,0.5,0.53,0.51,0.53,0.51,0.29,0.25,0.58,0.49,0.53,0.52,0.52,0.53,0.53,0.52,Japan J League,2025,1.18,1.53,4.26,4.37,4.47,5.79,11.0,11.89,96.0,101.95,44.84,45.58,57.0,43.0,1.33,0.0,6.37,7.42,4.58,4.32,1.5,1.56,9.53,6.95,6.68,7.89,9.16,13.11,2.16,2.0,0.88,1.69,0.31,0.31,0.41,0.47,0.57,0.5,0.53,0.51,0.52,0.5,0.53,0.33,0.31,0.42,0.59,0.48,0.51,0.54,0.52,0.53,0.52,0.54
Nagoya Grampus,1.59,1.47,4.42,4.47,5.42,4.05,12.37,10.84,91.0,91.53,41.47,42.84,45.05,54.95,1.0,0.0,7.32,6.63,5.05,4.11,2.28,0.94,8.05,7.53,8.42,6.79,9.79,13.05,2.47,2.37,1.33,1.67,0.38,0.31,0.34,0.5,0.54,0.51,0.52,0.53,0.51,0.5,0.53,0.4,0.31,0.35,0.56,0.51,0.52,0.54,0.54,0.52,0.52,0.54,Japan J League,2025,1.72,0.94,5.53,3.84,5.32,4.89,13.05,10.74,97.74,90.37,45.95,37.42,50.37,49.63,0.0,1.0,7.53,6.53,5.42,4.21,1.35,1.59,8.89,8.68,8.53,6.79,13.21,10.32,2.42,2.53,1.37,1.42,0.43,0.31,0.3,0.47,0.57,0.53,0.51,0.5,0.53,0.5,0.54,0.44,0.31,0.31,0.58,0.49,0.53,0.52,0.51,0.54,0.51,0.54
Sanfrecce Hiroshima,1.24,0.82,6.26,3.21,6.84,3.89,15.53,8.68,118.0,92.32,60.11,37.0,52.21,47.79,0.8,0.4,11.32,5.63,4.11,3.16,1.65,1.76,5.84,9.74,9.84,5.53,11.11,11.11,1.79,3.21,0.89,1.61,0.55,0.27,0.22,0.51,0.53,0.54,0.5,0.51,0.52,0.52,0.52,0.56,0.27,0.23,0.55,0.52,0.54,0.51,0.52,0.53,0.52,0.53,Japan J League,2025,0.78,1.39,4.16,6.11,4.11,6.0,10.74,14.26,89.32,115.84,37.53,56.42,47.05,52.95,0.5,0.5,6.58,9.79,4.16,4.37,1.28,2.22,9.42,6.63,7.21,8.47,11.53,10.84,2.84,2.74,1.53,1.0,0.28,0.29,0.46,0.52,0.52,0.54,0.49,0.51,0.53,0.5,0.53,0.29,0.3,0.48,0.55,0.52,0.56,0.5,0.52,0.54,0.51,0.55
Shimizu S-Pulse,1.41,1.47,4.74,5.05,4.89,5.79,12.37,13.95,96.68,102.16,49.16,49.63,50.58,49.42,0.83,0.33,7.95,9.47,4.37,4.42,1.5,1.06,10.16,7.47,7.79,10.11,10.68,12.53,3.58,2.79,1.39,1.72,0.36,0.3,0.37,0.54,0.5,0.54,0.49,0.52,0.51,0.5,0.54,0.37,0.31,0.38,0.53,0.54,0.55,0.5,0.53,0.52,0.51,0.54,Japan J League,2025,1.53,1.0,4.63,5.0,5.53,5.58,13.53,11.74,95.68,102.37,46.63,46.68,48.16,51.84,0.33,0.83,8.89,6.84,4.63,5.11,1.61,1.28,8.47,8.47,9.17,7.67,14.37,9.37,1.68,3.37,1.42,1.16,0.44,0.29,0.3,0.53,0.51,0.54,0.5,0.52,0.52,0.51,0.52,0.46,0.29,0.31,0.54,0.54,0.55,0.5,0.52,0.53,0.52,0.54
Shonan Bellmare,1.44,1.5,4.74,4.84,3.84,5.32,11.05,13.21,93.79,104.26,44.11,47.53,48.58,51.42,0.14,0.86,6.21,8.11,4.89,5.0,2.42,0.95,8.84,8.53,7.89,9.11,11.42,10.53,3.32,2.58,1.24,1.24,0.31,0.29,0.43,0.52,0.52,0.53,0.5,0.51,0.52,0.51,0.52,0.32,0.3,0.44,0.54,0.53,0.53,0.52,0.52,0.53,0.52,0.53,Japan J League,2025,2.0,0.56,5.58,4.53,5.42,3.74,13.68,9.63,97.95,90.63,52.16,43.58,48.74,51.26,1.0,0.0,9.0,5.84,4.74,3.79,1.22,2.0,7.42,7.74,9.11,6.37,10.21,11.95,2.32,2.58,1.29,1.35,0.51,0.27,0.25,0.52,0.52,0.54,0.5,0.52,0.52,0.51,0.52,0.53,0.28,0.26,0.54,0.53,0.52,0.53,0.53,0.52,0.53,0.53
Tokyo Verdy,0.88,1.06,5.26,5.21,4.74,3.84,11.26,11.37,90.26,110.21,43.16,47.37,46.63,53.37,,,6.79,7.74,4.53,3.68,1.41,1.12,6.89,7.21,7.16,7.58,12.05,10.74,3.26,2.32,1.5,1.0,0.35,0.32,0.37,0.45,0.59,0.5,0.53,0.49,0.54,0.51,0.53,0.35,0.32,0.38,0.61,0.46,0.51,0.54,0.5,0.56,0.5,0.55,Japan J League,2025,1.77,0.62,5.21,3.47,3.26,3.58,10.16,8.11,111.05,93.05,46.16,42.11,53.05,46.95,0.75,0.25,6.58,5.0,3.47,3.21,1.61,1.56,7.05,6.47,6.63,6.05,11.0,14.16,1.89,2.42,1.47,1.59,0.43,0.32,0.29,0.45,0.59,0.51,0.53,0.5,0.53,0.49,0.54,0.44,0.33,0.29,0.61,0.47,0.52,0.53,0.52,0.53,0.51,0.54
Urawa Reds,1.75,0.75,4.95,5.84,5.11,5.68,12.95,11.37,95.16,97.16,44.16,49.0,51.89,48.11,0.0,1.0,7.89,7.37,5.11,4.0,0.94,1.5,9.37,9.05,8.94,7.22,8.79,9.42,2.32,2.47,0.82,0.94,0.44,0.29,0.3,0.53,0.51,0.54,0.5,0.52,0.52,0.52,0.52,0.46,0.3,0.31,0.54,0.53,0.55,0.5,0.53,0.52,0.53,0.53,Japan J League,2025,1.69,1.06,5.53,4.53,6.11,4.53,14.79,11.58,97.53,92.79,53.84,40.32,48.37,51.63,1.0,0.0,9.68,6.95,4.95,4.37,1.94,0.83,7.32,9.53,9.79,8.11,9.63,9.37,3.21,2.58,1.4,1.53,0.39,0.3,0.34,0.53,0.51,0.54,0.5,0.52,0.51,0.51,0.53,0.4,0.3,0.35,0.53,0.54,0.54,0.51,0.53,0.52,0.51,0.54
Vissel Kobe,1.6,0.8,6.26,2.89,6.37,4.42,14.37,9.58,119.05,90.89,62.63,37.95,55.53,44.47,1.0,0.0,10.05,5.32,4.11,4.21,2.37,2.0,6.37,10.26,10.22,6.67,9.0,14.63,2.05,3.21,0.65,1.82,0.53,0.28,0.23,0.49,0.55,0.51,0.52,0.51,0.52,0.51,0.53,0.54,0.29,0.24,0.57,0.5,0.52,0.54,0.53,0.52,0.52,0.54,Japan J League,2025,1.17,1.22,5.11,5.21,4.26,5.42,10.16,12.58,92.89,111.0,45.63,49.32,48.95,51.05,0.5,0.5,6.63,8.32,3.53,4.16,1.79,2.42,9.26,7.89,6.53,8.0,13.42,9.11,3.0,2.26,1.32,1.11,0.29,0.3,0.45,0.51,0.53,0.53,0.51,0.5,0.54,0.51,0.52,0.3,0.3,0.46,0.55,0.52,0.53,0.52,0.51,0.54,0.52,0.53
Yokohama,0.72,1.11,4.05,5.21,5.05,4.32,10.32,10.58,90.16,103.26,48.95,39.05,42.74,57.26,0.0,1.0,6.37,6.37,3.89,4.11,1.44,1.0,7.84,9.32,7.26,6.32,11.47,10.74,1.79,1.63,1.76,1.12,0.35,0.32,0.36,0.46,0.58,0.51,0.52,0.5,0.54,0.49,0.55,0.36,0.33,0.38,0.59,0.48,0.52,0.52,0.51,0.55,0.5,0.56,Japan J League,2025,1.56,0.88,4.95,3.37,5.11,3.89,13.68,8.42,113.79,89.47,55.47,35.37,60.95,39.05,1.0,0.25,8.47,5.32,5.11,3.0,0.94,1.76,7.68,8.42,7.68,5.89,11.42,10.11,1.84,2.53,1.06,1.06,0.48,0.3,0.25,0.46,0.58,0.52,0.51,0.51,0.52,0.51,0.53,0.49,0.3,0.26,0.6,0.48,0.52,0.53,0.52,0.53,0.52,0.54
Yokohama F. Marinos,1.56,1.31,4.53,5.53,4.47,5.26,11.26,12.95,86.22,95.67,41.61,46.44,48.95,51.05,0.6,0.4,6.47,8.47,4.74,4.58,1.28,2.56,8.47,7.74,7.17,9.39,11.32,12.74,3.58,2.42,1.74,1.63,0.36,0.28,0.39,0.58,0.46,0.54,0.49,0.52,0.52,0.52,0.52,0.38,0.29,0.4,0.48,0.59,0.54,0.5,0.54,0.51,0.52,0.53,Japan J League,2025,1.37,1.11,6.16,3.68,4.74,4.63,12.63,10.0,97.63,86.26,50.58,41.0,52.21,47.79,0.5,0.5,7.79,6.11,4.95,3.68,2.39,1.94,6.53,7.53,8.89,6.95,12.68,12.0,2.0,3.05,1.12,2.18,0.5,0.26,0.27,0.56,0.48,0.54,0.49,0.53,0.51,0.51,0.52,0.51,0.27,0.28,0.49,0.58,0.56,0.5,0.54,0.52,0.52,0.53
Al Ahli,2.56,0.75,5.69,3.69,5.75,3.31,14.62,8.75,88.06,79.94,51.12,36.56,50.94,49.06,1.17,0.5,10.81,5.12,3.75,3.62,2.87,1.47,5.94,8.94,9.81,5.0,13.88,10.56,2.19,3.38,2.0,1.94,0.68,0.19,0.19,0.57,0.49,,,0.54,0.51,0.5,0.55,0.68,0.22,0.2,0.52,0.56,,,0.55,0.51,0.55,0.5,Saudi Arabia Liga Profissional,2025,0.92,1.67,3.64,5.07,3.71,4.79,7.93,11.5,68.31,86.15,32.38,48.69,51.36,48.64,0.67,0.67,5.71,7.86,2.21,3.64,2.21,3.14,9.29,7.0,5.07,8.21,11.07,14.71,3.0,1.14,2.07,3.14,0.26,0.23,0.57,0.59,0.47,,,,,0.55,0.51,0.28,0.25,0.58,0.48,0.59,,,,,0.51,0.54
Al Akhdoud,1.0,2.33,4.5,5.17,3.67,6.33,9.67,14.33,60.09,85.55,28.18,40.91,45.17,54.83,0.0,1.0,5.58,9.42,4.17,4.92,1.33,1.83,9.67,6.83,6.25,9.75,8.08,10.67,2.92,2.5,2.91,1.73,0.28,0.26,0.5,0.53,0.52,0.54,0.5,0.53,0.52,0.5,0.55,0.3,0.28,0.52,0.55,0.54,0.52,0.54,0.53,0.52,0.53,0.53,Saudi Arabia Liga Profissional,2025,2.2,0.4,8.18,3.09,6.73,2.09,16.36,6.64,109.55,58.55,65.09,25.45,62.18,37.82,0.67,0.33,11.0,3.36,5.36,3.27,1.73,1.91,3.82,9.64,11.36,4.27,12.64,10.82,2.09,4.82,1.64,2.36,0.72,0.19,0.15,0.52,0.54,,,0.54,0.51,0.52,0.52,0.72,0.21,0.16,0.57,0.52,,,0.53,0.52,0.53,0.53
Al Ettifaq,1.69,1.77,3.62,5.75,4.19,6.56,10.25,15.56,68.31,85.5,31.69,49.06,47.31,52.69,0.4,0.6,6.62,10.0,3.69,5.56,2.31,3.0,9.75,6.0,6.69,10.44,10.94,9.88,4.19,2.69,2.53,1.93,0.38,0.25,0.43,0.6,0.45,,,0.53,0.52,0.52,0.52,0.4,0.26,0.44,0.48,0.6,,,0.54,0.52,0.52,0.53,Saudi Arabia Liga Profissional,2025,1.38,1.46,5.23,4.77,5.92,3.38,12.92,10.77,77.75,70.92,46.58,39.33,47.77,52.23,0.6,0.6,8.54,6.77,4.38,4.0,2.77,1.77,5.92,9.46,8.69,6.92,12.08,11.0,3.38,2.85,1.54,2.15,0.5,0.24,0.32,0.57,0.48,0.55,0.5,0.52,0.52,0.51,0.53,0.5,0.26,0.33,0.49,0.59,,,0.49,0.57,0.52,0.54
Al Fateh,1.47,1.6,5.6,5.6,5.8,5.2,14.0,13.93,80.6,88.2,46.0,50.4,49.4,50.6,0.6,0.6,8.67,9.67,5.33,4.33,1.73,2.67,7.6,8.53,9.47,9.87,12.53,14.8,3.53,3.47,2.4,2.33,0.37,0.24,0.45,0.62,0.43,,,,,0.55,0.5,0.38,0.26,0.46,0.44,0.63,,,,,0.52,0.55,Saudi Arabia Liga Profissional,2025,1.79,0.93,6.0,4.53,6.27,4.47,14.6,10.4,86.53,68.47,54.8,38.47,57.27,42.73,0.83,0.5,10.13,6.6,4.47,3.8,1.93,2.67,9.2,9.6,9.33,7.33,10.4,11.67,3.27,4.0,1.73,2.13,0.56,0.22,0.28,0.62,0.43,,,,,0.54,0.5,0.56,0.24,0.3,0.45,0.63,,,,,0.51,0.55
Al Hazm,1.23,2.15,4.57,5.29,6.0,4.71,12.79,12.5,88.29,87.71,45.93,44.64,48.93,51.07,0.67,0.44,7.0,9.0,5.79,3.5,2.36,2.36,7.43,8.57,9.14,8.29,11.86,10.5,2.93,2.86,3.14,1.79,0.29,0.24,0.52,0.57,0.49,0.57,0.5,0.54,0.51,0.52,0.53,0.32,0.26,0.53,0.52,0.57,,,0.51,0.55,0.52,0.53,Saudi Arabia Liga Profissional,2025,1.43,1.14,5.67,4.13,4.8,3.87,11.53,10.67,80.79,70.86,42.29,36.43,55.27,44.73,0.4,0.8,8.33,5.73,3.2,4.93,3.15,2.15,6.33,7.73,9.07,7.8,11.27,12.8,3.27,3.47,2.0,2.6,0.58,0.23,0.24,0.56,0.49,,,0.53,0.52,0.52,0.53,0.59,0.26,0.25,0.49,0.59,,,0.52,0.54,0.52,0.53
Al Hilal,2.64,0.71,6.47,3.33,5.93,3.4,15.93,7.13,98.33,67.53,62.0,30.2,60.53,39.47,1.2,0.2,10.73,4.2,5.2,2.93,2.64,1.43,6.13,11.27,10.6,4.6,9.53,8.53,1.2,4.13,1.21,2.14,0.81,0.14,0.11,0.58,0.48,,,,,,,0.8,0.16,0.12,0.5,0.59,,,,,,,Saudi Arabia Liga Profissional,2025,0.86,2.64,4.0,6.86,3.79,5.36,10.21,16.14,73.71,96.21,34.86,55.07,41.71,58.29,0.2,0.8,5.79,11.0,4.36,5.14,0.93,1.86,9.0,6.64,5.93,10.36,9.93,10.86,4.71,2.43,2.0,2.0,0.17,0.17,0.71,0.59,0.47,,,,,,,0.18,0.2,0.72,0.48,0.6,,,,,,
Al Ittihad,1.43,1.14,7.13,3.0,5.6,4.4,14.33,11.33,102.5,71.57,61.79,33.29,61.4,38.6,0.0,1.0,9.73,7.93,4.6,3.4,2.0,2.0,6.13,8.73,9.2,8.13,12.13,10.73,3.27,4.2,1.33,2.07,0.64,0.2,0.22,0.6,0.46,,,,,0.54,0.51,0.65,0.22,0.23,0.47,0.61,,,,,0.53,0.52,Saudi Arabia Liga Profissional,2025,1.67,2.07,4.13,6.53,4.4,4.6,11.33,13.2,64.87,84.33,33.53,51.2,42.2,57.8,0.43,0.71,6.8,8.73,4.53,4.47,2.53,1.4,7.6,6.8,7.53,8.53,9.6,11.93,3.13,2.67,1.8,1.87,0.3,0.23,0.53,0.62,0.44,,,,,0.55,0.5,0.31,0.25,0.54,0.45,0.62,,,,,0.52,0.53
Al Khaleej,1.92,1.77,4.79,4.93,5.14,4.43,11.5,13.14,70.29,74.79,39.14,40.36,52.86,47.14,0.33,0.67,8.64,6.71,2.86,6.43,1.86,1.36,6.93,8.21,7.0,8.29,10.14,11.64,4.07,2.14,1.86,2.21,0.43,0.24,0.38,0.6,0.45,,,0.53,0.52,0.54,0.5,0.45,0.26,0.39,0.47,0.6,,,0.53,0.53,0.55,0.5,Saudi Arabia Liga Profissional,2025,1.88,1.62,4.75,4.75,5.31,5.12,13.75,11.94,86.69,71.88,43.56,37.38,49.88,50.12,0.4,0.8,8.5,7.75,5.25,4.12,1.4,2.33,7.88,9.12,8.94,8.69,11.38,12.0,2.69,3.56,1.94,2.38,0.45,0.24,0.36,0.61,0.45,,,0.52,0.52,0.53,0.52,0.47,0.26,0.37,0.47,0.61,,,0.52,0.54,0.51,0.55
Al Kholood,1.21,2.07,3.93,5.8,3.2,4.6,8.8,13.6,72.47,87.4,34.47,48.33,45.13,54.87,0.29,0.71,5.27,8.73,3.53,4.87,1.57,1.07,8.67,6.27,5.8,9.2,10.93,13.0,3.67,1.93,1.53,2.33,0.31,0.25,0.5,0.59,0.47,,,0.54,0.5,0.53,0.52,0.33,0.26,0.51,0.49,0.59,,,0.53,0.52,0.54,0.52,Saudi Arabia Liga Profissional,2025,2.08,1.31,5.0,3.87,6.33,4.07,15.13,10.07,87.6,83.73,46.13,40.53,51.53,48.47,0.62,0.5,8.8,6.8,6.4,3.27,1.27,2.4,6.07,9.4,9.93,7.13,11.6,9.4,2.2,3.2,1.8,1.87,0.55,0.24,0.26,0.58,0.48,,,0.53,0.52,0.52,0.53,0.56,0.25,0.28,0.5,0.58,,,0.52,0.54,0.52,0.53
Al Najma,1.25,1.83,4.58,7.42,3.5,5.83,9.67,15.67,71.09,108.0,36.09,59.27,44.33,55.67,0.0,1.0,6.0,9.83,3.67,5.83,2.42,2.5,8.67,5.58,5.75,9.58,8.83,12.5,3.58,2.25,1.25,2.25,0.23,0.23,0.59,0.58,0.48,,,0.54,0.5,0.52,0.53,0.24,0.25,0.61,0.51,0.58,,,0.52,0.54,0.52,0.53,Saudi Arabia Liga Profissional,2025,2.77,0.77,7.31,3.19,6.31,3.62,16.69,8.38,85.5,70.12,52.75,32.25,55.25,44.75,0.6,0.4,11.38,4.81,5.31,3.56,1.38,2.19,5.75,9.94,10.81,5.94,11.75,9.56,2.31,3.56,1.87,2.27,0.67,0.2,0.18,0.56,0.5,,,0.55,0.49,0.53,0.52,0.68,0.22,0.19,0.52,0.57,,,0.51,0.55,0.53,0.53
Al Nassr,2.64,0.64,7.93,2.86,6.71,2.43,18.36,6.5,104.71,64.57,60.64,26.43,57.93,42.07,0.8,0.2,12.14,4.29,6.21,2.21,2.86,3.86,4.57,10.86,13.29,5.29,13.14,11.07,1.93,4.71,2.29,2.36,0.79,0.14,0.12,0.57,0.49,,,,,,,0.79,0.17,0.13,0.48,0.61,,,,,,,Saudi Arabia Liga Profissional,2025,1.0,2.47,3.4,6.6,3.2,6.93,7.93,18.07,60.4,97.2,27.0,62.67,41.67,58.33,0.4,0.8,5.47,12.67,2.47,5.4,4.43,3.29,11.33,5.93,5.87,11.8,10.67,10.87,3.73,1.87,1.8,1.73,0.16,0.16,0.73,0.61,0.45,,,,,,,0.18,0.19,0.72,0.45,0.63,,,,,,
Al Okhdoud,1.25,1.5,3.75,6.75,4.0,4.5,11.5,14.0,82.75,98.25,41.75,48.75,42.0,58.0,1.0,0.0,5.75,11.0,5.75,3.0,2.5,2.5,9.0,7.0,6.75,8.5,11.75,13.5,4.75,2.5,1.75,2.0,0.2,0.2,0.66,,,,,,,,,0.2,0.22,0.68,0.47,0.61,,,,,,,Saudi Arabia Liga Profissional,2025,4.0,0.0,5.0,5.5,6.0,1.0,16.0,4.0,101.0,80.0,63.5,25.0,63.0,37.0,,,11.0,2.0,5.0,2.0,3.0,0.0,2.0,9.0,9.5,3.5,8.5,12.0,2.5,3.5,1.0,3.0,0.7,0.2,0.16,,,,,,,0.55,0.5,0.71,0.23,0.16,0.55,0.54,,,,,0.55,0.5
Al Riyadh,1.07,1.47,5.27,5.33,5.07,4.73,11.2,13.07,75.46,85.23,38.23,52.38,40.6,59.4,0.6,0.6,7.67,8.87,3.53,4.2,1.64,1.71,7.87,8.4,7.73,9.07,12.93,9.8,3.27,2.2,2.47,2.13,0.29,0.25,0.52,0.56,0.49,,,0.55,0.51,0.52,0.52,0.3,0.27,0.53,0.51,0.58,,,0.54,0.52,0.54,0.52,Saudi Arabia Liga Profissional,2025,2.47,1.0,7.33,5.0,5.33,5.13,14.33,13.27,75.2,69.47,47.8,38.93,57.8,42.2,1.0,0.5,9.93,8.13,4.4,5.13,2.6,1.53,7.2,7.33,9.93,8.29,10.87,12.2,3.87,3.07,2.2,1.53,0.61,0.22,0.22,0.54,0.52,0.56,0.48,0.5,0.55,0.53,0.52,0.62,0.24,0.24,0.53,0.56,0.5,0.55,0.52,0.53,0.55,0.51
Al Shabab,1.57,2.14,6.0,5.2,5.53,3.87,14.53,10.2,75.31,63.31,46.23,35.54,51.07,48.93,0.7,0.7,9.07,7.13,5.47,3.0,2.14,1.57,7.27,9.33,9.8,7.73,11.33,11.93,2.27,4.0,1.93,1.87,0.48,0.24,0.34,0.58,0.48,,,0.54,0.52,0.53,0.51,0.49,0.26,0.34,0.48,0.6,,,0.51,0.55,0.52,0.53,Saudi Arabia Liga Profissional,2025,1.46,1.0,5.47,4.67,4.73,4.53,11.2,11.6,89.53,76.53,49.2,40.87,54.4,45.6,0.83,0.33,7.67,7.6,3.53,4.0,1.93,1.53,7.33,8.07,7.0,6.87,11.67,10.93,2.93,2.4,2.4,2.2,0.46,0.25,0.34,0.59,0.46,,,0.55,0.5,0.52,0.52,0.47,0.27,0.36,0.47,0.61,,,0.52,0.54,0.52,0.54
Al Taawoun,1.73,1.33,6.13,3.13,5.8,4.13,13.67,11.0,81.4,67.73,45.0,35.47,56.8,43.2,0.5,0.5,9.53,6.27,4.13,4.73,1.67,1.33,6.4,8.87,9.0,6.47,9.8,11.93,2.33,2.53,1.87,2.33,0.46,0.26,0.34,0.57,0.49,0.56,0.5,0.55,0.5,0.53,0.51,0.47,0.27,0.36,0.5,0.58,0.56,0.5,0.55,0.51,0.52,0.53,Saudi Arabia Liga Profissional,2025,1.29,1.93,6.71,2.21,5.93,3.64,14.79,10.07,91.21,73.5,56.43,34.21,52.07,47.93,0.75,0.75,9.29,6.29,5.5,3.79,1.71,1.21,5.64,9.43,9.79,7.71,12.64,11.07,2.64,3.64,2.29,2.64,0.45,0.26,0.35,0.57,0.48,,,0.55,0.49,0.52,0.53,0.46,0.28,0.36,0.5,0.58,0.54,0.51,0.54,0.52,0.53,0.53
Al-Fayha,1.67,1.25,4.29,5.36,5.29,4.5,10.57,11.71,75.43,89.57,31.93,49.43,45.86,54.14,0.5,0.5,7.43,7.0,3.14,4.71,2.14,1.64,7.93,7.36,7.36,7.86,9.93,10.29,3.36,2.29,1.29,1.71,0.4,0.27,0.38,0.53,0.53,0.54,0.51,0.51,0.54,0.51,0.53,0.41,0.29,0.4,0.54,0.54,0.54,0.52,0.52,0.54,0.52,0.54,Saudi Arabia Liga Profissional,2025,2.0,1.0,6.06,4.88,5.25,4.88,13.0,10.81,79.0,64.33,39.93,31.47,54.88,45.12,1.0,0.0,7.88,6.5,5.19,4.31,1.53,2.47,6.94,9.12,7.94,6.62,9.62,10.12,2.06,2.56,2.13,1.6,0.51,0.26,0.28,0.53,0.53,,,0.54,0.51,0.51,0.54,0.52,0.28,0.3,0.55,0.54,,,0.53,0.53,0.52,0.53
Al-Qadsiah,2.5,0.86,8.53,3.4,5.07,3.33,14.0,8.8,96.33,66.87,61.07,30.93,60.47,39.53,0.6,0.4,10.73,5.53,3.27,3.27,2.27,3.2,5.13,9.53,9.2,5.93,12.6,9.93,2.2,2.73,1.67,2.4,0.64,0.2,0.21,0.6,0.45,,,,,0.55,0.49,0.65,0.22,0.22,0.48,0.59,,,,,0.5,0.55,Saudi Arabia Liga Profissional,2025,1.21,2.29,3.71,6.43,5.14,5.71,11.5,14.57,76.07,112.14,36.0,61.07,39.14,60.86,1.0,0.33,7.0,10.29,4.5,4.36,3.21,2.5,10.21,7.57,7.71,9.93,10.64,10.36,2.86,2.64,2.36,1.86,0.26,0.22,0.57,0.6,0.46,,,0.54,0.51,0.52,0.52,0.28,0.24,0.58,0.49,0.59,,,0.54,0.52,0.54,0.52
Damac FC,1.25,1.33,4.71,5.93,5.07,5.21,11.14,11.86,79.36,84.36,40.71,50.64,46.79,53.21,0.0,1.5,6.36,7.07,4.79,4.79,2.38,2.54,9.71,8.79,6.86,7.0,10.0,10.57,2.5,2.29,1.79,2.14,0.32,0.25,0.49,0.55,0.51,0.56,0.49,0.53,0.51,0.5,0.55,0.33,0.27,0.5,0.54,0.55,0.5,0.56,0.52,0.54,0.51,0.55,Saudi Arabia Liga Profissional,2025,2.0,0.8,7.13,3.47,5.27,4.13,12.93,9.8,95.62,78.46,52.46,36.77,53.8,46.2,0.6,0.4,9.27,5.8,3.67,4.0,2.4,1.6,5.53,8.87,9.33,5.73,12.07,10.73,2.0,3.27,1.47,2.2,0.6,0.24,0.21,0.53,0.52,0.55,0.51,0.53,0.52,0.52,0.53,0.62,0.26,0.22,0.56,0.52,0.54,0.52,0.54,0.52,0.54,0.52
NEOM SC,1.2,1.4,4.67,4.13,5.0,5.4,12.2,12.8,68.2,60.67,34.0,38.27,51.2,48.8,0.57,0.57,7.07,7.87,5.13,4.93,2.07,1.33,8.07,7.4,8.79,9.07,12.53,12.87,3.47,3.4,2.0,2.6,0.47,0.23,0.35,0.57,0.48,,,0.56,0.49,0.53,0.51,0.48,0.25,0.36,0.5,0.59,,,0.5,0.56,0.53,0.53,Saudi Arabia Liga Profissional,2025,1.64,1.5,4.93,4.8,4.2,5.33,11.67,13.73,79.0,80.43,40.07,38.36,47.73,52.27,0.5,0.5,7.8,8.4,3.87,5.33,1.43,1.36,8.6,8.07,8.13,8.93,13.6,10.67,3.2,2.93,2.33,1.8,0.43,0.24,0.38,0.58,0.48,,,0.53,0.52,0.52,0.52,0.44,0.26,0.4,0.5,0.58,,,0.51,0.54,0.53,0.53
Aldosivi,1.38,1.92,4.75,4.06,5.25,4.62,13.94,11.38,91.69,94.0,53.62,49.81,46.94,53.06,0.5,0.75,8.0,6.94,6.12,4.31,1.53,1.67,7.38,8.81,10.12,7.5,13.94,11.06,2.5,4.19,2.81,2.56,0.32,0.33,0.38,0.43,0.61,0.5,0.54,0.5,0.54,0.51,0.52,0.33,0.33,0.4,0.63,0.45,0.51,0.54,0.51,0.54,0.52,0.52,Argentina Liga Profissional de Futebol,2025,1.31,0.81,4.44,3.88,5.12,5.5,12.38,11.62,98.44,88.75,57.0,44.31,56.25,43.75,0.5,0.5,8.12,5.5,4.38,6.06,1.38,1.5,8.06,8.88,9.44,8.31,12.12,13.19,2.62,3.25,1.87,3.13,0.55,0.3,0.19,0.42,0.61,0.52,0.52,0.5,0.53,0.49,0.56,0.55,0.3,0.2,0.63,0.44,0.52,0.53,0.51,0.54,0.52,0.52
Argentinos Juniors,2.13,0.53,5.06,2.78,6.11,4.11,14.56,8.5,109.78,84.61,65.28,41.11,64.17,35.83,1.0,0.0,8.67,4.61,6.11,3.72,2.12,1.41,6.76,9.82,9.78,5.33,10.78,14.33,1.56,2.61,1.83,3.33,0.56,0.3,0.18,0.41,0.63,0.52,0.52,0.5,0.54,0.5,0.55,0.58,0.29,0.19,0.66,0.42,0.53,0.52,0.51,0.54,0.5,0.55,Argentina Liga Profissional de Futebol,2025,1.13,1.07,3.67,5.61,3.83,4.94,9.33,12.56,83.61,101.89,38.94,53.22,39.33,60.67,0.75,0.5,5.72,7.67,3.61,5.28,1.53,1.82,8.18,7.0,6.83,8.5,12.22,11.17,3.22,2.61,3.35,2.47,0.3,0.33,0.4,0.42,0.62,0.5,0.54,0.48,0.56,,,0.31,0.33,0.41,0.64,0.44,0.51,0.54,0.48,0.56,,
Atlético Tucumán,1.73,1.0,5.12,4.5,4.94,4.62,12.38,11.31,84.19,91.25,49.38,48.81,48.62,51.38,0.33,0.67,7.94,6.31,4.62,5.06,2.69,1.06,8.2,8.8,8.44,7.12,13.69,11.0,2.69,2.69,2.94,2.44,0.43,0.32,0.28,0.45,0.59,0.51,0.52,0.5,0.54,,,0.44,0.32,0.29,0.61,0.46,0.51,0.54,0.5,0.55,,,Argentina Liga Profissional de Futebol,2025,1.75,0.5,4.25,3.62,5.88,4.75,14.31,10.81,105.0,96.88,54.81,45.69,52.81,47.19,1.0,0.0,8.88,6.44,5.56,4.62,1.93,2.07,7.69,8.56,9.81,8.0,10.44,12.56,2.69,3.5,2.07,2.8,0.48,0.31,0.24,0.43,0.61,0.5,0.53,0.51,0.53,0.52,0.51,0.5,0.31,0.25,0.63,0.45,0.51,0.54,0.53,0.53,0.52,0.52
Banfield,1.42,1.33,5.19,3.5,4.88,3.88,12.75,10.75,92.94,96.38,50.88,46.31,42.88,57.12,0.25,0.75,6.88,5.88,5.94,4.75,1.5,1.5,6.5,8.19,7.94,7.44,13.38,13.56,2.94,3.06,2.81,2.94,0.36,0.34,0.32,0.42,0.62,0.5,0.54,0.5,0.55,0.49,0.56,0.38,0.34,0.34,0.64,0.44,0.5,0.55,0.51,0.54,,,Argentina Liga Profissional de Futebol,2025,1.5,0.75,3.69,3.56,5.06,5.75,13.19,11.62,101.06,92.62,51.75,48.88,54.81,45.19,0.8,0.2,8.25,6.25,5.12,5.31,1.69,1.15,8.56,8.94,8.5,8.06,12.88,14.38,2.5,2.88,1.87,2.87,0.49,0.32,0.23,0.41,0.63,0.5,0.53,0.5,0.53,0.49,0.54,0.5,0.32,0.24,0.65,0.43,0.51,0.54,0.5,0.54,0.49,0.56
Barracas Central,1.29,1.35,2.94,4.0,3.59,4.94,9.71,11.88,84.18,96.59,45.71,56.88,42.41,57.59,1.5,0.0,5.53,5.88,4.53,6.06,1.12,3.0,9.65,5.65,7.06,8.65,11.35,13.29,3.29,2.71,2.59,2.59,0.32,0.34,0.38,0.41,0.63,0.5,0.54,0.5,0.54,,,0.32,0.34,0.39,0.64,0.43,0.5,0.55,0.5,0.54,,,Argentina Liga Profissional de Futebol,2025,1.13,1.2,5.56,2.89,5.17,3.94,12.94,9.0,107.67,88.39,60.0,40.06,61.06,38.94,0.0,1.0,6.94,4.5,5.89,4.56,4.0,1.17,5.75,10.88,9.06,6.39,11.5,12.39,1.83,3.5,3.0,2.83,0.53,0.31,0.2,0.4,0.64,0.5,0.53,0.49,0.54,0.5,0.55,0.53,0.31,0.21,0.65,0.42,0.52,0.53,0.51,0.54,0.5,0.55
Belgrano,1.15,1.23,5.38,4.69,6.12,4.94,13.06,10.56,96.69,84.94,53.5,48.5,53.88,46.12,0.33,0.67,7.44,5.81,5.44,4.88,1.4,1.87,6.88,9.06,8.19,7.19,11.94,11.69,2.31,2.81,3.38,2.5,0.45,0.32,0.27,0.45,0.59,0.52,0.51,0.49,0.54,,,0.45,0.32,0.28,0.61,0.46,0.52,0.53,0.5,0.55,0.51,0.53,Argentina Liga Profissional de Futebol,2025,1.64,1.0,5.12,3.81,6.19,3.62,13.88,8.94,95.69,90.5,61.0,47.5,53.81,46.19,0.4,0.8,7.88,4.69,6.06,4.25,1.56,2.06,6.07,8.67,9.06,6.0,10.56,14.62,1.88,2.94,2.27,2.67,0.45,0.32,0.27,0.46,0.58,0.52,0.52,0.49,0.54,0.53,0.5,0.46,0.32,0.28,0.6,0.47,0.53,0.52,0.5,0.54,0.55,0.5
Boca Juniors,1.74,0.53,5.52,3.52,4.52,4.9,12.38,10.52,96.9,93.43,56.19,45.57,56.14,43.86,0.5,0.5,8.29,5.48,4.19,5.43,1.88,1.41,7.95,8.45,8.14,6.86,10.43,13.19,2.33,2.86,2.38,3.1,0.54,0.3,0.2,0.43,0.62,0.51,0.52,0.49,0.54,0.48,0.55,0.55,0.3,0.21,0.63,0.44,0.53,0.53,0.51,0.54,0.5,0.56,Argentina Liga Profissional de Futebol,2025,1.0,1.47,4.81,4.06,5.12,4.31,11.44,10.06,97.81,94.06,56.25,53.38,43.75,56.25,0.67,1.33,6.88,5.69,4.44,4.38,1.44,1.44,6.73,7.53,8.38,7.06,13.75,11.44,2.0,3.06,3.12,2.69,0.33,0.33,0.38,0.44,0.6,0.51,0.53,0.5,0.54,,,0.34,0.33,0.39,0.62,0.46,0.51,0.53,0.5,0.54,,
Central Cordoba SdE,1.44,0.94,5.33,2.83,6.17,4.67,13.72,9.5,93.72,93.89,50.5,43.44,52.06,47.94,1.0,0.33,8.44,5.61,5.83,4.11,1.75,1.62,7.18,8.88,9.78,6.83,9.11,10.67,2.06,3.39,1.53,3.18,0.41,0.33,0.29,0.44,0.6,0.5,0.53,0.5,0.54,,,0.42,0.33,0.3,0.62,0.45,0.5,0.55,0.51,0.54,,,Argentina Liga Profissional de Futebol,2025,1.54,1.31,5.62,3.62,6.62,3.94,15.06,8.75,97.31,92.38,58.25,50.94,50.0,50.0,0.33,0.67,9.31,5.06,5.88,3.56,2.18,1.82,7.0,9.75,9.88,6.0,11.06,11.31,1.62,3.25,2.38,2.25,0.46,0.32,0.25,0.44,0.6,0.51,0.52,0.47,0.56,0.51,0.52,0.48,0.32,0.26,0.62,0.45,0.53,0.52,0.49,0.56,0.51,0.53
Defensa y Justicia,1.13,1.13,4.19,4.5,4.88,4.75,12.62,10.94,107.56,85.31,63.62,50.06,58.44,41.56,0.6,0.6,7.62,7.12,4.94,3.94,2.19,2.31,8.06,8.94,9.31,7.44,9.44,10.81,2.12,3.75,1.93,1.87,0.43,0.32,0.3,0.47,0.57,0.52,0.51,0.5,0.54,0.5,0.55,0.44,0.32,0.3,0.59,0.48,0.53,0.52,0.51,0.54,0.49,0.56,Argentina Liga Profissional de Futebol,2025,1.6,1.0,5.5,4.06,5.81,4.62,14.12,10.81,95.19,94.56,53.12,48.88,47.75,52.25,0.0,1.0,9.62,5.75,4.5,5.12,2.56,1.88,7.38,7.94,9.56,7.25,10.75,10.44,2.56,3.88,2.0,2.38,0.43,0.32,0.29,0.47,0.57,0.53,0.51,0.5,0.54,0.49,0.54,0.44,0.31,0.3,0.59,0.48,0.52,0.53,0.51,0.54,0.5,0.55
Deportivo Riestra,1.33,0.42,3.53,5.41,3.94,5.65,10.0,11.71,95.12,113.94,50.65,64.24,35.06,64.94,1.0,0.0,6.71,6.35,3.24,5.18,2.07,1.5,8.5,5.0,5.65,6.53,15.53,11.71,2.47,2.18,2.76,2.76,0.36,0.35,0.32,0.39,0.65,0.5,0.53,0.48,0.55,,,0.37,0.35,0.33,0.66,0.41,0.51,0.54,0.5,0.55,,,Argentina Liga Profissional de Futebol,2025,1.2,1.2,7.65,2.41,6.94,2.94,15.47,7.06,115.76,81.88,73.82,38.0,70.53,29.47,0.8,0.4,8.24,4.47,7.41,2.47,2.19,1.12,5.18,10.41,10.12,4.82,9.47,15.06,1.59,3.82,1.94,3.35,0.51,0.32,0.21,0.39,0.65,0.5,0.53,0.49,0.55,,,0.51,0.33,0.22,0.67,0.4,0.51,0.54,0.5,0.55,,
Estudiantes,1.47,0.93,5.69,3.56,6.12,4.12,14.25,9.06,106.69,80.62,57.56,43.12,59.19,40.81,0.67,1.0,8.81,4.19,5.5,4.88,2.08,1.54,6.0,10.19,10.0,6.12,12.88,12.25,1.81,3.62,2.69,3.19,0.5,0.31,0.23,0.44,0.6,0.52,0.52,0.49,0.54,,,0.51,0.31,0.24,0.62,0.45,0.53,0.52,0.5,0.55,,,Argentina Liga Profissional de Futebol,2025,1.3,0.85,5.05,3.48,6.24,4.81,13.24,10.9,94.71,93.71,56.05,44.62,48.76,51.24,1.0,0.0,7.67,6.14,6.05,4.76,1.17,1.11,8.05,10.05,9.67,7.24,11.76,14.52,2.67,3.19,2.81,3.67,0.35,0.33,0.35,0.43,0.61,0.49,0.54,0.49,0.54,0.49,0.56,0.37,0.33,0.35,0.62,0.45,0.52,0.53,0.5,0.55,,
Gimnasia La Plata,0.88,1.19,5.18,4.71,5.53,4.41,11.76,11.65,94.94,94.0,59.59,53.12,48.41,51.59,0.5,0.5,7.0,6.88,4.65,4.82,1.38,1.38,6.5,9.06,8.12,7.94,13.29,12.18,2.94,2.71,3.35,3.18,0.36,0.33,0.34,0.42,0.62,0.49,0.55,0.5,0.54,,,0.37,0.34,0.35,0.64,0.43,0.5,0.55,0.5,0.54,,,Argentina Liga Profissional de Futebol,2025,1.06,0.81,6.5,3.44,6.39,4.11,14.39,8.33,110.78,87.06,69.39,45.0,56.72,43.28,0.86,0.29,9.39,5.28,5.44,3.28,0.93,2.0,7.76,9.29,9.22,6.67,10.28,12.61,1.61,3.39,1.94,2.5,0.5,0.32,0.22,0.41,0.63,0.5,0.53,0.48,0.56,0.5,0.53,0.5,0.32,0.23,0.65,0.42,0.52,0.53,0.49,0.56,0.52,0.53
Godoy Cruz,0.78,1.33,4.88,3.56,6.62,3.38,13.12,8.75,92.06,80.94,55.0,47.75,52.19,47.81,0.0,1.0,6.56,5.0,6.44,3.69,1.62,2.62,7.56,9.69,8.0,5.69,13.31,12.31,2.12,2.5,3.0,2.81,0.37,0.33,0.33,0.41,0.63,0.49,0.54,0.49,0.55,,,0.37,0.34,0.35,0.65,0.42,0.51,0.54,0.5,0.55,,,Argentina Liga Profissional de Futebol,2025,1.92,0.92,4.56,4.5,5.88,4.94,13.06,10.75,95.62,98.56,53.5,51.31,48.94,51.06,0.75,0.25,8.25,5.25,4.5,5.44,1.53,1.67,7.6,7.4,8.81,7.38,12.44,13.38,2.31,3.12,1.81,2.94,0.49,0.32,0.22,0.4,0.64,0.51,0.52,0.48,0.55,,,0.5,0.32,0.23,0.66,0.41,0.51,0.54,0.49,0.56,0.53,0.53
Huracán,1.06,1.0,4.94,3.22,6.17,4.67,13.28,9.5,107.72,88.11,54.83,40.11,57.28,42.72,0.67,0.5,7.94,4.67,4.94,4.83,2.35,0.76,7.0,11.65,9.5,6.67,11.0,17.56,2.06,3.17,2.24,4.18,0.44,0.34,0.25,0.38,0.66,0.49,0.55,0.48,0.56,,,0.45,0.34,0.27,0.68,0.4,0.5,0.55,0.49,0.55,,,Argentina Liga Profissional de Futebol,2025,1.0,1.14,4.72,3.67,4.83,4.83,11.28,10.56,100.72,88.11,57.28,45.72,55.78,44.22,1.5,0.5,6.33,5.94,4.89,4.56,1.28,1.56,7.94,8.06,7.22,7.0,14.33,14.0,2.5,2.56,3.06,3.17,0.41,0.35,0.28,0.4,0.64,0.5,0.54,,,,,0.42,0.34,0.29,0.66,0.41,0.5,0.54,0.52,0.52,,
Independiente,1.73,0.53,5.0,3.44,5.67,3.61,13.44,8.11,117.94,81.67,63.5,40.28,60.39,39.61,1.0,0.25,8.22,5.17,5.56,2.94,1.78,2.67,5.78,9.11,9.0,5.83,10.06,16.33,2.22,3.0,2.28,2.83,0.53,0.3,0.2,0.4,0.64,0.51,0.52,0.49,0.55,,,0.54,0.31,0.21,0.66,0.42,0.52,0.53,0.51,0.54,,,Argentina Liga Profissional de Futebol,2025,1.21,0.93,4.76,4.18,4.71,3.71,10.12,9.71,84.12,87.59,49.24,45.47,43.24,56.76,0.8,0.6,7.35,5.94,2.88,3.71,2.24,1.94,6.94,7.69,6.82,5.88,14.71,12.06,2.59,2.53,3.12,3.35,0.36,0.34,0.34,0.42,0.62,0.5,0.53,0.49,0.55,,,0.36,0.34,0.35,0.64,0.44,0.51,0.54,0.49,0.56,,
Independiente Rivadavia,1.45,1.64,4.5,5.44,5.5,6.62,12.5,16.0,93.62,92.81,53.88,51.62,47.56,52.44,0.75,0.25,7.44,8.38,5.0,7.69,2.38,1.06,9.0,8.73,9.06,9.75,10.25,10.38,3.06,2.75,2.56,2.44,0.4,0.33,0.3,0.43,0.61,0.49,0.54,0.48,0.55,,,0.41,0.33,0.31,0.63,0.44,0.51,0.54,0.49,0.56,0.52,0.52,Argentina Liga Profissional de Futebol,2025,1.07,1.13,4.94,3.88,5.41,3.76,13.0,8.71,100.94,84.06,61.71,44.88,56.59,43.41,0.71,0.29,7.24,5.18,5.35,3.59,0.65,3.18,7.0,8.59,8.06,6.35,12.41,14.06,2.24,3.18,2.65,3.06,0.49,0.32,0.23,0.43,0.61,0.51,0.53,0.51,0.53,0.49,0.54,0.49,0.32,0.25,0.63,0.44,0.51,0.55,0.5,0.55,0.5,0.56
Instituto,1.31,1.15,5.94,3.0,6.56,3.88,14.38,9.0,95.38,87.56,58.25,41.38,50.25,49.75,0.75,0.5,8.81,5.88,5.69,2.94,2.13,1.2,6.38,9.5,9.62,5.62,12.12,13.88,2.0,2.88,2.44,3.81,0.39,0.34,0.31,0.41,0.63,0.49,0.55,,,,,0.4,0.34,0.32,0.64,0.43,0.5,0.55,,,,,Argentina Liga Profissional de Futebol,2025,1.79,0.64,5.12,3.82,6.88,4.12,15.71,10.18,93.12,88.41,55.06,44.94,53.06,46.94,0.5,0.5,8.76,5.12,7.12,4.94,1.12,1.69,6.69,9.19,10.24,6.65,15.29,13.0,2.29,2.82,2.76,3.18,0.46,0.33,0.25,0.41,0.63,0.5,0.54,0.48,0.56,0.49,0.54,0.46,0.33,0.26,0.66,0.41,0.5,0.55,0.5,0.56,0.5,0.54
Lanús,1.4,0.73,3.76,4.29,5.0,5.0,13.53,11.35,97.82,102.76,48.06,46.82,50.65,49.35,0.67,0.33,9.06,5.53,4.47,5.71,1.5,1.31,7.19,6.81,8.94,7.47,12.59,13.0,2.71,3.82,1.71,2.41,0.48,0.32,0.23,0.41,0.63,0.5,0.54,0.5,0.54,,,0.49,0.33,0.24,0.65,0.42,0.51,0.54,0.5,0.54,,,Argentina Liga Profissional de Futebol,2025,1.08,0.92,5.35,4.41,5.76,5.41,13.76,11.59,103.29,96.53,58.47,49.76,49.0,51.0,0.75,0.25,7.71,6.82,6.41,4.82,1.5,1.38,8.06,9.35,9.65,8.06,11.88,11.18,2.94,3.12,3.0,2.18,0.39,0.34,0.3,0.41,0.63,0.5,0.54,0.5,0.52,,,0.4,0.34,0.31,0.65,0.42,0.51,0.54,0.52,0.53,,
Newell's Old Boys,0.93,0.93,5.31,4.88,5.12,5.0,12.81,11.44,94.69,96.62,57.88,55.38,45.75,54.25,0.33,0.67,8.0,5.81,5.06,5.62,2.06,0.88,7.62,7.88,7.62,8.5,11.81,13.5,2.88,3.19,2.67,1.8,0.37,0.33,0.34,0.45,0.6,0.5,0.53,0.49,0.55,,,0.38,0.33,0.35,0.62,0.46,0.51,0.54,0.51,0.55,,,Argentina Liga Profissional de Futebol,2025,1.67,0.8,6.19,3.69,6.44,3.94,17.0,9.44,100.38,80.25,63.38,44.31,60.44,39.56,0.33,0.67,9.0,5.62,8.06,3.62,1.36,1.71,6.87,10.73,11.5,6.25,12.19,12.75,2.31,5.0,2.44,3.12,0.5,0.31,0.23,0.44,0.6,0.51,0.52,0.51,0.52,0.49,0.54,0.51,0.31,0.23,0.62,0.46,0.53,0.52,0.52,0.53,0.5,0.55
Platense,1.17,1.33,5.0,3.19,6.62,2.94,12.75,7.81,93.56,86.69,55.12,39.81,49.81,50.19,,,7.5,5.25,5.31,2.69,1.07,2.8,4.81,9.44,8.2,5.8,11.25,13.12,2.25,2.81,1.88,2.88,0.38,0.35,0.3,0.37,0.67,0.48,0.56,,,,,0.4,0.35,0.31,0.69,0.38,0.5,0.54,,,,,Argentina Liga Profissional de Futebol,2025,1.11,0.74,4.55,3.15,4.5,5.65,12.15,11.05,99.6,89.65,56.6,45.55,58.0,42.0,1.0,0.33,8.05,6.4,4.05,4.55,2.25,1.25,7.95,8.2,8.0,7.42,11.6,13.35,2.4,2.95,2.5,3.4,0.44,0.34,0.25,0.38,0.66,0.51,0.53,0.48,0.56,,,0.45,0.34,0.26,0.69,0.38,0.53,0.52,0.49,0.57,,
Racing Club,1.56,0.94,6.45,3.55,6.65,5.1,14.55,11.7,109.3,88.25,62.65,41.2,57.55,42.45,0.25,0.75,9.2,6.85,5.25,4.65,2.0,1.85,7.5,11.06,9.63,7.42,12.95,10.95,2.9,2.7,2.84,2.95,0.51,0.3,0.23,0.48,0.56,0.52,0.51,0.5,0.53,0.5,0.53,0.51,0.3,0.24,0.59,0.49,0.53,0.52,0.52,0.53,0.51,0.54,Argentina Liga Profissional de Futebol,2025,1.06,1.38,5.12,3.88,7.18,4.65,15.24,11.41,87.35,93.82,53.53,49.76,48.12,51.88,0.0,1.0,9.47,7.18,5.94,4.06,2.0,1.76,7.76,10.94,9.88,7.47,9.12,14.76,2.76,3.35,2.12,3.56,0.36,0.32,0.36,0.48,0.56,0.53,0.51,0.51,0.53,0.5,0.54,0.37,0.32,0.37,0.58,0.5,0.52,0.52,0.51,0.54,0.5,0.54
River Plate,1.65,0.88,5.89,3.06,7.33,3.67,18.0,8.22,107.22,75.5,60.17,32.28,65.67,34.33,0.6,0.4,11.0,4.61,6.94,3.5,2.22,2.17,6.06,9.89,11.5,6.06,13.39,14.0,2.0,4.78,2.78,3.06,0.66,0.25,0.13,0.41,0.63,0.53,0.5,0.51,0.53,0.49,0.54,0.66,0.26,0.14,0.65,0.42,0.54,0.51,0.52,0.53,0.51,0.54,Argentina Liga Profissional de Futebol,2025,1.08,1.58,5.06,3.82,5.24,4.65,11.71,11.88,87.88,95.35,43.65,47.94,39.94,60.06,1.0,0.0,6.53,5.65,5.06,6.24,2.65,1.0,7.5,7.69,7.18,8.18,12.76,12.29,2.76,3.35,2.41,3.35,0.26,0.31,0.46,0.44,0.6,0.51,0.52,0.5,0.54,,,0.27,0.31,0.47,0.61,0.46,0.52,0.53,0.51,0.54,,
Rosario Central,1.41,0.65,5.74,3.68,5.11,4.37,12.42,9.26,97.21,84.79,55.16,41.42,57.21,42.79,0.8,0.2,7.84,5.05,4.58,4.37,1.39,1.33,7.47,9.24,9.79,6.32,10.47,14.53,1.89,3.58,2.33,4.44,0.5,0.32,0.21,0.4,0.64,0.49,0.55,0.48,0.57,,,0.51,0.32,0.22,0.67,0.4,0.51,0.54,0.5,0.55,,,Argentina Liga Profissional de Futebol,2025,0.7,1.7,5.75,3.94,6.19,3.44,13.62,9.19,88.88,74.38,59.12,46.94,49.25,50.75,0.0,1.0,7.69,5.69,6.06,3.38,1.13,2.27,8.12,10.75,8.6,6.2,12.5,11.88,2.5,2.62,3.38,2.88,0.38,0.33,0.32,0.41,0.63,0.5,0.54,0.5,0.53,,,0.39,0.33,0.33,0.65,0.42,0.5,0.55,0.51,0.53,0.5,0.54
San Lorenzo,1.13,0.73,4.44,4.61,5.5,4.06,11.83,9.33,93.61,84.22,55.72,52.17,48.72,51.28,1.33,0.0,7.22,5.72,4.67,3.61,1.06,1.41,7.89,7.72,8.67,6.56,11.78,15.89,2.39,3.0,3.06,3.56,0.41,0.36,0.27,0.37,0.68,0.5,0.54,,,,,0.42,0.35,0.29,0.7,0.37,0.5,0.54,0.49,0.56,,,Argentina Liga Profissional de Futebol,2025,1.15,1.08,3.94,4.06,4.33,4.11,8.83,9.11,92.94,93.89,49.78,45.28,53.11,46.89,0.33,0.67,5.78,5.11,3.22,3.94,1.56,1.56,6.35,7.35,6.06,5.5,13.72,13.61,2.06,1.61,3.22,3.0,0.41,0.35,0.27,0.37,0.67,0.48,0.56,,,,,0.42,0.35,0.28,0.69,0.38,0.5,0.56,,,,
San Martín San Juan,0.79,1.21,5.38,4.06,6.25,4.38,12.56,10.12,91.06,93.56,56.88,51.62,47.06,52.94,0.67,0.33,7.44,6.06,5.25,4.12,1.75,2.25,9.5,9.06,8.25,7.88,12.31,13.19,2.25,2.75,2.5,3.06,0.34,0.35,0.35,0.4,0.64,0.5,0.54,0.48,0.55,,,0.35,0.34,0.36,0.66,0.41,0.5,0.54,0.48,0.56,,,Argentina Liga Profissional de Futebol,2025,1.55,0.64,5.94,4.19,5.88,4.56,12.88,8.75,97.94,86.88,56.06,46.44,58.0,42.0,1.0,0.5,8.44,5.69,4.56,3.25,1.56,1.69,7.4,9.4,9.38,6.5,13.38,14.06,2.19,3.12,2.62,2.75,0.54,0.31,0.19,0.38,0.66,0.49,0.55,0.5,0.54,0.48,0.55,0.54,0.32,0.2,0.68,0.4,0.49,0.56,0.5,0.55,0.5,0.56
Sarmiento,1.08,1.23,5.44,5.31,5.25,4.38,12.81,11.94,97.56,98.5,57.62,54.69,46.88,53.12,1.5,0.5,6.94,6.5,5.56,5.0,2.0,0.62,7.73,8.73,8.25,8.75,13.94,12.69,3.94,3.0,3.0,2.12,0.31,0.34,0.38,0.41,0.63,0.51,0.54,0.51,0.52,,,0.32,0.35,0.39,0.65,0.43,0.51,0.54,0.52,0.52,,,Argentina Liga Profissional de Futebol,2025,1.36,0.71,5.62,3.06,6.31,3.0,14.94,7.19,98.75,80.31,60.38,43.75,55.69,44.31,0.67,0.67,9.44,4.06,5.5,3.12,1.31,2.0,6.5,9.31,10.06,4.88,11.62,15.25,1.5,3.5,2.44,3.75,0.56,0.3,0.18,0.39,0.65,0.5,0.53,0.5,0.54,0.49,0.56,0.56,0.31,0.19,0.67,0.4,0.51,0.53,0.51,0.54,0.5,0.56
Talleres Córdoba,0.83,1.25,5.81,3.5,7.69,4.0,15.38,8.81,96.94,83.31,51.75,38.69,58.56,41.44,1.0,0.0,8.38,4.5,7.0,4.31,1.8,2.2,6.62,10.12,11.44,6.44,11.31,12.25,1.75,3.75,2.12,3.0,0.49,0.31,0.23,0.44,0.6,0.51,0.52,0.49,0.54,,,0.51,0.32,0.24,0.63,0.44,0.52,0.53,0.5,0.55,,,Argentina Liga Profissional de Futebol,2025,1.17,0.83,3.94,4.82,4.82,5.76,11.82,13.71,93.35,86.35,50.12,45.24,45.94,54.06,0.5,0.5,7.0,6.71,4.35,6.29,3.19,1.94,6.94,7.75,7.41,9.06,9.59,12.82,3.88,3.41,2.12,3.24,0.37,0.33,0.34,0.43,0.61,0.5,0.54,0.51,0.53,0.48,0.55,0.38,0.32,0.35,0.63,0.44,0.52,0.53,0.53,0.52,0.5,0.54
Tigre,1.21,0.79,3.88,3.81,4.88,3.38,12.12,8.38,85.69,93.75,45.81,46.56,45.19,54.81,0.75,0.25,8.06,4.94,4.12,3.38,1.31,1.85,5.44,8.81,7.94,5.75,12.94,14.69,2.19,3.19,2.44,2.94,0.39,0.34,0.31,0.41,0.62,0.5,0.53,0.48,0.55,,,0.41,0.34,0.31,0.64,0.43,0.51,0.54,0.49,0.55,,,Argentina Liga Profissional de Futebol,2025,1.07,1.13,4.89,3.89,5.95,4.95,13.16,11.53,109.37,92.63,57.16,47.37,54.26,45.74,0.6,0.4,7.58,5.89,5.58,5.79,1.63,1.11,7.89,8.89,8.79,7.37,10.42,12.63,2.47,2.68,2.47,2.68,0.45,0.33,0.26,0.42,0.62,0.5,0.54,0.49,0.55,,,0.46,0.33,0.27,0.64,0.43,0.51,0.54,0.52,0.53,,
Unión Santa Fe,1.07,0.86,6.29,2.71,6.76,3.94,15.12,8.65,102.29,85.41,68.82,44.0,54.88,45.12,0.33,0.67,8.76,4.94,6.41,3.53,1.5,1.38,7.0,10.25,9.35,6.0,11.76,12.47,1.71,4.0,2.24,2.71,0.44,0.33,0.27,0.43,0.61,0.5,0.53,0.48,0.55,,,0.45,0.33,0.28,0.62,0.45,0.52,0.53,0.49,0.55,,,Argentina Liga Profissional de Futebol,2025,1.46,1.23,5.69,4.62,5.38,5.5,14.38,12.56,99.81,85.12,54.19,45.31,52.25,47.75,1.0,0.0,8.75,6.56,5.56,6.0,2.33,1.75,7.38,9.0,10.12,8.38,10.69,11.56,2.75,3.25,1.75,2.0,0.41,0.33,0.29,0.43,0.61,0.5,0.54,0.49,0.55,,,0.42,0.33,0.3,0.64,0.44,0.5,0.55,0.52,0.54,,
Vélez Sarsfield,0.93,1.07,5.76,3.0,4.65,5.24,12.0,10.29,103.71,85.24,63.59,39.35,57.18,42.82,0.6,0.8,7.06,5.0,5.24,5.24,1.82,1.59,7.44,8.56,7.71,7.29,11.35,14.18,2.06,2.94,2.71,3.82,0.46,0.33,0.25,0.41,0.63,0.5,0.54,0.48,0.55,,,0.47,0.33,0.26,0.66,0.42,0.51,0.54,0.48,0.56,,,Argentina Liga Profissional de Futebol,2025,1.62,1.0,4.94,4.0,5.62,2.75,12.88,7.56,100.56,89.75,55.25,42.44,49.44,50.56,1.0,0.0,8.06,3.88,5.06,3.75,1.62,2.12,5.5,9.06,8.81,5.25,14.12,15.0,1.81,3.25,2.81,3.5,0.4,0.34,0.3,0.4,0.64,0.5,0.53,0.51,0.52,,,0.4,0.34,0.31,0.66,0.42,0.5,0.55,0.51,0.53,,
Anderlecht,1.8,1.47,6.22,3.56,6.11,4.89,16.39,10.78,110.78,87.17,58.56,40.94,55.61,44.39,0.5,0.5,9.83,8.11,6.56,2.67,1.94,1.41,7.61,9.44,10.67,7.39,13.0,11.56,1.94,4.06,2.0,3.11,0.49,0.26,0.29,0.59,0.45,,,0.55,0.49,0.52,0.51,0.5,0.27,0.31,0.48,0.59,,,0.55,0.51,0.54,0.51,Belgium Liga Pro,2025-2026,1.71,1.12,5.65,5.18,6.18,5.06,15.94,12.71,100.53,92.59,55.41,50.88,48.0,52.0,0.8,0.4,11.24,7.94,4.71,4.76,1.12,1.56,7.53,8.82,9.88,7.76,9.76,15.18,2.82,3.53,2.24,3.18,0.39,0.28,0.36,0.58,0.46,,,0.53,0.5,0.51,0.52,0.42,0.29,0.38,0.48,0.59,,,0.53,0.53,0.53,0.53
Antwerp,1.28,1.44,5.06,4.33,5.17,3.89,13.17,12.17,101.33,92.89,45.89,38.78,51.44,48.56,0.71,0.57,8.22,8.61,4.94,3.56,3.44,1.22,6.83,8.17,8.83,7.11,13.0,12.06,2.94,3.22,2.11,2.44,0.4,0.29,0.35,0.57,0.47,,,0.51,0.52,0.52,0.51,0.42,0.3,0.36,0.5,0.57,,,0.54,0.52,0.54,0.52,Belgium Liga Pro,2025-2026,1.25,1.0,4.39,4.56,5.56,4.44,14.61,11.17,100.83,97.22,52.06,40.39,50.06,49.94,0.2,0.8,9.72,6.83,4.83,4.22,1.94,2.44,7.28,8.17,8.71,7.59,11.89,13.06,3.18,3.35,1.67,2.11,0.48,0.28,0.27,0.57,0.47,0.56,0.47,0.53,0.5,0.52,0.52,0.49,0.29,0.29,0.5,0.57,,,0.54,0.52,0.53,0.53
Cercle Brugge,1.53,2.06,5.22,5.39,6.22,5.33,15.33,13.67,107.28,83.67,52.94,40.89,50.44,49.56,0.75,0.38,11.06,8.89,4.22,4.78,2.44,1.44,6.18,9.18,10.33,9.72,9.11,12.89,3.33,3.83,1.17,1.83,0.46,0.27,0.31,0.6,0.44,,,,,0.52,0.51,0.47,0.28,0.33,0.47,0.6,,,,,0.53,0.53,Belgium Liga Pro,2025-2026,1.53,1.73,6.06,4.65,4.82,4.88,14.0,12.76,104.41,95.76,54.24,47.41,55.71,44.29,0.6,0.8,9.82,9.29,4.18,3.41,1.62,3.44,8.53,7.35,8.29,7.71,11.41,12.12,3.06,3.41,1.59,2.47,0.44,0.27,0.33,0.6,0.44,0.55,0.48,0.55,0.48,0.52,0.52,0.45,0.29,0.34,0.46,0.61,,,0.52,0.54,0.53,0.53
Club Brugge,2.44,1.17,7.11,3.72,6.56,4.39,18.78,10.61,108.78,72.22,60.56,37.44,63.39,36.61,0.0,1.0,13.78,7.17,5.0,3.39,1.41,1.76,5.72,8.78,11.59,6.82,8.94,10.61,2.44,3.67,0.94,2.06,0.7,0.19,0.15,0.57,0.47,,,,,0.52,0.51,0.7,0.21,0.16,0.49,0.58,,,,,0.53,0.53,Belgium Liga Pro,2025-2026,1.11,1.74,5.21,5.53,5.95,5.16,13.89,14.47,80.47,96.95,45.05,52.16,42.74,57.26,0.4,0.6,8.47,9.89,5.37,4.63,1.16,1.26,8.0,8.21,9.26,9.84,11.0,10.63,3.26,3.11,2.61,2.0,0.25,0.24,0.55,0.62,0.42,,,,,0.51,0.52,0.26,0.25,0.56,0.45,0.63,,,,,0.53,0.53
Dender,1.0,2.07,3.65,4.94,4.71,6.18,11.0,14.41,91.29,99.41,47.24,59.94,50.35,49.65,0.4,0.8,8.06,9.94,3.0,4.35,2.19,1.69,10.12,7.76,6.47,9.59,11.29,10.53,3.5,2.69,2.07,1.2,0.32,0.28,0.44,0.57,0.47,,,0.51,0.53,0.51,0.52,0.33,0.29,0.45,0.5,0.58,,,0.52,0.53,0.52,0.53,Belgium Liga Pro,2025-2026,1.69,0.94,6.28,3.72,6.61,3.83,16.28,10.5,108.56,85.89,58.17,40.28,54.0,46.0,0.5,0.67,10.94,7.44,5.28,3.06,2.72,2.17,6.11,9.67,10.39,7.5,10.67,11.0,3.22,3.44,1.44,2.5,0.56,0.26,0.22,0.56,0.48,0.55,0.48,0.54,0.49,0.51,0.52,0.57,0.27,0.24,0.51,0.56,0.51,0.55,0.53,0.53,0.52,0.54
Genk,1.53,1.12,6.94,3.72,7.5,3.89,17.94,10.06,121.83,81.89,58.5,42.17,58.94,41.06,0.5,0.5,10.72,6.94,7.28,3.11,1.94,1.65,6.72,9.44,11.83,6.89,10.78,12.06,2.67,4.44,1.33,2.22,0.56,0.25,0.23,0.59,0.45,,,,,0.52,0.51,0.57,0.26,0.25,0.46,0.61,,,,,0.53,0.53,Belgium Liga Pro,2025-2026,1.72,1.61,4.74,4.16,5.53,5.0,15.0,13.47,79.95,99.42,45.05,44.79,42.84,57.16,0.5,0.5,10.0,9.11,4.89,4.32,2.16,1.74,7.16,7.68,9.47,8.58,11.21,10.42,3.68,3.37,2.16,1.68,0.34,0.27,0.43,0.6,0.44,,,0.55,0.48,0.52,0.51,0.35,0.28,0.44,0.46,0.61,,,0.56,0.5,0.53,0.53
Gent,1.71,1.18,4.89,5.11,6.56,4.06,15.06,11.22,103.56,94.17,53.44,48.0,53.17,46.83,0.75,0.5,9.67,7.39,5.39,3.83,1.82,0.88,7.17,9.0,9.5,7.28,10.5,11.56,3.11,2.44,1.67,1.94,0.41,0.27,0.35,0.6,0.44,,,0.55,0.48,0.52,0.52,0.42,0.28,0.37,0.46,0.61,,,0.56,0.5,0.53,0.53,Belgium Liga Pro,2025-2026,1.82,1.41,6.05,4.21,5.89,4.05,15.05,10.95,101.26,83.26,52.74,39.0,53.21,46.79,0.17,0.83,9.89,7.84,5.16,3.11,1.53,1.65,7.58,9.79,10.61,8.11,10.63,9.74,3.0,3.47,1.61,1.78,0.48,0.27,0.29,0.61,0.43,,,0.52,0.51,0.52,0.51,0.5,0.28,0.3,0.47,0.6,,,0.53,0.52,0.54,0.52
La Louvière,1.33,1.5,6.12,3.47,5.59,4.47,12.06,11.53,96.25,92.69,50.38,43.81,42.47,57.53,0.17,0.83,8.94,7.47,3.06,4.06,1.53,2.33,7.06,10.35,8.24,7.24,10.82,11.71,3.41,2.88,1.69,1.88,0.36,0.29,0.39,0.55,0.49,0.54,0.49,0.53,0.5,0.52,0.52,0.38,0.3,0.4,0.51,0.56,0.53,0.52,0.52,0.54,0.52,0.54,Belgium Liga Pro,2025-2026,2.07,1.29,5.29,4.12,5.29,4.65,13.76,9.47,114.41,83.35,53.71,38.12,64.59,35.41,0.75,0.25,9.88,6.41,3.82,3.12,2.71,2.0,8.44,8.62,8.94,5.94,12.47,11.65,1.53,3.53,1.41,2.06,0.53,0.28,0.23,0.53,0.51,,,0.52,0.51,0.51,0.52,0.55,0.29,0.25,0.53,0.54,,,0.54,0.52,0.53,0.52
Mechelen,1.18,1.29,4.61,5.72,4.22,5.17,10.72,14.72,84.33,103.33,46.61,52.83,48.78,51.22,0.4,0.8,7.44,10.28,3.33,4.44,1.5,1.11,9.06,6.61,6.56,9.61,10.22,13.0,4.28,2.5,2.17,2.61,0.35,0.28,0.4,0.6,0.44,,,0.54,0.5,0.52,0.51,0.37,0.29,0.42,0.48,0.6,,,0.54,0.51,0.52,0.54,Belgium Liga Pro,2025-2026,1.56,1.22,6.06,4.78,6.06,3.5,14.5,8.94,102.17,85.33,50.33,42.83,50.72,49.28,1.0,0.0,9.5,6.33,5.0,2.61,1.0,1.33,5.5,8.17,10.65,5.76,10.78,10.0,2.39,3.72,1.28,2.28,0.56,0.24,0.23,0.61,0.43,,,0.55,0.49,0.51,0.52,0.57,0.26,0.25,0.48,0.6,,,0.5,0.56,0.53,0.52
OH Leuven,1.22,1.39,5.26,5.84,6.32,4.05,14.47,10.89,86.05,90.32,44.58,45.26,47.47,52.53,0.4,0.8,10.37,7.68,4.05,3.21,2.63,2.32,7.47,9.42,9.0,7.58,14.26,11.47,2.58,3.42,2.67,2.44,0.38,0.29,0.36,0.57,0.47,0.55,0.48,0.53,0.5,0.51,0.53,0.4,0.3,0.38,0.5,0.58,0.56,0.5,0.52,0.53,0.53,0.52,Belgium Liga Pro,2025-2026,1.67,1.07,6.0,4.06,6.47,4.18,15.76,11.41,97.18,78.53,57.18,42.0,54.82,45.18,1.25,0.25,10.82,7.41,4.94,4.0,3.12,1.82,6.53,9.71,10.35,6.24,10.35,15.06,2.71,4.0,1.82,3.24,0.5,0.28,0.25,0.55,0.49,0.54,0.5,0.53,0.51,0.52,0.52,0.52,0.29,0.27,0.51,0.56,0.52,0.54,0.54,0.52,0.52,0.53
Sint-Truiden,1.5,1.28,5.67,4.39,6.17,4.44,15.22,12.11,105.33,95.72,60.28,40.0,56.0,44.0,0.57,0.43,9.94,8.17,5.17,4.0,2.18,1.88,6.11,9.83,10.72,7.56,10.06,11.17,2.5,3.28,1.82,2.24,0.43,0.27,0.33,0.61,0.43,,,0.54,0.49,0.52,0.51,0.45,0.28,0.34,0.46,0.62,,,0.56,0.5,0.55,0.51,Belgium Liga Pro,2025-2026,1.12,1.5,4.94,5.41,5.18,5.0,13.18,12.53,95.47,92.06,48.65,48.47,47.06,52.94,0.0,1.25,8.12,8.18,5.06,4.35,1.35,1.71,7.59,8.88,8.12,8.06,10.59,11.47,2.53,3.06,2.06,1.47,0.47,0.26,0.3,0.6,0.44,,,0.55,0.48,0.53,0.51,0.49,0.27,0.32,0.47,0.61,,,0.54,0.52,0.53,0.53
Sporting Charleroi,1.39,1.39,5.63,5.16,4.63,4.53,13.53,11.89,93.42,91.21,50.47,47.53,50.37,49.63,0.43,0.86,8.32,8.0,5.21,3.84,2.47,1.35,7.53,7.68,9.0,7.11,11.05,11.74,2.74,3.37,2.16,1.53,0.45,0.29,0.3,0.57,0.47,,,0.53,0.5,0.51,0.52,0.47,0.29,0.32,0.49,0.58,0.5,0.56,0.54,0.52,0.53,0.52,Belgium Liga Pro,2025-2026,1.22,1.17,4.89,5.17,5.44,4.94,12.5,11.78,101.0,91.11,49.11,46.67,52.17,47.83,0.86,0.29,7.89,8.22,4.72,3.56,1.28,1.89,8.06,7.61,7.33,7.39,9.72,11.5,2.78,2.33,1.67,2.06,0.44,0.28,0.32,0.57,0.47,,,0.53,0.5,0.52,0.51,0.45,0.29,0.34,0.49,0.58,,,0.54,0.52,0.54,0.52
Standard Liège,1.13,1.47,5.0,4.94,3.94,6.67,10.83,15.61,88.17,103.94,48.28,50.44,45.11,54.89,0.75,0.25,7.61,10.0,3.22,5.44,2.61,1.61,8.89,7.28,7.12,9.0,10.39,12.61,3.33,2.78,2.28,2.33,0.35,0.29,0.39,0.54,0.5,0.55,0.48,0.53,0.51,0.51,0.53,0.37,0.3,0.41,0.52,0.55,0.5,0.56,0.54,0.52,0.53,0.53,Belgium Liga Pro,2025-2026,1.11,1.17,6.72,3.11,5.61,3.44,15.11,8.83,113.0,80.5,54.78,36.44,55.72,44.28,0.0,1.0,10.11,5.94,5.06,2.89,2.33,1.8,5.94,9.83,9.72,6.28,11.72,10.06,2.06,4.0,1.65,1.88,0.52,0.28,0.24,0.53,0.5,0.54,0.5,0.51,0.52,0.51,0.52,0.53,0.29,0.26,0.53,0.54,0.53,0.52,0.52,0.53,0.53,0.53
Union Saint-Gilloise,2.12,0.29,5.72,3.0,5.33,3.17,14.83,6.72,96.89,87.89,53.06,37.11,49.94,50.06,0.67,0.33,10.56,4.33,4.33,2.39,2.65,1.47,5.33,8.17,10.06,4.29,11.22,9.22,1.44,3.72,1.78,2.44,0.67,0.22,0.15,0.51,0.52,,,0.54,0.5,0.52,0.51,0.68,0.24,0.16,0.55,0.53,,,0.56,0.5,0.53,0.52,Belgium Liga Pro,2025-2026,1.25,1.44,4.42,5.37,4.05,6.11,10.16,14.0,95.26,105.95,46.79,49.79,47.74,52.26,1.0,1.0,6.79,10.37,3.47,3.53,2.33,2.44,9.11,6.74,6.79,9.68,9.26,12.68,3.26,2.32,2.0,3.24,0.24,0.27,0.53,0.54,0.49,,,0.52,0.51,0.51,0.52,0.26,0.28,0.54,0.52,0.55,,,0.54,0.52,0.53,0.52
Westerlo,1.44,1.5,5.83,4.44,6.83,3.5,14.89,10.17,96.33,85.78,54.89,42.0,50.39,49.61,1.0,0.25,10.44,6.89,4.44,3.28,1.06,4.56,7.28,9.44,9.22,7.72,10.28,13.06,2.56,3.22,1.61,2.22,0.42,0.27,0.35,0.65,0.39,,,,,0.54,0.5,0.43,0.28,0.38,0.42,0.65,,,,,0.54,0.52,Belgium Liga Pro,2025-2026,1.65,1.41,5.95,4.58,5.89,5.58,14.16,13.79,95.61,92.0,53.61,44.5,52.42,47.58,0.0,1.33,10.37,9.26,3.74,4.53,4.68,0.95,8.47,9.05,10.21,8.84,11.89,11.89,3.63,2.95,1.79,1.74,0.48,0.27,0.29,0.63,0.41,,,0.54,0.49,0.52,0.51,0.5,0.27,0.31,0.45,0.63,,,0.56,0.5,0.54,0.52
Zulte-Waregem,1.47,1.06,4.71,5.24,3.94,4.88,13.0,11.94,95.53,95.47,44.47,44.94,47.59,52.41,0.67,1.0,7.65,8.06,5.29,3.94,1.88,2.5,9.0,6.71,8.18,7.29,9.94,12.59,3.12,3.06,1.24,2.41,0.39,0.28,0.37,0.6,0.44,,,0.54,0.5,0.52,0.52,0.41,0.28,0.39,0.47,0.61,,,0.54,0.52,0.54,0.52,Belgium Liga Pro,2025-2026,1.93,1.67,5.18,4.47,5.41,3.35,13.88,11.06,100.12,95.24,55.35,47.76,51.94,48.06,0.6,0.6,9.47,6.88,4.41,4.12,2.44,1.06,6.0,9.12,8.82,6.29,11.82,11.94,2.41,3.24,1.71,1.53,0.52,0.26,0.26,0.6,0.44,,,,,0.53,0.51,0.53,0.27,0.28,0.48,0.6,,,,,0.54,0.52
Akhmat Grozny,1.36,0.93,5.07,5.07,5.64,4.14,13.86,11.86,91.29,90.07,46.5,43.57,46.29,53.71,2.0,0.0,8.71,7.29,5.29,4.43,1.93,1.21,6.14,8.07,9.36,7.43,10.93,16.0,2.64,2.71,1.86,2.29,0.41,0.28,0.35,0.56,0.48,0.55,0.48,0.52,0.51,0.51,0.52,,,,,,,,,,,,Russia Premier League,2025-2026,1.71,1.07,3.87,3.67,4.73,3.8,12.2,9.87,94.93,84.0,48.6,36.6,55.2,44.8,0.0,1.5,8.14,6.36,4.71,4.0,2.07,1.47,6.8,7.47,8.93,6.79,14.93,14.4,1.79,2.57,2.2,1.73,0.45,0.27,0.31,0.54,0.5,0.5,0.53,0.5,0.53,0.52,0.51,,,,,,,,,,,
Akron,1.14,1.71,4.0,4.64,4.79,5.86,11.86,14.71,98.14,91.86,50.21,47.14,47.0,53.0,1.6,0.8,7.5,9.29,4.29,5.36,1.86,2.0,7.57,8.43,9.29,10.43,14.21,13.43,3.0,3.57,1.5,1.64,0.32,0.26,0.45,0.59,0.45,,,0.5,0.53,0.52,0.52,,,,,,,,,,,,Russia Premier League,2025-2026,1.86,1.29,4.57,3.57,5.64,4.29,16.36,10.43,93.0,82.86,51.71,41.36,58.64,41.36,0.5,1.33,10.43,7.43,5.5,2.93,2.5,2.5,7.79,7.86,11.07,6.5,12.79,13.29,1.92,4.69,2.08,2.46,0.59,0.24,0.21,0.55,0.49,0.55,0.49,0.53,0.5,0.52,0.51,,,,,,,,,,,
Baltika,2.0,1.0,3.0,4.4,5.0,3.4,11.6,9.6,84.6,101.6,41.8,47.0,42.6,57.4,2.5,0.0,6.6,4.8,4.8,4.4,2.6,1.6,7.0,7.0,8.6,6.8,21.4,10.8,3.0,2.4,2.8,2.4,0.45,0.29,0.29,0.47,0.57,0.52,0.5,0.51,0.52,0.5,0.54,,,,,,,,,,,,Russia Premier League,2025-2026,0.43,1.71,4.75,3.38,4.88,5.88,11.38,13.12,97.5,92.75,42.0,42.62,52.5,47.5,0.5,1.0,6.75,7.62,3.5,5.25,1.25,2.5,8.62,7.38,7.88,9.75,11.88,20.0,3.38,2.62,2.38,3.5,0.41,0.29,0.34,0.5,0.54,0.51,0.53,0.49,0.54,0.53,0.51,,,,,,,,,,,
Baltika Kaliningrad,1.4,0.7,3.9,3.6,5.8,3.6,14.0,8.8,91.1,84.5,52.8,39.5,49.1,50.9,2.0,0.0,8.4,4.7,5.6,4.1,2.22,1.56,5.9,7.8,8.6,6.2,18.1,11.9,2.0,3.0,2.7,2.7,0.48,0.29,0.27,0.44,0.6,0.53,0.51,0.5,0.53,0.51,0.52,,,,,,,,,,,,Russia Premier League,2025-2026,1.5,1.25,4.6,2.8,5.4,4.2,13.8,10.4,97.8,84.4,53.4,38.2,54.0,46.0,1.0,0.33,9.8,6.0,4.0,4.4,1.2,1.8,6.4,8.4,11.2,7.2,12.2,19.0,2.4,3.6,2.0,3.0,0.4,0.3,0.34,0.48,0.55,0.52,0.52,0.53,0.5,0.5,0.53,,,,,,,,,,,
CSKA Moskva,1.93,1.13,5.47,5.87,4.8,5.13,14.0,12.73,103.2,81.33,51.53,41.8,57.73,42.27,1.6,0.4,8.87,8.73,5.07,4.0,1.57,1.64,8.07,9.13,10.07,8.87,11.07,15.47,2.73,2.93,1.47,2.47,0.53,0.25,0.26,0.55,0.49,,,0.52,0.51,0.51,0.52,,,,,,,,,,,,Russia Premier League,2025-2026,1.25,1.25,5.53,5.2,6.4,5.47,14.87,13.47,83.47,96.8,44.07,48.47,45.07,54.93,1.33,1.33,9.53,7.73,5.27,5.6,1.31,1.92,7.73,9.47,11.0,9.29,14.6,12.2,2.93,3.33,2.53,2.2,0.35,0.28,0.4,0.55,0.49,0.56,0.48,0.51,0.52,0.52,0.52,,,,,,,,,,,
Dinamo Moskva,1.93,1.53,5.0,4.2,5.33,3.47,15.13,9.87,97.87,83.6,50.33,40.2,55.87,44.13,1.33,1.0,8.47,7.47,5.8,2.4,1.47,3.2,5.93,7.13,10.53,6.27,12.4,15.0,1.93,3.47,1.53,2.27,0.55,0.24,0.24,0.58,0.47,,,0.55,0.48,0.52,0.52,,,,,,,,,,,,Russia Premier League,2025-2026,1.21,1.57,5.2,5.67,4.4,6.0,12.07,14.93,93.2,92.33,45.93,47.67,46.87,53.13,1.33,1.33,8.33,8.6,3.6,6.4,2.93,1.47,7.53,6.07,7.4,9.4,14.13,13.2,2.53,2.47,2.4,2.4,0.34,0.26,0.43,0.6,0.44,,,0.55,0.48,0.53,0.5,,,,,,,,,,,
Dynamo Makhachkala,0.83,0.92,4.64,3.79,4.64,4.64,10.43,10.57,96.93,91.43,47.14,43.43,46.36,53.64,1.0,0.75,6.14,6.64,3.93,4.0,2.36,1.57,7.93,7.79,7.0,6.71,14.21,17.43,2.23,2.08,2.07,2.57,0.33,0.31,0.4,0.48,0.56,0.52,0.51,0.51,0.53,0.51,0.53,,,,,,,,,,,,Russia Premier League,2025-2026,1.85,0.46,5.07,4.21,3.93,3.64,11.21,8.93,95.93,102.64,46.93,45.5,54.5,45.5,1.17,0.5,7.21,5.21,3.86,3.43,2.5,1.64,7.07,7.79,8.07,6.14,15.21,13.5,2.07,2.21,1.79,2.0,0.52,0.28,0.24,0.44,0.6,0.51,0.52,0.5,0.53,0.51,0.52,,,,,,,,,,,
FK Nizjni Novgorod,1.23,1.46,4.6,5.07,4.4,5.4,12.13,12.0,86.4,102.6,42.53,48.33,44.73,55.27,0.4,1.8,7.33,8.2,4.67,3.8,2.07,1.47,7.6,6.4,8.0,8.0,15.67,13.47,2.27,3.2,2.6,1.8,0.28,0.28,0.48,0.51,0.53,0.53,0.5,0.5,0.54,0.51,0.52,,,,,,,,,,,,Russia Premier League,2025-2026,2.07,0.64,6.79,4.29,6.07,4.29,15.21,10.93,95.64,77.21,50.64,35.14,58.36,41.64,0.75,0.88,9.93,6.29,4.79,4.43,1.71,1.71,6.5,8.86,10.14,6.21,12.71,16.5,2.5,3.14,2.07,2.21,0.62,0.24,0.18,0.51,0.54,0.52,0.5,0.53,0.51,0.51,0.52,,,,,,,,,,,
Krasnodar,2.43,0.86,6.14,2.86,6.79,3.43,18.5,8.71,90.5,71.71,49.71,33.29,61.36,38.64,0.5,1.0,12.14,4.86,6.29,3.86,1.92,1.23,6.43,8.86,11.14,5.43,12.93,15.29,1.71,3.07,2.57,2.93,0.65,0.22,0.17,0.53,0.5,,,0.55,0.48,0.52,0.51,,,,,,,,,,,,Russia Premier League,2025-2026,0.69,1.69,3.5,4.5,4.14,5.86,9.93,13.43,85.21,92.14,44.14,42.79,41.43,58.57,0.0,2.0,6.29,9.29,3.57,4.07,1.93,2.5,7.21,7.64,6.43,9.64,15.93,14.5,3.21,1.71,2.36,1.71,0.25,0.26,0.53,0.52,0.52,0.55,0.49,0.52,0.52,0.53,0.5,,,,,,,,,,,
Krylya Sovetov,1.71,1.21,4.53,5.67,3.47,5.87,9.73,13.13,78.4,96.27,37.13,50.87,44.8,55.2,0.8,1.0,6.33,8.07,3.4,4.87,2.0,1.13,8.8,7.13,6.87,10.27,14.07,13.13,3.27,1.8,2.07,1.87,0.32,0.28,0.43,0.51,0.53,0.48,0.55,0.5,0.53,0.53,0.51,,,,,,,,,,,,Russia Premier League,2025-2026,2.2,0.73,5.87,2.87,6.07,3.67,17.13,8.4,100.27,77.2,56.93,33.53,52.33,47.67,1.67,0.33,10.53,4.73,6.53,3.6,2.0,1.85,6.0,8.93,11.6,6.53,12.53,14.87,2.07,3.73,2.07,3.0,0.58,0.25,0.21,0.51,0.53,0.55,0.5,0.51,0.52,0.51,0.52,,,,,,,,,,,
Lokomotiv Moskva,2.15,1.0,4.36,4.21,5.57,4.14,14.93,10.21,95.43,88.14,50.86,43.71,49.86,50.14,0.43,1.29,10.5,6.0,4.43,4.21,1.85,1.69,6.5,7.64,10.93,7.43,16.21,12.07,2.36,3.79,2.77,1.92,0.5,0.26,0.28,0.6,0.44,,,0.55,0.48,0.53,0.5,,,,,,,,,,,,Russia Premier League,2025-2026,1.67,1.6,4.47,4.6,4.73,5.0,12.8,13.53,89.6,90.53,46.73,46.8,48.0,52.0,1.0,1.33,8.33,9.2,4.53,4.2,2.0,1.71,6.53,7.53,9.13,8.67,13.13,14.13,3.07,3.53,1.8,2.73,0.37,0.27,0.4,0.58,0.46,,,0.51,0.52,0.51,0.52,,,,,,,,,,,
Orenburg,1.17,1.33,5.43,5.0,5.36,4.93,12.5,13.0,79.0,86.14,44.0,45.57,47.29,52.71,0.0,2.0,7.64,8.43,4.79,4.36,1.29,1.64,7.5,9.07,9.0,8.92,15.86,15.29,2.71,2.79,2.5,2.07,0.3,0.26,0.48,0.56,0.48,,,0.52,0.5,0.52,0.51,,,,,,,,,,,,Russia Premier League,2025-2026,2.0,0.93,4.2,5.4,5.4,5.07,13.47,11.2,84.33,82.6,43.87,41.73,54.0,46.0,1.67,1.0,8.8,6.87,4.67,4.33,2.07,0.67,7.73,7.73,9.27,7.73,12.67,14.33,2.73,3.27,1.73,2.2,0.59,0.24,0.22,0.56,0.48,0.52,0.51,0.51,0.52,0.51,0.52,,,,,,,,,,,
Rostov,0.71,1.14,4.47,3.93,6.13,4.33,12.53,10.33,93.73,89.53,51.07,39.87,50.87,49.13,0.88,0.88,7.4,6.6,4.87,3.67,2.13,2.53,5.93,9.53,8.87,6.73,13.73,16.13,1.87,3.07,2.2,2.8,0.42,0.28,0.33,0.52,0.52,0.5,0.52,0.52,0.52,0.51,0.52,,,,,,,,,,,,Russia Premier League,2025-2026,1.08,1.08,4.36,4.0,3.86,4.36,9.57,10.93,91.14,87.71,41.64,45.71,53.79,46.21,1.33,0.67,5.86,6.64,3.5,3.79,2.38,1.69,7.5,7.14,6.57,7.86,15.21,15.21,3.0,2.29,1.93,2.43,0.43,0.28,0.32,0.53,0.51,0.51,0.53,0.51,0.53,0.51,0.53,,,,,,,,,,,
Rubin Kazan,1.45,1.09,4.0,3.67,4.13,4.87,10.93,11.47,86.53,97.47,39.0,42.93,44.73,55.27,1.25,0.5,7.13,6.67,3.73,4.87,1.79,1.57,8.53,6.73,7.57,8.21,14.8,14.53,2.53,2.47,2.07,2.6,0.37,0.29,0.37,0.51,0.53,0.53,0.51,0.5,0.53,0.5,0.53,,,,,,,,,,,,Russia Premier League,2025-2026,1.33,0.92,4.71,3.93,6.14,4.07,12.71,9.64,103.29,78.93,51.21,36.93,57.93,42.07,2.0,1.0,7.43,6.43,5.21,3.36,1.64,1.5,6.5,9.21,9.54,6.38,13.86,16.36,1.86,2.29,1.86,2.64,0.48,0.28,0.28,0.52,0.53,0.5,0.53,0.51,0.53,0.52,0.51,,,,,,,,,,,
Sochi,1.07,2.0,4.47,5.47,3.87,5.2,9.67,14.33,78.53,89.47,39.0,47.87,46.27,53.73,0.38,2.12,5.5,9.64,4.36,5.29,2.64,2.14,8.07,6.07,6.8,9.67,13.8,13.0,3.79,2.14,2.27,2.07,0.27,0.27,0.5,0.52,0.52,0.49,0.54,0.51,0.52,0.52,0.51,,,,,,,,,,,,Russia Premier League,2025-2026,2.29,1.0,5.6,2.67,6.0,3.13,15.8,7.8,103.73,83.87,55.2,34.87,54.07,45.93,1.5,0.67,9.53,4.8,6.0,3.13,2.2,1.2,5.33,9.53,11.53,5.33,12.2,16.0,1.6,3.8,1.6,2.53,0.62,0.23,0.18,0.5,0.54,0.51,0.53,0.51,0.53,0.52,0.52,,,,,,,,,,,
Spartak Moskva,1.85,1.15,5.07,2.93,5.64,4.0,13.64,10.0,98.93,75.71,52.57,32.07,61.5,38.5,1.75,0.75,9.43,6.14,4.21,3.64,2.86,1.0,6.14,8.71,9.62,6.23,15.21,15.64,2.29,2.79,1.79,3.07,0.63,0.23,0.18,0.52,0.53,,,0.52,0.52,0.52,0.52,,,,,,,,,,,,Russia Premier League,2025-2026,1.57,1.5,3.6,5.6,3.67,5.07,10.07,13.27,72.87,97.07,36.13,51.53,37.47,62.53,1.88,0.75,6.13,8.73,3.93,4.53,1.29,1.79,8.8,5.93,6.6,8.87,14.4,17.13,2.47,2.0,2.6,2.4,0.29,0.28,0.47,0.55,0.49,0.49,0.54,0.52,0.51,0.51,0.52,,,,,,,,,,,
Zenit,2.14,0.57,5.5,3.0,4.57,3.93,14.21,8.79,94.57,78.43,51.21,36.86,59.14,40.86,2.2,0.0,10.64,4.36,3.5,4.21,2.62,1.38,5.57,7.79,9.79,5.86,10.14,17.29,2.29,3.64,1.43,2.64,0.73,0.19,0.12,0.48,0.57,,,0.51,0.52,0.52,0.52,,,,,,,,,,,,Russia Premier League,2025-2026,0.85,1.69,4.2,5.87,4.2,4.07,10.87,12.0,75.13,90.33,40.93,50.2,40.8,59.2,0.56,1.22,6.67,7.73,4.4,4.2,2.67,1.53,6.47,6.93,6.8,8.8,18.13,9.87,3.13,2.33,2.13,1.73,0.2,0.25,0.59,0.52,0.52,0.52,0.51,0.51,0.52,0.52,0.52,,,,,,,,,,,
Atlético Progreso,1.24,1.76,5.17,4.22,5.0,3.89,12.33,10.83,104.88,104.47,68.88,60.47,47.61,52.39,0.5,0.88,7.29,6.59,5.41,4.06,1.56,1.25,8.12,9.24,10.4,6.4,12.59,11.65,3.0,3.24,3.17,2.89,0.33,0.29,0.42,0.51,0.53,0.55,0.49,0.51,0.53,0.52,0.53,0.34,0.29,0.44,0.57,0.52,0.55,0.5,0.52,0.54,0.52,0.53,Uruguay Primera Division,2025,1.88,1.0,4.95,4.63,5.21,4.05,11.53,10.32,111.47,98.68,72.26,60.84,57.21,42.79,1.0,0.43,6.71,5.29,5.53,5.88,1.24,1.76,7.59,10.53,9.0,6.0,11.06,11.82,2.83,2.94,2.84,2.53,0.53,0.28,0.23,0.49,0.55,0.52,0.52,0.52,0.51,0.51,0.53,0.55,0.29,0.24,0.57,0.52,0.52,0.53,0.53,0.52,0.52,0.53
Boston River,2.0,1.07,4.32,4.05,3.0,5.37,9.47,12.11,88.0,94.53,52.53,59.11,53.95,46.05,0.25,0.75,5.47,6.0,4.0,6.11,1.67,1.39,6.79,6.26,7.29,11.29,12.53,10.47,3.21,2.53,2.79,2.26,0.42,0.3,0.33,0.48,0.57,0.54,0.5,0.5,0.54,0.52,0.54,0.44,0.3,0.34,0.6,0.49,0.55,0.5,0.51,0.55,0.51,0.53,Uruguay Primera Division,2025,1.53,1.33,4.78,3.94,5.67,3.39,13.06,8.56,101.78,103.17,61.0,53.28,44.89,55.11,0.5,0.5,7.69,5.56,6.06,3.31,1.46,1.69,6.75,7.81,6.5,3.5,11.56,12.25,1.94,3.88,1.89,2.94,0.44,0.3,0.3,0.49,0.56,0.53,0.51,0.51,0.53,0.52,0.52,0.45,0.31,0.32,0.59,0.5,0.53,0.52,0.51,0.54,0.52,0.52
Cerro,1.14,0.93,2.89,5.44,3.44,4.78,7.94,11.61,84.94,98.18,52.65,60.76,45.17,54.83,1.0,0.0,6.08,6.77,3.08,6.23,1.54,1.85,9.0,8.46,4.83,7.33,13.38,14.15,3.19,2.06,2.78,3.28,0.31,0.33,0.4,0.44,0.6,0.51,0.53,0.5,0.54,0.5,0.55,0.34,0.32,0.43,0.63,0.44,0.51,0.55,0.5,0.55,0.55,0.5,Uruguay Primera Division,2025,1.87,1.0,4.79,3.89,5.0,3.84,13.74,8.16,98.26,87.84,59.32,45.21,56.42,43.58,0.67,0.33,7.11,4.39,6.89,4.06,1.33,1.44,7.06,9.72,10.6,6.2,12.44,14.72,1.94,3.78,2.26,3.47,0.55,0.28,0.21,0.44,0.6,0.52,0.52,0.5,0.54,0.5,0.54,0.56,0.29,0.23,0.63,0.45,0.52,0.53,0.51,0.54,0.53,0.53
Cerro Largo,1.41,1.29,4.21,4.05,4.68,3.95,11.53,10.16,84.68,88.0,53.05,52.11,49.16,50.84,0.4,0.6,7.18,5.65,4.71,4.76,1.69,1.5,7.41,9.29,7.67,6.5,13.29,11.94,2.74,2.95,2.84,2.58,0.39,0.32,0.33,0.46,0.58,0.51,0.53,0.51,0.53,0.5,0.55,0.41,0.32,0.35,0.6,0.48,0.52,0.53,0.51,0.54,0.51,0.54,Uruguay Primera Division,2025,1.19,1.06,4.83,3.83,5.0,3.39,12.0,10.22,105.67,100.56,68.17,58.44,56.11,43.89,0.67,0.67,6.47,5.59,5.24,4.71,1.88,1.5,6.12,8.88,8.0,6.5,12.65,14.59,3.24,3.47,3.06,3.17,0.48,0.31,0.25,0.47,0.58,0.53,0.51,0.49,0.55,0.51,0.54,0.5,0.31,0.28,0.6,0.48,0.53,0.52,0.51,0.55,0.52,0.53
Danubio,1.67,1.2,5.28,4.5,5.06,4.61,11.72,11.22,100.67,99.22,60.06,56.17,51.0,49.0,0.5,0.5,7.0,6.75,5.62,5.19,1.79,1.5,8.31,9.0,8.5,8.25,11.56,12.56,3.12,2.71,2.06,2.94,0.41,0.31,0.31,0.46,0.58,0.51,0.53,0.5,0.54,0.49,0.55,0.43,0.31,0.34,0.61,0.46,0.52,0.53,0.51,0.55,0.5,0.56,Uruguay Primera Division,2025,1.38,1.0,4.16,4.79,3.58,4.53,10.32,9.89,106.78,95.56,60.5,58.94,54.58,45.42,0.5,0.5,5.71,5.65,5.53,4.35,1.38,1.25,8.76,6.82,7.6,7.0,13.35,11.71,2.56,2.78,2.84,2.63,0.43,0.31,0.3,0.47,0.57,0.52,0.52,0.52,0.52,0.51,0.53,0.46,0.3,0.32,0.61,0.47,0.52,0.53,0.52,0.53,0.53,0.52
Defensor Sporting,1.56,0.89,4.47,4.37,4.47,4.11,12.16,11.11,99.68,93.58,54.68,53.95,53.58,46.42,0.75,0.25,7.11,5.22,5.44,6.28,2.06,1.56,7.28,7.67,9.0,7.0,11.44,12.33,3.63,3.47,2.53,2.68,0.47,0.29,0.28,0.49,0.55,0.54,0.5,0.51,0.53,0.5,0.54,0.49,0.31,0.29,0.58,0.5,0.55,0.5,0.51,0.55,0.52,0.53,Uruguay Primera Division,2025,1.47,0.93,4.89,3.94,4.61,4.28,12.22,10.06,95.56,92.78,58.67,48.33,49.5,50.5,0.75,0.25,6.94,6.19,5.56,4.44,1.88,1.81,7.31,7.12,10.0,5.5,14.75,10.0,2.47,3.65,2.17,1.83,0.39,0.3,0.35,0.49,0.56,0.53,0.5,0.51,0.53,0.51,0.53,0.41,0.3,0.37,0.58,0.51,0.54,0.51,0.51,0.54,0.52,0.54
Juventud,1.44,1.06,4.42,5.37,3.74,5.11,9.79,12.11,107.68,104.16,65.53,69.95,51.47,48.53,0.67,0.44,6.29,6.29,4.0,6.47,1.69,1.94,8.59,8.47,7.75,5.75,10.06,10.88,3.44,2.61,1.74,1.89,0.41,0.3,0.33,0.51,0.53,0.54,0.5,0.52,0.52,0.5,0.54,0.43,0.3,0.35,0.56,0.53,0.54,0.51,0.52,0.53,0.52,0.54,Uruguay Primera Division,2025,1.33,1.27,4.33,4.5,5.0,4.17,13.17,10.11,102.33,100.56,66.11,59.39,50.33,49.67,0.17,0.83,6.76,5.59,6.24,4.47,0.94,2.94,6.53,8.18,9.83,6.83,12.06,10.94,2.24,2.88,2.39,2.33,0.45,0.29,0.29,0.5,0.55,0.52,0.51,0.5,0.54,0.5,0.54,0.47,0.29,0.31,0.57,0.51,0.55,0.5,0.51,0.54,0.51,0.54
Liverpool,1.94,1.12,4.53,4.26,4.53,6.26,12.37,12.89,104.68,92.21,62.58,57.47,56.42,43.58,0.75,0.25,7.29,6.65,5.12,6.29,1.5,1.64,6.18,8.59,8.5,8.75,10.47,12.65,2.78,3.89,2.11,3.0,0.48,0.29,0.27,0.5,0.55,0.55,0.48,0.52,0.52,0.51,0.53,0.5,0.3,0.28,0.57,0.51,0.56,0.5,0.52,0.54,0.52,0.54,Uruguay Primera Division,2025,1.0,1.12,5.28,4.22,5.17,4.56,12.83,12.0,98.88,101.53,60.59,59.12,43.06,56.94,0.33,1.0,7.0,6.33,5.83,5.67,1.53,1.0,7.67,6.78,7.5,7.0,12.78,9.06,3.56,3.22,3.17,2.22,0.34,0.3,0.41,0.52,0.53,0.55,0.49,0.52,0.52,0.51,0.54,0.35,0.3,0.43,0.55,0.54,0.55,0.5,0.53,0.52,0.52,0.53
Miramar Misiones,0.81,1.25,4.67,6.0,3.67,4.78,8.83,11.39,102.39,105.83,57.11,65.28,45.78,54.22,0.5,0.83,4.69,6.94,4.75,5.06,1.21,1.36,8.25,8.62,5.4,6.2,13.44,11.94,3.17,2.83,2.83,3.06,0.28,0.29,0.47,0.49,0.56,0.53,0.5,0.51,0.53,0.5,0.54,0.3,0.29,0.49,0.59,0.5,0.54,0.51,0.51,0.54,0.52,0.53,Uruguay Primera Division,2025,1.94,1.17,5.95,3.63,4.16,4.32,11.95,9.74,108.0,94.37,70.16,60.21,56.26,43.74,0.9,0.4,8.06,5.56,5.19,5.0,1.33,1.07,7.62,10.06,7.83,7.33,12.44,14.5,2.69,3.31,2.32,3.74,0.54,0.28,0.22,0.48,0.57,0.54,0.5,0.51,0.52,0.5,0.55,0.54,0.29,0.24,0.6,0.48,0.54,0.51,0.52,0.54,0.51,0.54
Montevideo City Torque,1.38,1.38,4.61,4.33,5.0,4.22,12.67,10.67,107.65,94.71,63.29,53.18,54.17,45.83,0.33,1.0,6.89,5.17,5.78,5.5,0.76,1.35,8.11,8.44,9.5,6.0,13.39,11.0,2.94,3.44,2.89,2.56,0.48,0.28,0.28,0.49,0.55,0.55,0.5,0.52,0.52,0.5,0.54,0.48,0.3,0.3,0.57,0.51,0.53,0.52,0.52,0.53,0.51,0.55,Uruguay Primera Division,2025,1.71,1.65,4.0,5.58,3.84,4.53,10.32,11.84,92.58,102.16,55.53,67.05,44.79,55.21,0.5,0.62,7.25,6.38,4.06,6.0,1.4,1.27,8.75,5.88,6.75,8.25,11.25,11.38,3.56,2.89,2.37,2.89,0.38,0.3,0.36,0.52,0.52,0.54,0.5,0.52,0.51,0.5,0.54,0.4,0.31,0.37,0.55,0.54,0.54,0.51,0.52,0.53,0.51,0.54
Nacional,2.47,1.0,6.14,3.29,5.29,4.57,14.57,10.0,112.14,97.19,68.71,52.14,56.0,44.0,0.44,0.67,7.74,5.53,7.37,5.11,2.0,0.95,6.63,7.74,9.33,5.67,13.47,10.37,2.53,3.79,2.67,3.29,0.66,0.23,0.16,0.49,0.55,0.56,0.48,0.52,0.52,0.53,0.51,0.67,0.24,0.17,0.58,0.51,0.53,0.53,0.53,0.53,0.54,0.51,Uruguay Primera Division,2025,1.07,2.07,4.42,4.95,5.47,6.26,10.58,14.74,91.0,99.79,56.53,69.47,49.0,51.0,0.0,1.67,5.44,7.94,5.06,7.69,1.53,1.67,7.94,8.75,8.33,9.0,12.31,11.69,3.82,2.41,3.37,2.84,0.19,0.24,0.61,0.48,0.57,0.54,0.5,0.53,0.51,0.51,0.53,0.2,0.25,0.63,0.58,0.5,0.5,0.55,0.54,0.52,0.52,0.53
Peñarol,1.84,0.84,6.1,3.4,6.05,3.15,15.2,7.75,129.47,99.32,75.16,48.21,60.05,39.95,0.6,0.4,7.76,4.18,7.88,3.94,1.38,2.62,6.24,9.59,10.0,4.2,9.35,13.41,2.06,3.94,1.8,2.5,0.68,0.23,0.14,0.43,0.61,0.54,0.5,0.53,0.51,0.52,0.53,0.69,0.23,0.16,0.63,0.44,0.55,0.5,0.54,0.51,0.52,0.53,Uruguay Primera Division,2025,1.11,1.63,3.35,5.35,3.85,4.75,9.45,14.15,103.35,111.8,61.95,72.85,46.0,54.0,0.75,0.5,4.56,7.83,4.89,6.94,1.44,1.62,7.44,6.83,7.0,10.33,14.94,10.28,4.26,2.32,3.35,2.7,0.23,0.27,0.54,0.47,0.57,0.55,0.49,0.52,0.52,0.5,0.54,0.25,0.28,0.55,0.59,0.49,0.54,0.51,0.52,0.53,0.51,0.54
Plaza Colonia,0.81,1.56,4.67,4.39,5.67,4.61,11.61,10.44,97.78,101.11,70.72,71.61,48.17,51.83,1.0,0.0,5.12,5.25,6.56,4.94,2.12,1.38,9.06,7.44,8.0,8.25,12.62,15.44,1.94,2.0,2.78,2.89,0.37,0.31,0.36,0.46,0.59,0.52,0.52,0.5,0.54,0.5,0.54,0.39,0.3,0.38,0.62,0.46,0.52,0.53,0.51,0.54,0.5,0.55,Uruguay Primera Division,2025,1.17,0.83,5.0,3.53,3.74,4.74,12.05,10.68,107.89,92.84,66.16,48.11,57.11,42.89,0.25,0.75,6.18,4.53,6.65,6.29,1.47,1.94,7.06,9.94,7.83,8.5,13.41,10.12,3.33,3.56,2.32,2.0,0.5,0.3,0.24,0.45,0.59,0.52,0.52,0.5,0.54,0.52,0.52,0.52,0.29,0.26,0.63,0.45,0.52,0.53,0.51,0.54,0.52,0.53
Racing,1.06,1.06,4.47,4.05,5.42,3.79,12.63,9.68,105.95,102.53,65.84,55.79,50.53,49.47,0.25,0.75,7.11,5.0,6.06,4.61,1.12,1.06,7.78,8.72,6.67,4.67,14.17,11.89,2.44,3.39,2.47,2.47,0.4,0.31,0.34,0.48,0.57,0.52,0.51,0.5,0.53,0.49,0.55,0.41,0.32,0.35,0.59,0.5,0.53,0.52,0.52,0.53,0.51,0.55,Uruguay Primera Division,2025,1.13,1.47,5.22,4.83,3.61,7.11,9.22,14.06,102.76,97.35,57.71,60.29,51.28,48.72,0.33,0.67,4.75,7.56,5.0,6.56,1.92,1.08,9.56,7.5,4.0,11.0,12.38,13.0,3.17,2.44,2.28,2.5,0.38,0.31,0.35,0.47,0.58,0.51,0.52,0.5,0.54,0.5,0.53,0.4,0.31,0.37,0.6,0.48,0.52,0.53,0.5,0.56,0.52,0.53
River Plate,0.75,1.5,5.0,4.72,4.0,4.67,11.11,12.5,101.22,108.17,65.17,69.56,46.33,53.67,0.5,0.75,5.59,7.12,5.82,5.71,1.6,2.33,7.71,8.71,8.0,7.5,14.76,11.35,3.59,3.59,3.0,2.5,0.28,0.3,0.46,0.5,0.55,0.53,0.51,0.51,0.52,0.5,0.54,0.3,0.29,0.48,0.57,0.51,0.54,0.51,0.52,0.53,0.51,0.54,Uruguay Primera Division,2025,1.38,1.0,4.63,4.79,5.26,4.0,11.79,9.74,106.67,102.22,69.06,63.94,54.26,45.74,0.33,0.67,7.35,5.88,5.06,4.06,2.62,1.44,7.76,9.24,6.33,4.33,12.35,12.47,2.61,3.0,2.95,3.0,0.51,0.29,0.24,0.48,0.56,0.53,0.5,0.51,0.53,0.49,0.55,0.53,0.29,0.26,0.6,0.48,0.53,0.53,0.51,0.54,0.5,0.54
Wanderers,0.92,1.42,4.61,4.28,4.5,4.72,10.44,10.72,106.72,102.06,70.0,59.11,51.5,48.5,1.25,0.5,5.79,6.5,5.71,5.0,1.29,1.86,7.64,7.64,8.75,8.25,14.36,11.21,2.94,2.62,3.33,2.61,0.36,0.31,0.37,0.49,0.56,0.53,0.51,0.51,0.53,0.5,0.54,0.38,0.31,0.39,0.59,0.5,0.53,0.53,0.52,0.53,0.52,0.54,Uruguay Primera Division,2025,1.67,0.78,5.37,3.89,4.63,4.58,11.26,10.37,107.63,102.16,62.42,56.32,51.74,48.26,0.5,0.5,7.06,4.94,4.94,5.82,1.87,1.67,8.65,9.53,7.0,7.43,10.65,13.88,2.42,2.84,2.0,2.53,0.48,0.3,0.27,0.46,0.58,0.53,0.51,0.5,0.54,0.51,0.53,0.49,0.3,0.29,0.6,0.48,0.53,0.52,0.51,0.55,0.52,0.54
AC Milan,1.4,1.6,3.67,3.67,6.33,4.33,15.33,10.67,101.0,82.17,45.5,45.17,56.17,43.83,0.5,0.5,9.67,7.0,5.67,3.67,2.2,1.4,6.83,9.17,8.83,7.83,9.17,12.0,3.0,3.5,2.0,1.83,0.57,0.25,0.21,0.45,0.58,,,0.54,0.49,0.51,0.51,0.57,0.26,0.22,0.57,0.51,,,0.53,0.52,0.52,0.52,Italy Serie A,2025-2026,0.75,1.33,4.83,3.92,5.25,4.33,12.33,9.83,100.75,90.58,45.0,41.58,51.67,48.33,0.2,0.8,7.67,7.0,4.67,2.83,1.25,1.75,6.67,8.25,8.25,6.42,11.25,11.08,2.08,3.0,2.08,1.58,0.24,0.28,0.51,0.52,0.52,0.56,0.47,0.52,0.51,0.49,0.53,0.25,0.28,0.52,0.55,0.52,0.51,0.53,0.52,0.52,0.53,0.51
Atalanta,1.44,0.88,6.89,3.72,7.0,4.67,17.5,10.11,108.5,88.67,54.72,36.17,55.67,44.33,0.5,0.5,11.5,6.5,6.0,3.61,1.94,1.41,7.17,9.17,10.83,6.56,11.5,11.0,1.89,3.5,1.35,1.65,0.58,0.25,0.21,0.52,0.52,,,0.52,0.51,0.52,0.5,0.59,0.25,0.22,0.52,0.55,,,0.51,0.53,0.53,0.52,Italy Serie A,2025-2026,1.18,1.47,4.83,4.56,4.89,4.67,13.56,12.0,95.33,92.28,47.39,47.83,45.78,54.22,0.6,0.4,8.44,8.06,5.11,3.94,1.5,2.17,7.67,7.44,8.11,7.61,9.56,12.17,2.61,4.33,1.5,2.19,0.3,0.28,0.45,0.55,0.49,0.56,0.47,0.54,0.49,0.5,0.52,0.31,0.28,0.46,0.51,0.56,,,0.52,0.52,0.51,0.53
Bologna,1.0,1.33,5.53,3.59,7.24,3.0,15.18,8.65,112.0,74.35,51.24,29.94,57.76,42.24,0.75,0.25,9.59,5.59,5.59,3.06,1.94,2.44,4.29,9.29,9.71,5.82,12.76,14.71,1.94,2.82,1.41,2.0,0.45,0.3,0.28,0.51,0.52,0.51,0.52,0.53,0.5,0.5,0.53,0.46,0.3,0.29,0.55,0.52,0.51,0.53,0.52,0.52,0.53,0.52,Italy Serie A,2025-2026,1.21,1.58,4.68,3.74,4.53,4.68,11.63,11.0,85.26,89.53,36.68,33.16,46.37,53.63,0.6,0.6,8.11,6.95,3.53,4.05,2.53,1.95,7.37,6.53,8.05,7.53,14.68,13.42,2.32,2.84,1.89,2.21,0.4,0.29,0.34,0.51,0.53,0.54,0.49,0.51,0.52,0.5,0.53,0.41,0.3,0.35,0.55,0.52,0.52,0.52,0.52,0.52,0.5,0.55
Cagliari,1.22,1.28,4.22,5.0,4.5,3.89,10.72,11.78,74.11,98.11,32.61,45.11,45.33,54.67,0.0,1.0,6.72,7.94,4.0,3.83,1.94,1.71,8.33,7.11,7.44,7.67,13.94,15.22,2.89,2.17,1.94,1.75,0.3,0.3,0.43,0.47,0.57,0.53,0.5,0.5,0.52,0.5,0.53,0.32,0.3,0.44,0.58,0.49,0.55,0.5,0.52,0.52,0.52,0.52,Italy Serie A,2025-2026,1.86,0.93,5.44,3.31,4.94,4.06,13.94,9.62,117.81,76.25,49.94,27.38,54.94,45.06,0.33,0.67,9.31,5.75,4.62,3.88,1.36,1.64,5.56,9.56,9.31,6.06,14.5,14.5,2.19,3.69,1.62,2.44,0.56,0.27,0.2,0.46,0.58,0.52,0.51,0.52,0.51,0.5,0.54,0.57,0.28,0.21,0.58,0.49,0.53,0.52,0.52,0.53,0.53,0.52
Como,2.13,0.93,5.0,2.11,6.67,2.83,17.0,7.44,111.11,66.61,50.78,24.94,63.61,36.39,0.57,0.43,11.22,5.17,5.83,2.28,1.12,2.76,4.44,9.72,12.0,5.11,12.39,12.78,1.94,4.56,2.06,2.28,0.53,0.27,0.23,0.52,0.52,0.52,0.51,0.52,0.5,0.5,0.53,0.54,0.27,0.24,0.55,0.52,,,0.52,0.52,0.52,0.53,Italy Serie A,2025-2026,0.92,1.77,4.38,4.06,3.94,4.88,11.19,12.19,79.19,96.19,37.56,45.5,39.81,60.19,0.5,0.75,7.0,7.81,4.19,4.38,2.86,1.36,7.94,6.06,6.5,7.5,12.62,14.56,2.44,2.88,2.19,2.38,0.29,0.28,0.46,0.51,0.52,0.53,0.5,0.51,0.52,0.5,0.53,0.3,0.28,0.47,0.56,0.52,0.55,0.5,0.52,0.53,0.51,0.53
Cremonese,1.15,1.77,3.76,5.24,3.76,4.88,10.47,12.59,85.41,91.76,37.53,45.65,48.0,52.0,1.0,0.33,6.47,8.29,4.0,4.29,1.56,2.06,8.47,6.29,7.24,8.76,13.18,12.59,2.94,2.76,1.76,1.35,0.27,0.28,0.47,0.5,0.53,0.54,0.49,0.51,0.52,0.5,0.53,0.28,0.29,0.48,0.56,0.51,0.51,0.53,0.52,0.52,0.53,0.52,Italy Serie A,2025-2026,1.56,0.88,6.72,3.56,6.78,3.28,17.78,8.22,108.17,82.0,51.89,31.28,53.61,46.39,1.0,0.0,11.44,4.83,6.39,3.39,2.17,1.83,5.72,9.72,11.39,5.33,13.39,13.83,2.39,4.61,1.71,2.12,0.58,0.26,0.19,0.48,0.55,0.54,0.49,0.51,0.52,0.51,0.52,0.59,0.26,0.2,0.57,0.5,0.53,0.52,0.52,0.52,0.51,0.53
Fiorentina,1.36,1.43,5.71,4.12,7.0,4.24,16.0,11.35,95.24,84.24,46.59,33.12,52.76,47.24,2.0,0.0,10.12,7.12,5.82,4.24,1.73,1.0,7.06,9.47,9.94,7.53,12.24,16.35,2.76,2.82,2.38,2.5,0.42,0.29,0.32,0.53,0.51,0.55,0.48,0.52,0.51,0.51,0.52,0.44,0.3,0.32,0.53,0.54,0.55,0.49,0.52,0.53,0.51,0.53,Italy Serie A,2025-2026,1.71,1.18,5.16,3.42,6.05,4.42,15.42,10.05,95.42,83.84,50.0,31.68,50.32,49.68,0.71,0.57,11.0,6.42,4.42,3.63,0.88,2.0,6.79,8.05,10.42,6.68,14.89,12.95,1.74,3.84,2.0,2.21,0.43,0.29,0.32,0.53,0.51,0.53,0.5,0.52,0.51,0.5,0.52,0.43,0.29,0.33,0.54,0.53,0.56,0.49,0.52,0.53,0.53,0.51
Genoa,1.19,1.62,3.78,4.0,5.33,3.89,11.83,10.67,93.83,85.67,39.83,39.0,50.78,49.22,0.8,0.6,6.83,7.06,5.0,3.61,1.47,1.71,7.06,8.06,8.22,6.44,12.78,15.89,2.17,2.78,1.83,2.94,0.35,0.31,0.37,0.45,0.58,0.51,0.51,0.5,0.53,0.49,0.54,0.36,0.31,0.39,0.6,0.48,0.52,0.52,0.5,0.54,0.5,0.54,Italy Serie A,2025-2026,1.75,1.5,5.44,3.88,5.25,4.0,14.5,11.56,94.62,81.19,44.88,31.56,54.69,45.31,0.6,0.8,9.88,7.5,4.62,4.06,1.64,1.5,6.81,7.75,9.62,7.0,14.62,13.06,2.69,3.5,2.0,1.87,0.47,0.31,0.25,0.44,0.6,0.5,0.53,0.51,0.53,0.51,0.52,0.48,0.31,0.26,0.6,0.47,0.51,0.54,0.52,0.52,0.51,0.53
Hellas Verona,0.79,1.71,4.94,3.82,4.06,4.12,11.29,12.0,97.0,106.76,37.71,38.35,44.0,56.0,0.33,0.67,6.18,6.82,5.12,5.18,1.88,1.24,6.53,6.82,7.59,7.18,15.29,9.65,2.41,3.47,2.0,1.82,0.29,0.3,0.44,0.48,0.56,0.52,0.51,0.49,0.54,0.51,0.52,0.3,0.3,0.45,0.59,0.49,0.54,0.51,0.51,0.53,0.51,0.53,Italy Serie A,2025-2026,2.0,0.87,6.17,2.94,6.11,4.67,15.22,11.22,113.67,86.78,49.94,33.0,63.56,36.44,0.33,0.67,9.0,6.39,6.22,4.83,1.56,1.75,6.5,9.11,9.39,7.22,9.22,16.72,2.72,2.72,1.18,2.71,0.57,0.27,0.18,0.45,0.58,0.52,0.51,0.51,0.52,0.5,0.53,0.58,0.27,0.2,0.6,0.47,0.54,0.51,0.52,0.53,0.52,0.53
Inter,2.67,0.89,7.22,3.0,7.22,3.56,18.44,8.89,105.5,76.28,62.61,33.11,60.17,39.83,0.8,0.2,13.67,5.17,4.67,3.72,1.94,1.41,5.17,9.17,12.28,5.83,13.22,10.0,2.33,3.94,1.41,1.76,0.71,0.2,0.12,0.49,0.54,,,0.53,0.5,0.51,0.52,0.72,0.2,0.13,0.56,0.51,,,0.52,0.53,0.52,0.52,Italy Serie A,2025-2026,0.94,2.0,3.0,5.12,4.0,6.0,9.82,15.82,77.0,100.0,35.76,53.76,40.65,59.35,1.0,0.33,6.29,10.53,3.53,5.29,1.71,1.35,8.82,6.18,6.29,10.18,12.24,13.29,2.94,1.82,1.82,2.0,0.19,0.24,0.6,0.51,0.52,,,0.54,0.5,0.52,0.51,0.2,0.25,0.61,0.53,0.54,,,0.52,0.53,0.52,0.52
Juventus,2.19,0.88,6.44,3.44,6.78,3.83,20.22,9.39,116.11,75.06,68.44,31.67,59.0,41.0,0.83,0.33,13.06,5.22,7.17,4.11,2.07,0.57,5.28,9.89,12.33,5.44,11.44,9.56,1.67,5.11,1.06,2.39,0.66,0.22,0.14,0.46,0.57,0.54,0.48,0.53,0.5,0.51,0.52,0.67,0.22,0.16,0.59,0.48,0.56,0.49,0.53,0.52,0.52,0.53,Italy Serie A,2025-2026,0.94,1.41,4.06,4.28,5.11,5.11,10.89,13.67,83.11,99.94,40.0,55.56,43.67,56.33,1.0,0.0,6.67,8.94,4.22,4.72,0.82,1.88,8.78,6.78,7.06,9.0,10.89,13.06,3.89,2.33,2.06,1.76,0.24,0.28,0.51,0.49,0.55,0.49,0.54,0.52,0.5,0.5,0.53,0.25,0.28,0.52,0.56,0.51,0.5,0.55,0.52,0.52,0.51,0.53
Lazio,1.47,1.41,4.56,3.72,4.78,4.44,12.0,12.28,89.44,86.78,41.61,36.78,49.72,50.28,0.8,0.8,7.39,7.89,4.61,4.39,0.94,1.65,6.67,6.28,8.33,7.72,11.0,15.17,3.22,3.17,2.29,2.47,0.42,0.3,0.31,0.49,0.55,0.52,0.51,0.51,0.52,0.5,0.53,0.43,0.31,0.32,0.57,0.51,0.51,0.53,0.52,0.52,0.51,0.53,Italy Serie A,2025-2026,1.0,0.93,4.89,2.72,6.83,4.0,14.78,9.78,95.39,88.44,45.56,34.56,49.33,50.67,0.5,0.5,9.39,5.94,5.39,3.83,1.56,1.19,5.72,8.44,9.28,6.22,14.39,10.0,2.67,3.28,2.56,1.89,0.43,0.29,0.31,0.48,0.55,0.51,0.52,0.5,0.53,0.5,0.52,0.43,0.3,0.32,0.57,0.5,0.52,0.53,0.53,0.52,0.52,0.52
Lecce,0.86,1.57,4.53,4.06,4.71,4.12,11.18,10.76,93.59,93.06,41.82,42.47,45.71,54.29,0.33,0.67,6.82,7.76,4.35,3.0,1.5,2.5,8.06,8.71,6.47,7.0,12.18,16.35,2.47,2.18,1.82,2.06,0.26,0.31,0.46,0.46,0.57,0.51,0.52,0.49,0.53,0.5,0.54,0.27,0.31,0.47,0.6,0.48,0.53,0.51,0.5,0.54,0.51,0.53,Italy Serie A,2025-2026,1.44,0.88,6.28,4.56,5.78,3.78,14.28,9.22,99.89,93.11,52.83,38.33,60.67,39.33,1.0,0.0,10.11,5.11,4.17,4.11,3.07,0.93,6.89,9.06,9.5,5.44,12.56,13.33,1.56,3.22,1.56,2.12,0.56,0.27,0.2,0.44,0.6,0.52,0.51,0.51,0.52,0.51,0.52,0.57,0.28,0.21,0.61,0.46,0.53,0.51,0.52,0.52,0.52,0.52
Milan,1.67,0.89,5.11,4.0,6.11,3.89,15.0,9.67,102.22,87.89,45.67,42.89,50.89,49.11,0.4,0.6,10.0,5.67,5.0,4.0,1.33,1.11,5.78,7.56,10.11,6.56,10.67,13.33,2.33,3.0,1.56,2.67,0.62,0.25,0.16,0.48,0.56,0.53,0.5,0.52,0.5,0.5,0.53,0.63,0.25,0.18,0.59,0.48,0.53,0.51,0.55,0.5,0.52,0.52,Italy Serie A,2025-2026,0.83,2.0,5.0,3.0,5.14,4.71,12.57,11.29,92.29,88.14,49.0,41.86,47.86,52.14,0.5,0.5,7.14,8.0,5.43,3.29,1.29,2.43,7.0,6.29,8.29,9.14,11.43,8.14,2.86,3.14,1.43,1.29,0.26,0.28,0.49,0.53,0.51,,,0.54,0.49,0.5,0.53,0.27,0.28,0.5,0.53,0.54,,,0.54,0.51,0.51,0.54
Napoli,2.0,1.12,6.44,2.56,5.0,4.89,13.83,10.83,104.94,78.06,51.67,29.94,58.39,41.61,0.25,0.88,9.28,5.61,4.56,5.22,1.81,1.19,6.78,7.94,9.0,6.33,11.5,12.17,2.17,3.5,1.12,1.94,0.59,0.26,0.18,0.44,0.6,0.5,0.52,0.52,0.51,0.49,0.53,0.6,0.27,0.19,0.61,0.46,0.52,0.52,0.52,0.53,0.52,0.52,Italy Serie A,2025-2026,0.94,1.38,2.82,4.88,4.59,5.06,9.76,13.0,82.71,97.65,34.24,49.41,40.53,59.47,0.75,0.5,6.0,8.06,3.71,4.94,1.07,1.33,7.29,7.06,6.76,8.24,12.53,11.47,2.82,1.76,1.71,1.47,0.28,0.29,0.46,0.46,0.57,0.53,0.5,0.5,0.53,0.49,0.54,0.29,0.3,0.47,0.59,0.48,0.52,0.52,0.52,0.53,0.52,0.53
Parma,0.93,1.6,4.24,4.24,5.06,5.65,11.88,13.65,83.82,95.06,40.06,51.88,44.65,55.35,0.2,0.8,6.59,9.24,5.29,4.41,1.47,2.29,8.0,7.18,6.65,8.76,10.76,14.06,2.94,2.24,1.76,1.76,0.27,0.29,0.47,0.49,0.54,0.53,0.5,0.51,0.52,0.49,0.54,0.28,0.3,0.48,0.57,0.5,0.53,0.51,0.51,0.53,0.52,0.53,Italy Serie A,2025-2026,1.5,0.79,6.0,3.61,6.0,3.44,14.67,9.0,103.61,79.06,56.61,34.17,57.11,42.89,0.67,0.33,9.28,5.0,5.39,3.94,2.12,1.35,5.5,9.44,9.11,5.83,13.11,10.83,1.94,3.11,1.67,1.67,0.55,0.27,0.21,0.48,0.55,0.53,0.49,0.51,0.52,0.5,0.53,0.56,0.28,0.22,0.57,0.5,0.52,0.52,0.52,0.53,0.51,0.53
Pisa,0.56,1.62,3.79,4.32,4.74,5.11,10.21,12.11,86.32,109.95,41.21,45.32,42.21,57.79,0.4,0.8,7.53,8.37,2.68,3.74,1.68,1.42,8.42,7.11,7.0,8.21,13.32,12.32,2.68,2.53,2.05,1.84,0.26,0.29,0.48,0.48,0.55,0.53,0.5,0.5,0.53,0.5,0.53,0.26,0.29,0.49,0.57,0.5,0.54,0.5,0.53,0.52,0.51,0.53,Italy Serie A,2025-2026,2.62,1.0,5.41,3.47,7.06,3.76,16.88,9.12,113.06,75.29,54.65,32.18,62.88,37.12,0.29,0.71,11.47,6.71,5.41,2.41,1.31,1.81,6.35,8.65,10.94,5.82,10.88,13.0,1.71,2.71,1.24,2.06,0.6,0.26,0.17,0.46,0.58,0.53,0.5,0.49,0.54,0.52,0.51,0.61,0.26,0.19,0.6,0.47,0.55,0.5,0.53,0.51,0.53,0.52
Roma,1.67,0.56,5.56,2.89,5.56,3.56,14.89,8.39,117.28,84.72,55.5,32.11,57.61,42.39,1.0,0.0,11.11,4.89,3.78,3.5,1.67,1.5,5.39,8.06,9.94,5.78,12.78,14.33,2.39,3.61,1.61,2.39,0.55,0.27,0.21,0.47,0.56,0.52,0.52,0.52,0.51,0.5,0.53,0.56,0.27,0.22,0.58,0.5,0.48,0.56,0.53,0.52,0.52,0.52,Italy Serie A,2025-2026,1.17,1.33,4.06,4.5,4.33,3.83,11.61,10.72,88.28,103.72,41.06,48.72,45.72,54.28,0.2,0.8,7.06,7.61,4.56,3.11,1.67,1.83,7.56,7.39,8.72,7.11,14.11,15.06,2.72,3.39,1.89,2.06,0.3,0.3,0.43,0.48,0.55,0.52,0.51,0.5,0.52,0.49,0.54,0.32,0.31,0.44,0.57,0.5,0.53,0.51,0.52,0.52,0.52,0.52
Sassuolo,1.22,1.44,3.67,5.0,4.83,5.56,10.83,13.72,87.67,103.78,39.06,50.11,47.33,52.67,0.0,1.0,7.0,8.94,3.83,4.78,1.94,1.56,7.94,7.56,8.11,9.83,11.78,13.28,3.28,2.39,2.12,2.12,0.32,0.29,0.41,0.52,0.51,0.49,0.53,0.52,0.51,0.5,0.53,0.34,0.29,0.42,0.53,0.53,0.5,0.54,0.52,0.52,0.5,0.55,Italy Serie A,2025-2026,1.44,1.31,5.0,3.89,6.39,3.72,15.17,10.89,104.56,82.67,51.44,34.67,55.22,44.78,0.5,0.75,9.44,7.22,5.72,3.67,1.47,1.88,5.94,8.44,10.5,7.11,12.67,12.06,2.89,4.0,1.89,2.39,0.5,0.28,0.24,0.51,0.52,0.56,0.47,0.51,0.51,0.5,0.53,0.52,0.28,0.26,0.54,0.53,0.56,0.48,0.52,0.52,0.52,0.53
Torino,1.47,1.59,4.22,4.56,4.83,5.0,12.56,13.0,90.61,94.22,40.5,44.44,45.39,54.61,0.8,0.2,8.17,8.78,4.39,4.22,1.65,1.18,8.22,7.28,7.5,8.78,13.78,10.06,2.72,2.94,1.94,1.65,0.35,0.31,0.37,0.5,0.54,0.53,0.5,0.51,0.52,0.49,0.53,0.36,0.31,0.38,0.55,0.52,0.52,0.52,0.52,0.52,0.52,0.52,Italy Serie A,2025-2026,2.07,1.13,4.94,3.39,5.39,4.28,14.39,11.33,110.61,83.72,46.78,33.22,56.72,43.28,0.5,0.5,8.78,6.72,5.61,4.61,1.5,1.89,5.94,7.89,9.0,7.61,11.17,14.33,2.78,2.94,1.41,2.12,0.52,0.28,0.23,0.49,0.55,0.52,0.51,0.52,0.51,0.51,0.51,0.53,0.28,0.24,0.57,0.5,0.52,0.52,0.52,0.52,0.53,0.52
Udinese,1.0,1.17,4.74,4.26,5.05,4.63,12.84,11.0,92.84,86.0,43.47,37.16,48.26,51.74,0.5,0.5,7.42,6.68,5.42,4.32,1.76,2.41,6.74,7.58,8.11,6.79,13.74,12.74,2.32,3.05,1.74,2.0,0.33,0.3,0.4,0.49,0.54,0.52,0.5,0.51,0.52,0.51,0.52,0.34,0.3,0.41,0.56,0.51,0.52,0.52,0.53,0.52,0.52,0.52,Italy Serie A,2025-2026,1.47,1.59,5.53,4.12,6.82,3.94,15.76,10.29,100.94,83.06,48.76,32.29,57.06,42.94,0.67,0.5,10.35,6.59,5.29,3.71,1.67,1.4,6.41,9.71,9.88,7.71,10.82,13.47,2.35,2.65,1.53,2.0,0.48,0.29,0.26,0.49,0.54,0.52,0.5,0.5,0.52,0.5,0.53,0.49,0.29,0.27,0.56,0.51,0.55,0.49,0.51,0.53,0.52,0.52
Alanyaspor,1.83,1.25,5.38,3.56,5.38,4.31,13.12,10.38,88.44,89.0,45.88,38.69,48.12,51.88,1.0,0.0,8.88,6.56,4.25,3.81,1.0,2.0,6.62,7.75,8.69,6.75,11.94,13.38,2.62,3.44,1.81,1.94,0.42,0.28,0.34,0.55,0.49,,,0.53,0.5,0.52,0.51,0.43,0.28,0.35,0.52,0.57,,,0.52,0.54,0.53,0.53,Turkey Super Lig,2025-2026,1.5,1.21,3.88,4.19,4.38,5.56,11.5,11.75,90.38,80.31,34.88,39.44,51.62,48.38,0.83,0.17,7.25,6.62,4.25,5.12,2.38,1.31,7.56,6.94,7.62,7.25,15.25,12.81,2.38,3.06,2.27,3.0,0.47,0.28,0.28,0.55,0.49,0.56,0.47,0.53,0.5,0.51,0.52,0.48,0.28,0.3,0.53,0.56,0.51,0.55,0.54,0.52,0.52,0.53
Antalyaspor,1.38,2.06,4.94,5.18,4.82,5.59,11.24,12.59,81.76,90.88,35.35,39.29,45.35,54.65,0.0,1.5,7.76,8.24,3.53,4.35,1.76,1.82,7.76,6.82,8.12,8.82,13.47,16.12,2.71,2.65,2.81,3.38,0.33,0.28,0.42,0.55,0.49,0.56,0.48,0.52,0.51,0.5,0.53,0.35,0.29,0.43,0.53,0.56,0.57,0.49,0.53,0.52,0.52,0.54,Turkey Super Lig,2025-2026,1.75,0.92,6.31,3.12,6.12,3.31,15.5,7.81,103.75,75.0,51.06,28.38,55.56,44.44,1.0,0.0,10.25,4.56,5.19,3.25,1.81,2.19,5.94,10.0,10.56,5.62,13.31,12.31,2.06,4.25,2.38,2.62,0.61,0.25,0.18,0.52,0.52,0.55,0.48,0.51,0.52,0.52,0.52,0.62,0.26,0.19,0.55,0.53,0.51,0.55,0.52,0.54,0.53,0.53
Beşiktaş,1.73,1.33,6.12,3.69,6.06,4.81,19.0,10.81,100.31,74.5,50.88,30.19,58.06,41.94,0.8,0.2,11.75,6.12,7.25,4.75,2.13,1.93,6.88,9.5,12.12,7.69,14.0,13.94,2.38,5.38,2.12,3.81,0.63,0.22,0.19,0.6,0.44,,,,,,,0.64,0.22,0.21,0.48,0.6,,,,,,,Turkey Super Lig,2025-2026,1.25,1.75,5.94,4.69,6.19,5.06,14.25,15.44,89.81,89.0,45.81,40.38,47.0,53.0,0.43,0.57,8.75,10.38,5.5,5.06,1.93,2.13,7.19,9.19,9.56,9.88,10.44,12.88,3.88,3.06,2.25,2.31,0.3,0.25,0.48,0.61,0.43,,,,,0.54,0.5,0.31,0.26,0.49,0.45,0.63,,,,,0.54,0.52
Eyüpspor,1.2,1.4,3.94,5.19,4.75,5.38,11.12,13.56,79.44,93.75,36.94,47.12,49.75,50.25,0.5,0.5,6.94,8.31,4.19,5.31,2.12,1.5,7.75,6.81,7.38,8.38,10.88,13.5,3.06,2.62,2.47,1.8,0.32,0.26,0.46,0.56,0.48,0.56,0.47,0.52,0.52,0.52,0.52,0.33,0.27,0.47,0.51,0.57,0.49,0.57,0.53,0.53,0.52,0.54,Turkey Super Lig,2025-2026,1.8,0.93,6.75,3.06,5.81,4.38,15.19,9.94,102.12,70.81,48.38,29.94,54.69,45.31,0.75,0.25,10.38,5.56,4.81,4.44,1.94,2.44,7.38,9.69,9.81,6.81,15.31,13.19,2.19,3.62,2.47,2.8,0.58,0.25,0.2,0.56,0.47,,,0.54,0.49,0.52,0.51,0.58,0.26,0.23,0.52,0.57,,,0.53,0.52,0.54,0.52
Fatih Karagümrük,1.12,1.44,3.0,5.88,4.0,5.19,10.19,13.19,89.12,100.5,33.06,46.94,45.31,54.69,0.5,0.67,6.62,7.62,3.56,5.56,2.38,1.94,8.75,7.12,5.5,8.81,13.31,13.12,3.44,1.81,1.56,2.38,0.31,0.28,0.45,0.56,0.48,,,0.52,0.51,0.51,0.52,0.32,0.28,0.46,0.51,0.57,,,0.53,0.53,0.54,0.52,Turkey Super Lig,2025-2026,1.87,0.8,5.0,4.0,6.69,4.62,14.81,10.56,93.5,86.69,40.62,38.25,54.31,45.69,1.0,0.0,10.06,5.0,4.81,5.56,1.94,2.19,7.5,9.62,11.44,7.12,15.25,12.62,2.6,4.13,1.94,2.0,0.59,0.25,0.2,0.54,0.5,,,0.54,0.49,0.51,0.53,0.6,0.26,0.22,0.53,0.55,,,0.54,0.52,0.53,0.53
Fenerbahçe,2.44,1.12,7.44,3.38,6.75,3.38,19.5,9.5,116.0,68.31,62.69,30.12,62.31,37.69,0.88,0.12,11.56,4.88,7.94,4.62,1.6,1.07,4.69,9.56,13.25,6.44,11.81,14.5,2.0,4.56,2.31,3.62,0.72,0.18,0.14,0.51,0.53,,,,,0.54,0.5,0.72,0.2,0.15,0.53,0.55,,,,,0.52,0.53,Turkey Super Lig,2025-2026,1.2,2.47,5.0,6.35,4.88,5.29,11.59,14.76,76.59,97.47,37.29,43.59,44.65,55.35,0.5,1.0,7.53,8.53,4.06,6.24,1.59,2.0,7.82,6.88,7.59,9.76,13.41,12.24,3.35,2.65,2.62,2.81,0.21,0.25,0.59,0.56,0.48,,,0.55,0.48,0.52,0.52,0.22,0.25,0.59,0.51,0.58,,,0.54,0.52,0.52,0.54
Galatasaray,2.87,0.87,6.69,3.12,9.19,3.38,20.38,8.25,99.94,61.25,56.44,26.06,65.38,34.62,1.33,0.33,14.12,4.88,6.25,3.38,2.0,2.38,5.81,11.81,14.88,6.0,12.12,11.38,2.25,4.5,1.5,2.56,0.77,0.16,0.11,0.56,0.48,,,,,,,0.77,0.17,0.12,0.51,0.57,,,,,,,Turkey Super Lig,2025-2026,0.88,1.94,3.81,4.5,5.19,6.12,12.12,13.19,70.81,91.81,31.69,42.06,41.19,58.81,0.0,2.0,7.38,9.31,4.69,3.81,3.0,1.25,9.19,8.25,8.62,9.88,10.69,12.38,2.62,2.88,1.88,2.44,0.2,0.22,0.61,0.59,0.45,,,,,0.52,0.51,0.22,0.24,0.61,0.47,0.61,,,,,0.53,0.53
Gaziantep F.K.,1.31,1.56,6.31,4.81,6.19,4.12,15.44,11.5,89.81,84.88,39.5,32.12,54.56,45.44,0.5,0.62,8.81,6.88,6.62,4.56,1.43,1.57,6.75,10.25,9.56,8.5,12.19,16.56,3.31,3.75,2.88,3.25,0.38,0.28,0.38,0.58,0.46,,,0.53,0.5,0.52,0.51,0.39,0.28,0.39,0.47,0.61,,,0.53,0.52,0.53,0.53,Turkey Super Lig,2025-2026,2.07,1.4,5.59,3.47,6.82,4.53,16.88,10.82,105.94,62.47,48.06,27.47,54.88,45.12,0.5,0.75,10.53,6.88,6.35,3.94,1.29,1.47,5.59,8.88,10.06,6.94,16.29,13.71,2.53,3.76,2.65,2.82,0.54,0.25,0.24,0.58,0.46,,,0.55,0.49,0.53,0.51,0.55,0.26,0.25,0.49,0.59,,,0.55,0.51,0.53,0.53
Gençlerbirliği,1.5,1.5,4.53,5.24,5.12,6.12,12.29,13.29,74.88,89.35,32.0,44.47,43.82,56.18,0.67,0.67,8.0,9.18,4.29,4.12,1.82,2.82,9.94,7.71,8.65,8.18,12.24,14.06,2.59,2.82,2.12,2.53,0.33,0.29,0.41,0.56,0.48,,,0.53,0.51,0.51,0.52,0.34,0.29,0.42,0.52,0.57,,,0.52,0.54,0.53,0.53,Turkey Super Lig,2025-2026,1.57,0.86,5.69,3.31,6.88,4.0,15.69,8.81,97.75,70.69,52.0,31.38,57.31,42.69,0.6,0.4,10.94,4.75,4.75,4.25,2.5,1.81,5.94,9.69,10.56,5.69,14.44,12.81,1.62,3.56,2.13,2.27,0.56,0.25,0.22,0.52,0.52,,,0.53,0.5,0.51,0.53,0.57,0.26,0.24,0.54,0.55,,,0.55,0.51,0.53,0.53
Göztepe,1.85,1.08,5.06,4.69,7.12,4.94,14.88,11.94,94.75,85.56,44.31,38.25,38.38,61.62,0.6,0.4,10.88,6.81,4.0,5.12,1.69,1.62,7.5,9.44,10.0,6.94,17.94,9.06,2.4,3.53,2.38,2.5,0.49,0.29,0.26,0.52,0.52,0.53,0.5,0.51,0.52,0.51,0.53,0.5,0.29,0.28,0.56,0.53,0.5,0.56,0.53,0.53,0.52,0.54,Turkey Super Lig,2025-2026,1.0,1.29,5.0,3.94,5.69,5.94,13.38,13.94,96.94,92.12,49.38,39.25,62.62,37.38,0.67,0.67,8.5,8.75,4.88,5.25,1.56,1.88,9.0,8.19,9.38,9.19,9.38,17.06,3.19,3.38,2.56,2.94,0.39,0.29,0.36,0.55,0.5,0.54,0.5,0.52,0.51,0.51,0.52,0.4,0.29,0.37,0.53,0.56,0.53,0.52,0.52,0.53,0.53,0.53
Kasımpaşa,1.07,1.14,5.0,3.69,5.12,4.06,11.31,9.38,88.5,85.44,39.0,34.12,47.56,52.44,0.5,0.5,6.38,5.88,5.0,3.5,1.67,2.13,7.06,8.62,7.44,6.44,14.75,14.56,2.33,2.07,2.19,2.31,0.36,0.29,0.39,0.57,0.47,0.56,0.48,0.53,0.5,0.5,0.53,0.38,0.29,0.4,0.51,0.57,0.51,0.55,0.54,0.52,0.54,0.52,Turkey Super Lig,2025-2026,2.07,1.21,5.0,3.75,5.56,3.81,13.94,7.88,100.88,81.56,46.69,32.0,58.56,41.44,0.5,1.0,9.69,4.69,4.25,3.06,2.56,1.19,6.94,8.31,9.06,4.94,12.0,15.69,1.38,3.12,2.44,3.06,0.52,0.27,0.24,0.56,0.48,,,0.51,0.52,0.51,0.52,0.53,0.27,0.26,0.53,0.56,,,0.54,0.52,0.52,0.54
Kayserispor,0.93,2.13,5.69,4.12,5.94,4.75,13.5,12.19,85.12,82.38,46.44,38.5,49.19,50.81,0.0,1.0,7.88,8.19,5.62,4.0,2.31,1.62,8.31,9.44,9.19,8.75,12.19,12.5,2.88,3.25,2.53,1.6,0.35,0.27,0.41,0.6,0.44,,,0.49,0.54,0.53,0.5,0.37,0.27,0.43,0.47,0.6,,,0.51,0.55,0.54,0.52,Turkey Super Lig,2025-2026,2.0,0.8,4.88,4.71,6.71,4.65,16.88,11.18,97.47,82.76,47.82,36.18,55.41,44.59,1.2,0.0,10.53,6.12,6.35,5.06,1.53,2.13,6.88,9.65,11.12,8.29,13.35,13.53,3.53,4.12,1.82,2.47,0.54,0.26,0.23,0.58,0.46,,,0.53,0.5,0.53,0.51,0.55,0.26,0.25,0.49,0.59,,,0.51,0.55,0.53,0.53
Kocaelispor,1.07,0.86,4.75,3.81,5.81,4.19,12.19,9.5,95.19,86.69,38.38,30.75,50.75,49.25,0.75,0.25,7.81,4.69,4.31,4.88,3.0,0.75,7.75,8.44,9.0,5.94,15.06,14.19,2.07,2.87,2.43,2.64,0.42,0.29,0.33,0.53,0.51,0.53,0.5,0.53,0.5,0.5,0.54,0.42,0.29,0.35,0.55,0.54,0.53,0.52,0.54,0.52,0.53,0.53,Turkey Super Lig,2025-2026,1.64,0.79,4.12,3.69,5.12,3.88,13.12,8.0,91.06,81.94,42.38,34.81,51.62,48.38,0.75,0.25,7.38,4.75,5.75,3.19,1.19,1.62,6.88,8.69,8.0,5.56,14.31,14.62,1.56,2.19,2.19,2.56,0.5,0.28,0.26,0.52,0.52,0.54,0.5,0.5,0.54,0.51,0.53,0.51,0.28,0.28,0.56,0.53,0.5,0.56,0.53,0.53,0.52,0.53
Konyaspor,1.36,1.36,5.75,3.62,6.12,5.31,13.94,11.25,100.69,80.94,49.75,33.38,54.81,45.19,0.67,0.67,9.25,7.38,4.69,3.94,1.56,1.31,7.81,9.62,9.38,7.56,12.0,11.06,2.0,3.19,2.56,2.19,0.46,0.28,0.3,0.56,0.48,,,0.54,0.49,0.51,0.52,0.47,0.29,0.31,0.51,0.58,,,0.54,0.52,0.53,0.53,Turkey Super Lig,2025-2026,1.81,1.38,5.75,4.06,5.75,4.56,15.31,12.5,93.25,85.25,43.12,36.31,50.44,49.56,0.67,0.5,9.19,7.06,6.19,5.44,1.73,1.4,7.62,8.5,10.69,8.0,13.69,12.31,2.81,3.69,2.12,2.75,0.51,0.27,0.26,0.56,0.48,0.53,0.5,0.52,0.51,0.51,0.53,0.53,0.27,0.27,0.5,0.58,0.56,0.5,0.53,0.52,0.52,0.53
Rizespor,1.47,1.53,4.31,4.44,5.19,5.62,14.62,14.56,86.19,91.44,39.06,41.06,50.44,49.56,0.67,0.33,8.62,7.81,6.0,6.62,1.75,1.31,8.38,7.75,9.12,9.56,13.5,12.94,3.19,2.81,2.31,2.06,0.46,0.26,0.31,0.58,0.46,,,0.55,0.48,0.52,0.51,0.47,0.27,0.32,0.48,0.6,,,0.54,0.52,0.52,0.53,Turkey Super Lig,2025-2026,1.93,1.27,4.81,4.25,5.38,5.25,13.94,11.44,95.44,83.19,42.0,35.94,50.19,49.81,0.83,0.17,8.81,6.38,5.12,5.06,1.27,1.6,7.38,8.25,9.81,7.75,13.0,13.88,2.25,3.38,1.73,2.8,0.48,0.27,0.29,0.58,0.46,,,0.52,0.51,0.52,0.51,0.49,0.27,0.3,0.49,0.59,,,0.51,0.55,0.53,0.53
Samsunspor,1.69,1.31,5.76,3.35,5.82,4.65,14.24,10.53,101.0,84.53,43.76,31.59,57.47,42.53,0.5,0.75,9.35,5.76,4.82,4.76,2.41,1.24,6.29,8.59,8.94,6.88,14.59,12.35,2.06,3.29,2.0,2.0,0.45,0.28,0.3,0.54,0.49,0.48,0.55,0.54,0.5,0.52,0.51,0.47,0.29,0.31,0.51,0.57,0.5,0.56,0.53,0.53,0.53,0.53,Turkey Super Lig,2025-2026,1.75,1.5,5.19,5.88,6.69,4.75,14.31,12.0,92.31,85.75,39.19,40.25,49.5,50.5,0.75,0.25,9.0,7.38,5.25,4.62,1.0,1.67,8.31,9.31,9.25,7.62,11.69,14.81,2.53,2.53,2.06,2.75,0.44,0.28,0.31,0.55,0.49,0.53,0.5,0.53,0.5,0.52,0.52,0.44,0.29,0.33,0.52,0.56,0.53,0.52,0.52,0.54,0.53,0.53
Trabzonspor,1.62,1.06,4.62,4.94,6.69,5.81,16.12,12.81,98.31,80.62,48.12,37.19,55.44,44.56,1.0,0.0,9.94,7.81,6.19,5.0,2.0,1.69,7.94,9.56,10.75,8.62,12.69,13.94,2.44,3.56,1.94,2.75,0.53,0.26,0.25,0.58,0.46,,,,,0.53,0.5,0.54,0.26,0.27,0.48,0.6,,,,,0.53,0.53,Turkey Super Lig,2025-2026,1.33,2.0,5.12,4.62,6.75,5.5,14.81,14.0,85.44,89.44,45.69,35.19,45.94,54.06,0.38,0.88,9.44,8.56,5.38,5.44,2.31,1.62,8.5,9.56,9.56,9.25,13.94,11.25,3.47,2.93,2.5,1.44,0.39,0.27,0.38,0.58,0.45,,,0.55,0.49,0.52,0.51,0.4,0.28,0.39,0.48,0.6,,,0.56,0.5,0.53,0.53
İstanbul Başakşehir,2.21,1.21,4.38,4.38,5.25,5.06,13.44,12.5,91.62,73.19,44.44,33.5,54.12,45.88,1.0,0.33,9.94,7.12,3.44,5.38,1.27,2.6,8.0,8.56,8.94,8.88,14.5,12.5,3.44,3.25,2.19,2.5,0.5,0.26,0.27,0.58,0.46,,,0.55,0.48,0.52,0.51,0.52,0.26,0.28,0.49,0.59,,,0.5,0.56,0.54,0.52,Turkey Super Lig,2025-2026,1.21,1.64,5.81,5.44,4.56,5.56,12.81,13.69,76.25,98.31,38.56,43.06,44.81,55.19,0.5,0.5,8.69,8.94,4.12,4.75,2.44,1.44,8.62,7.62,8.0,9.5,13.25,11.75,3.19,3.0,2.0,2.07,0.4,0.27,0.37,0.59,0.45,,,0.55,0.48,0.52,0.52,0.41,0.27,0.38,0.47,0.61,,,0.51,0.55,0.52,0.53
AEK Athens,1.8,0.47,5.47,2.2,6.53,4.27,16.4,8.53,95.2,87.73,57.4,32.13,56.87,43.13,0.83,0.17,11.93,4.67,4.47,3.87,2.0,1.0,6.27,8.4,10.53,6.4,15.8,14.13,2.33,3.67,2.47,2.6,0.68,0.21,0.15,0.45,0.6,,,0.54,0.5,0.52,0.52,0.69,0.22,0.16,0.59,0.48,,,0.54,0.52,0.53,0.52,Greece Super Liga,2025-2026,0.93,1.86,4.0,5.56,4.44,4.88,9.88,13.69,80.19,94.88,37.19,54.5,42.25,57.75,0.83,0.67,5.69,9.38,4.12,4.25,1.38,2.25,8.0,6.81,7.19,9.38,13.62,15.75,2.56,2.44,2.94,2.88,0.25,0.25,0.54,0.48,0.57,0.56,0.48,0.53,0.51,0.51,0.53,0.26,0.25,0.55,0.57,0.5,,,0.53,0.53,0.53,0.53
Aris,1.64,1.18,5.67,3.8,5.4,4.6,16.13,10.33,93.47,80.87,49.93,34.4,51.47,48.53,1.0,0.5,9.27,6.07,6.87,4.2,2.73,1.13,6.73,7.6,10.33,7.33,14.13,14.8,2.4,3.93,2.67,3.93,0.5,0.27,0.27,0.48,0.56,0.53,0.5,0.53,0.51,0.51,0.53,0.51,0.27,0.28,0.58,0.49,0.54,0.52,0.54,0.52,0.53,0.53,Greece Super Liga,2025-2026,1.2,1.0,4.31,4.44,4.75,5.38,11.31,11.06,89.62,88.56,40.56,38.56,49.94,50.06,0.67,0.33,7.75,6.5,3.62,4.5,1.33,2.27,8.31,6.5,7.38,8.06,13.38,16.25,2.44,2.56,2.0,2.19,0.39,0.29,0.36,0.46,0.58,0.53,0.5,0.51,0.53,0.52,0.52,0.39,0.29,0.37,0.58,0.49,0.54,0.52,0.53,0.53,0.52,0.53
Asteras Tripolis,1.56,1.31,5.35,4.24,4.82,4.18,10.65,11.41,87.18,88.71,40.59,42.0,46.59,53.41,0.29,1.0,6.94,7.24,3.71,4.18,2.19,2.12,8.12,8.12,8.41,8.18,12.76,14.41,2.82,2.29,2.82,2.94,0.4,0.28,0.35,0.49,0.55,0.54,0.5,0.51,0.53,0.51,0.54,0.41,0.28,0.36,0.57,0.5,0.52,0.53,0.52,0.53,0.52,0.54,Greece Super Liga,2025-2026,1.92,0.62,5.47,4.18,6.06,3.59,14.82,8.82,94.06,75.71,47.82,32.76,56.88,43.12,0.67,0.33,8.41,4.82,6.29,3.94,1.76,2.06,6.29,8.71,10.24,6.12,14.94,14.41,2.35,3.06,2.06,2.88,0.53,0.28,0.23,0.48,0.57,0.54,0.49,0.51,0.52,0.52,0.52,0.53,0.28,0.25,0.58,0.49,0.51,0.54,0.52,0.54,0.55,0.51
Atromitos,1.29,1.57,3.62,4.81,4.94,3.31,11.94,10.19,93.75,86.81,46.69,46.12,55.31,44.69,0.83,0.17,6.75,6.88,5.25,3.31,1.69,2.25,5.75,7.31,7.81,7.88,14.44,15.81,2.94,2.38,2.31,2.62,0.38,0.29,0.37,0.49,0.56,0.55,0.49,0.51,0.52,0.51,0.54,0.39,0.28,0.39,0.57,0.5,0.54,0.52,0.51,0.54,0.53,0.53,Greece Super Liga,2025-2026,1.27,1.47,3.88,4.88,5.47,4.35,13.06,9.76,96.41,80.65,46.59,37.59,49.35,50.65,1.0,0.2,8.76,6.12,4.29,3.65,2.12,1.25,5.71,8.29,7.94,6.88,14.0,16.47,1.94,2.82,1.82,2.76,0.49,0.29,0.27,0.48,0.56,0.54,0.5,0.52,0.53,0.53,0.51,0.49,0.28,0.28,0.57,0.5,0.53,0.53,0.53,0.53,0.54,0.52
Kifisia,1.31,1.77,3.94,4.06,6.38,3.88,14.44,9.38,91.31,81.31,44.94,41.94,49.75,50.25,0.33,1.17,8.0,5.75,6.38,3.5,1.12,2.62,6.56,9.62,10.81,7.69,16.19,15.81,2.12,4.06,2.62,2.69,0.38,0.28,0.38,0.5,0.54,0.55,0.49,0.52,0.52,0.51,0.53,0.39,0.28,0.4,0.56,0.51,0.53,0.53,0.52,0.54,0.52,0.53,Greece Super Liga,2025-2026,1.67,1.2,6.24,4.12,6.29,4.88,14.59,12.24,86.53,81.82,47.41,36.71,53.35,46.65,0.67,0.5,9.0,6.88,5.59,5.41,2.87,1.53,7.06,9.18,9.41,8.41,13.18,18.47,3.47,3.29,2.53,4.41,0.49,0.29,0.27,0.49,0.55,0.53,0.51,0.51,0.52,0.5,0.55,0.5,0.28,0.28,0.57,0.51,0.52,0.53,0.52,0.54,0.51,0.55
Larissa,1.0,1.62,4.53,4.29,5.41,4.47,12.59,11.71,90.24,80.71,39.59,34.88,50.35,49.65,0.6,0.6,7.0,7.06,5.59,4.65,2.53,1.65,6.53,7.82,8.71,7.94,15.59,16.12,2.76,3.0,3.29,3.24,0.36,0.3,0.39,0.47,0.57,0.54,0.5,0.5,0.54,0.52,0.52,0.37,0.3,0.4,0.58,0.49,0.53,0.53,0.52,0.54,0.53,0.52,Greece Super Liga,2025-2026,1.53,1.0,5.62,2.75,6.75,4.38,15.75,10.12,105.69,81.62,57.38,32.88,58.5,41.5,0.75,0.38,10.0,5.5,5.75,4.62,1.6,2.2,6.44,10.44,9.88,7.25,12.69,14.38,2.69,3.31,2.12,3.0,0.58,0.26,0.2,0.47,0.58,0.54,0.49,0.5,0.54,0.5,0.54,0.59,0.27,0.21,0.59,0.48,0.52,0.54,0.52,0.54,0.54,0.52
Levadiakos,2.73,1.33,4.25,4.12,4.12,4.94,12.94,11.75,95.88,79.69,42.19,41.88,58.75,41.25,1.43,0.29,8.44,7.38,4.5,4.38,2.07,1.2,6.81,6.62,9.44,8.25,13.0,17.56,2.31,2.81,1.81,3.25,0.48,0.27,0.29,0.51,0.54,0.56,0.48,0.52,0.52,0.51,0.52,0.49,0.27,0.3,0.55,0.52,0.53,0.53,0.53,0.53,0.53,0.53,Greece Super Liga,2025-2026,1.57,1.57,5.0,4.5,4.86,3.57,13.86,9.86,92.5,88.57,48.86,40.5,46.43,53.57,0.0,1.0,8.36,6.21,5.5,3.64,0.93,1.64,6.0,6.57,8.21,7.07,16.36,12.64,2.21,2.57,2.64,2.71,0.4,0.27,0.37,0.5,0.54,0.55,0.48,0.54,0.5,0.51,0.54,0.41,0.27,0.38,0.55,0.52,0.56,0.5,0.52,0.54,0.53,0.53
OFI,1.57,1.29,3.0,4.71,4.71,5.64,10.64,13.79,76.93,99.07,28.14,51.36,45.86,54.14,0.67,0.5,6.14,7.5,4.5,6.29,1.86,2.5,10.07,7.07,6.79,9.93,14.36,15.57,3.57,1.64,2.07,2.79,0.35,0.28,0.41,0.53,0.51,,,0.54,0.5,0.5,0.54,0.36,0.28,0.43,0.53,0.54,,,0.52,0.54,0.52,0.54,Greece Super Liga,2025-2026,2.19,1.12,5.88,2.81,6.69,3.12,18.12,8.81,101.38,68.06,57.0,26.94,56.06,43.94,1.0,0.25,11.31,5.5,6.81,3.31,3.0,1.12,5.38,9.38,12.0,6.44,15.44,12.5,2.31,4.38,2.38,3.19,0.58,0.25,0.21,0.5,0.54,0.56,0.48,0.53,0.51,0.51,0.53,0.59,0.25,0.23,0.55,0.52,0.56,0.5,0.54,0.52,0.51,0.55
Olympiacos F.C.,1.85,0.54,8.2,2.13,9.67,2.0,20.8,5.53,135.13,68.2,75.6,22.8,62.73,37.27,0.8,0.2,14.07,3.27,6.73,2.27,2.14,2.5,4.4,11.6,12.33,3.33,11.53,12.53,1.2,4.0,0.93,2.86,0.76,0.18,0.1,0.42,0.64,0.56,0.47,0.53,0.52,0.52,0.52,0.76,0.19,0.11,0.63,0.45,,,0.52,0.54,0.53,0.52,Greece Super Liga,2025-2026,0.71,1.79,2.0,5.31,2.81,5.44,7.19,14.88,71.0,125.0,26.88,61.81,42.5,57.5,0.2,1.0,4.44,10.06,2.81,4.75,2.12,2.06,10.25,4.31,4.94,10.69,11.81,14.5,3.94,2.19,2.87,2.2,0.18,0.24,0.63,0.44,0.6,0.54,0.5,0.52,0.52,0.51,0.52,0.19,0.25,0.62,0.59,0.48,0.54,0.52,0.55,0.51,0.53,0.52
PAOK,2.38,0.38,6.44,2.81,5.38,2.94,14.69,6.5,107.31,71.62,58.81,28.44,60.81,39.19,1.0,0.0,10.0,4.19,4.69,2.31,2.12,2.06,4.81,8.75,10.0,4.69,11.81,12.56,1.56,3.56,1.73,2.8,0.68,0.22,0.16,0.45,0.6,0.55,0.49,0.52,0.52,0.52,0.53,0.68,0.22,0.16,0.6,0.47,0.55,0.5,0.53,0.52,0.54,0.52,Greece Super Liga,2025-2026,1.46,2.08,4.4,4.33,4.73,4.87,11.27,11.87,83.67,98.67,39.67,50.27,41.73,58.27,0.25,1.25,7.4,7.73,3.87,4.13,2.27,2.4,7.67,7.0,8.27,8.47,13.2,12.33,2.07,2.53,2.5,2.14,0.26,0.25,0.54,0.5,0.55,0.55,0.48,0.53,0.51,0.52,0.52,0.27,0.25,0.55,0.56,0.52,0.53,0.53,0.52,0.53,0.52,0.53
Panaitolikos,1.19,1.81,4.53,4.24,4.18,4.88,10.0,12.82,89.71,84.76,40.0,45.29,49.76,50.24,0.8,0.6,5.88,7.53,4.12,5.29,1.24,1.06,8.12,7.12,6.18,8.88,11.71,13.41,2.94,1.81,2.53,2.4,0.3,0.29,0.45,0.48,0.56,0.55,0.49,0.51,0.54,0.51,0.53,0.31,0.29,0.46,0.58,0.49,0.54,0.52,0.53,0.53,0.52,0.53,Greece Super Liga,2025-2026,1.31,1.15,4.81,2.81,5.88,3.75,14.62,8.56,105.25,76.62,57.25,33.69,58.5,41.5,0.67,0.67,9.19,5.75,5.44,2.81,1.94,1.56,6.06,9.12,9.75,6.0,13.81,14.5,2.19,3.75,2.5,2.56,0.56,0.28,0.21,0.46,0.58,0.55,0.49,0.52,0.52,0.49,0.54,0.58,0.27,0.21,0.6,0.47,0.55,0.51,0.52,0.54,0.51,0.55
Panathinaikos,1.93,1.0,4.88,3.44,4.75,3.69,14.0,8.25,97.5,86.25,58.56,40.81,52.62,47.38,1.25,0.75,9.19,5.19,4.81,3.06,1.25,2.0,5.75,7.81,9.69,5.5,14.5,15.31,1.56,3.81,2.25,3.44,0.56,0.24,0.24,0.46,0.59,0.53,0.52,0.52,0.52,0.51,0.53,0.55,0.25,0.25,0.59,0.48,0.53,0.53,0.54,0.52,0.54,0.52,Greece Super Liga,2025-2026,1.46,1.38,3.13,3.67,4.73,4.33,11.13,11.13,89.4,98.33,39.27,46.73,47.07,52.93,0.5,0.83,8.27,7.33,2.87,3.8,1.64,2.64,7.2,6.67,7.47,7.33,14.8,14.53,2.73,2.4,2.33,2.2,0.37,0.26,0.43,0.48,0.57,0.55,0.49,0.52,0.51,0.51,0.53,0.37,0.26,0.43,0.59,0.49,0.52,0.54,0.53,0.53,0.53,0.53
Panserraikos,0.6,2.07,3.47,4.76,5.24,4.94,10.29,12.76,79.65,99.71,35.94,45.94,41.94,58.06,0.33,0.67,6.35,8.0,3.94,4.76,2.47,2.41,7.24,6.71,6.82,9.0,13.47,13.76,2.88,1.94,2.75,2.62,0.26,0.28,0.51,0.48,0.57,0.53,0.5,0.51,0.54,0.5,0.56,0.27,0.28,0.51,0.58,0.5,0.54,0.52,0.53,0.53,0.52,0.54,Greece Super Liga,2025-2026,2.19,0.88,7.24,1.82,6.59,2.0,16.88,6.0,113.44,59.62,60.62,28.31,67.12,32.88,1.0,0.25,9.88,3.35,7.0,2.59,1.94,2.06,4.82,9.88,11.88,4.29,12.65,13.65,1.47,3.71,2.4,3.33,0.67,0.23,0.14,0.45,0.6,0.54,0.5,0.5,0.54,0.51,0.53,0.68,0.23,0.15,0.61,0.46,0.54,0.52,0.53,0.53,0.53,0.53
Volos NFC,1.0,1.44,4.62,4.5,4.62,4.94,11.75,13.44,77.0,99.0,36.27,47.47,45.19,54.81,0.5,0.5,8.0,8.81,3.69,4.56,1.38,1.81,8.38,7.44,7.0,8.19,14.62,15.12,3.69,2.62,3.0,1.88,0.34,0.28,0.42,0.49,0.55,0.54,0.49,0.52,0.52,0.52,0.52,0.35,0.28,0.43,0.56,0.51,0.54,0.52,0.52,0.53,0.52,0.54,Greece Super Liga,2025-2026,2.0,1.07,5.53,3.27,5.4,4.27,13.07,10.4,99.4,78.47,45.73,36.47,54.27,45.73,1.4,0.2,8.47,5.13,4.6,5.27,1.67,1.47,6.47,8.33,9.4,7.33,14.27,15.93,2.79,2.14,2.64,3.43,0.58,0.26,0.2,0.49,0.56,0.55,0.49,0.52,0.52,0.51,0.53,0.58,0.26,0.21,0.57,0.51,0.55,0.51,0.52,0.54,0.53,0.52
AGF,2.17,1.0,6.53,2.93,7.33,3.47,18.67,9.87,114.27,77.2,79.2,38.8,60.27,39.73,1.25,0.0,12.13,6.4,6.73,3.33,1.67,0.93,5.4,11.0,13.4,6.87,10.47,13.47,2.73,4.73,1.33,2.53,0.55,0.25,0.24,0.6,0.44,,,,,0.54,0.49,0.56,0.25,0.25,0.46,0.61,,,,,0.55,0.51,Denmark Superliga,2025-2026,1.13,2.0,4.6,4.6,5.0,4.53,12.27,12.93,101.07,86.27,52.67,44.8,52.67,47.33,0.4,0.6,8.73,8.53,3.53,4.4,1.33,1.87,7.2,7.47,8.67,8.73,12.87,11.53,2.93,3.2,2.07,1.79,0.33,0.26,0.44,0.62,0.43,,,0.54,0.5,0.53,0.5,0.34,0.27,0.45,0.46,0.61,,,0.54,0.51,0.54,0.52
Brøndby IF,1.93,1.43,3.67,4.47,5.07,4.27,14.47,11.53,100.4,88.27,59.27,42.4,52.47,47.53,0.75,0.75,10.6,8.07,3.93,3.4,1.5,0.64,6.73,8.13,9.13,7.53,13.0,12.93,3.0,3.4,1.53,2.13,0.48,0.25,0.3,0.61,0.43,,,,,0.54,0.49,0.49,0.26,0.32,0.45,0.62,,,,,0.55,0.5,Denmark Superliga,2025-2026,1.15,1.23,4.94,4.12,4.62,5.44,12.5,13.56,89.62,90.12,44.19,50.81,48.81,51.19,1.0,0.0,7.31,7.94,5.19,5.5,1.44,1.62,9.0,6.5,9.33,8.53,12.31,10.81,3.19,3.94,2.19,2.19,0.38,0.26,0.39,0.61,0.43,,,,,0.54,0.49,0.39,0.27,0.4,0.45,0.63,,,,,0.54,0.52
FC København,2.2,1.27,6.56,4.44,7.25,3.44,19.94,9.19,120.81,79.62,68.19,39.31,55.62,44.38,0.75,0.38,13.19,5.69,6.62,3.5,2.12,1.0,6.19,10.19,12.44,6.06,11.31,9.25,2.0,3.94,1.4,1.6,0.67,0.21,0.16,0.57,0.47,,,,,0.53,0.5,0.68,0.22,0.17,0.49,0.58,,,,,0.54,0.52,Denmark Superliga,2025-2026,1.53,2.13,4.4,4.8,3.13,6.07,9.87,15.07,82.0,121.73,35.2,54.27,45.93,54.07,0.6,0.6,6.67,10.0,3.2,5.0,1.27,1.47,8.33,6.6,7.0,9.67,10.53,12.13,3.2,3.0,1.43,1.71,0.23,0.24,0.56,0.59,0.45,,,,,0.54,0.5,0.24,0.25,0.57,0.47,0.6,,,,,0.55,0.51
FC Midtjylland,2.87,1.6,6.19,3.25,5.5,3.88,15.19,11.0,104.81,78.31,52.56,36.5,57.5,42.5,0.33,1.0,10.5,6.81,4.56,4.12,2.0,1.25,6.25,8.69,10.38,7.0,13.12,14.62,2.31,3.75,1.94,2.19,0.61,0.22,0.2,0.64,0.4,,,,,0.54,0.49,0.62,0.23,0.21,0.44,0.64,,,,,0.55,0.51,Denmark Superliga,2025-2026,1.0,2.09,5.5,4.43,5.0,5.0,14.07,13.0,91.86,93.93,54.79,40.64,51.29,48.71,0.75,0.5,9.43,8.14,4.71,4.79,2.21,2.0,6.86,8.0,9.43,8.21,12.14,12.36,2.79,4.21,1.57,2.79,0.29,0.25,0.49,0.64,0.4,,,,,0.54,0.49,0.3,0.26,0.51,0.43,0.64,,,,,0.54,0.52
Fredericia,1.25,2.06,5.75,5.81,5.31,5.75,13.94,16.38,89.88,99.94,48.5,57.88,47.38,52.62,0.0,1.0,9.75,10.31,4.12,6.0,2.19,1.06,8.88,8.31,9.31,11.0,10.38,10.88,3.62,3.31,1.67,1.33,0.29,0.24,0.51,0.63,0.41,,,,,0.54,0.5,0.3,0.25,0.52,0.42,0.65,,,,,0.55,0.51,Denmark Superliga,2025-2026,2.29,1.5,6.86,3.57,7.07,3.71,19.5,10.14,119.71,82.29,88.0,48.21,59.57,40.43,1.0,0.25,13.21,6.86,6.93,3.36,0.93,1.5,6.29,10.07,12.29,6.64,8.64,10.21,2.14,4.14,1.17,1.33,0.62,0.22,0.21,0.61,0.43,,,,,0.54,0.49,0.62,0.22,0.22,0.45,0.63,,,,,0.51,0.54
Nordsjælland,1.92,1.0,6.07,2.43,5.64,4.64,15.29,10.14,112.71,78.57,62.57,36.21,60.14,39.86,0.5,0.5,10.21,6.07,5.07,4.07,1.31,2.15,6.5,7.79,11.0,6.86,10.29,9.0,2.57,4.64,1.79,2.0,0.45,0.25,0.33,0.67,0.37,,,,,,,0.46,0.26,0.34,0.41,0.67,,,,,,,Denmark Superliga,2025-2026,1.81,1.38,4.44,3.62,5.31,3.56,14.44,11.62,88.75,102.56,53.31,44.44,45.88,54.12,1.0,0.33,9.88,7.56,4.5,4.19,2.07,1.27,6.69,8.0,9.5,6.19,12.12,11.56,3.06,3.69,1.75,1.94,0.44,0.26,0.34,0.64,0.4,,,,,,,0.45,0.26,0.36,0.41,0.66,,,,,0.56,0.5
Odense BK,1.73,1.87,6.2,4.27,4.47,3.87,12.53,11.2,111.4,95.67,57.0,38.8,53.07,46.93,0.6,0.4,8.6,7.73,3.87,3.4,1.6,1.73,5.8,8.47,9.2,6.6,11.53,10.13,2.47,3.73,1.46,1.54,0.45,0.25,0.34,0.65,0.39,,,,,0.54,0.49,0.45,0.27,0.35,0.43,0.65,,,,,0.56,0.5,Denmark Superliga,2025-2026,2.0,1.53,5.81,4.81,5.12,4.75,14.62,11.44,102.12,86.19,69.5,46.19,50.06,49.94,0.5,0.5,10.0,7.81,4.5,3.56,2.88,1.56,7.19,7.56,8.81,7.69,9.44,11.25,2.75,2.94,1.13,1.67,0.46,0.25,0.32,0.62,0.41,,,,,0.53,0.5,0.48,0.26,0.33,0.44,0.63,,,,,,
Randers FC,1.17,1.58,4.71,4.07,4.43,4.29,11.93,13.0,102.64,106.0,50.93,45.43,48.0,52.0,1.0,0.0,8.5,7.0,3.43,6.0,2.57,1.07,7.64,7.5,7.93,8.43,10.21,10.79,3.57,3.57,1.43,1.43,0.41,0.26,0.36,0.62,0.43,,,,,0.54,0.5,0.43,0.27,0.37,0.46,0.61,,,,,0.54,0.52,Denmark Superliga,2025-2026,1.71,1.14,4.81,5.31,4.19,4.62,11.88,12.06,99.06,88.62,50.62,44.94,52.25,47.75,1.0,0.25,7.56,8.69,4.31,3.5,1.87,1.6,7.75,7.69,8.38,8.38,10.88,12.12,3.0,2.94,1.6,2.13,0.44,0.27,0.33,0.62,0.42,,,,,0.54,0.5,0.45,0.28,0.35,0.45,0.63,,,,,0.54,0.51
Silkeborg IF,1.29,1.57,4.93,4.93,3.8,6.0,12.73,14.6,93.8,111.67,46.73,50.93,52.13,47.87,1.0,0.33,7.87,9.67,4.87,4.93,1.53,2.0,9.33,5.8,7.87,10.2,7.07,11.13,4.27,3.8,1.14,1.64,0.36,0.26,0.41,0.64,0.4,,,,,0.54,0.5,0.37,0.27,0.43,0.42,0.65,,,,,0.52,0.53,Denmark Superliga,2025-2026,2.56,1.44,5.75,3.62,6.38,3.44,17.38,10.44,126.06,82.5,60.44,32.19,53.75,46.25,0.57,0.43,12.19,6.06,5.12,4.38,2.2,0.47,5.62,9.31,12.38,7.12,10.75,7.12,2.81,4.94,1.67,1.0,0.55,0.24,0.25,0.64,0.4,,,,,,,0.56,0.25,0.26,0.43,0.64,,,,,,
Sønderjyske Fodbold,1.6,1.2,4.13,5.8,4.53,5.67,13.13,14.33,84.6,104.47,45.87,52.07,44.33,55.67,1.0,0.0,8.87,9.93,4.27,4.6,1.93,1.8,8.93,8.53,7.87,7.93,10.73,10.33,2.47,2.6,1.64,2.21,0.34,0.26,0.44,0.62,0.42,,,0.54,0.5,0.53,0.51,0.34,0.27,0.46,0.45,0.62,,,0.54,0.51,0.54,0.52,Denmark Superliga,2025-2026,2.07,1.36,6.4,3.87,6.47,3.73,16.07,10.93,116.13,87.4,55.87,39.87,56.27,43.73,0.67,0.67,10.6,7.67,5.33,3.2,2.33,1.27,7.53,10.07,10.8,7.33,9.8,11.93,2.73,3.4,1.2,1.6,0.56,0.24,0.24,0.64,0.4,,,,,0.54,0.5,0.57,0.25,0.25,0.43,0.64,,,,,0.52,0.54
Vejle Boldklub,1.38,1.62,3.88,5.44,4.62,3.94,11.88,11.5,96.81,103.62,58.75,50.69,46.38,53.62,0.75,0.25,7.69,8.19,4.19,3.38,1.75,1.56,7.5,7.62,7.88,7.44,13.25,9.56,2.94,3.0,1.94,1.5,0.31,0.26,0.46,0.61,0.43,,,,,0.53,0.5,0.32,0.27,0.47,0.46,0.62,,,,,0.53,0.53,Denmark Superliga,2025-2026,2.07,0.73,5.6,4.27,5.53,3.2,15.6,9.93,105.67,89.8,57.4,41.67,56.53,43.47,0.8,0.2,11.47,5.8,4.13,4.13,1.47,1.13,6.47,9.33,10.6,5.53,9.2,11.73,2.13,3.67,1.2,2.0,0.58,0.24,0.23,0.59,0.45,,,,,0.54,0.5,0.58,0.25,0.24,0.47,0.6,,,,,0.54,0.51
Viborg FF,1.73,1.53,4.75,3.69,5.0,4.5,11.88,12.81,92.69,87.94,45.12,45.5,48.38,51.62,0.5,0.75,8.06,8.62,4.25,4.31,1.47,1.67,7.56,7.12,9.27,7.67,9.62,12.5,2.62,2.75,1.47,1.87,0.42,0.26,0.36,0.62,0.42,,,,,0.54,0.5,0.43,0.27,0.36,0.44,0.64,,,,,0.56,0.5,Denmark Superliga,2025-2026,1.57,1.5,4.47,4.67,5.4,5.6,13.93,14.53,102.47,99.27,54.33,47.73,53.13,46.87,0.0,2.0,9.33,9.67,4.67,4.93,1.67,1.07,7.73,8.93,8.73,9.67,12.47,12.27,3.67,3.07,1.73,1.8,0.46,0.26,0.31,0.63,0.41,,,,,0.53,0.5,0.48,0.26,0.32,0.43,0.64,,,,,0.55,0.5
